-3.68159994487315,5.62879805368221,0.856371832991592,-0.224932959375608,-0.326066918414504,0.163853093158441,0.0792156892335234
-5.45935018717317,4.89847752892122,0.0713860742165252,-0.31848987912986,-0.449791458567078,0.681818016394681,0.778984937938833
-4.13656825120847,6.5073726103099,0.646001432133065,0.819389309560848,-0.548453697558937,-1.05210133235588,-0.163429197900428
-5.56162594748112,4.52694673406405,-0.288969824761823,2.73324302383458,-0.492176245464702,1.80970307390493,1.19768136033516
-5.79054826120085,4.3157925888534,-0.348986977687802,-1.75969050184789,-0.567973262707977,-0.845902797147015,0.626118104161875
-4.88420868495782,4.87500546540198,-0.161296370560254,0.221276069798469,0.21317881172972,-1.44095907288958,-1.17208587313729
-6.32625676867893,4.54447812695143,-0.107358408001728,1.4047939073106,-0.369687824527445,1.73633127124168,0.4842708424041
-6.05532390354277,3.442217825526,1.2003178671558,1.65454745198611,0.787289856507299,-1.19160549706893,-0.126228307597657
-5.09788844570091,4.99505825044995,-1.02632728091415,0.552756609497398,-0.0755324778088324,0.603346214022913,0.340461978328768
-6.29952161364116,3.19139025614185,0.083432767373921,0.547341712384446,-0.531611662656194,0.0380897126746445,0.829028264142535
-3.72379052130636,5.92352580331448,0.406458855412515,-0.0204926731067075,-0.576457685941998,-0.939965513042546,-0.991962772433247
-4.94020499159648,4.44117710688944,-1.58927847853282,1.76018094719766,-0.30646596414973,0.410834823012339,-1.03429792366331
-3.76232028807493,6.07951646681453,-1.02565932949226,1.48535801166198,1.58514699299086,-0.137862941459987,1.77017768893706
-7.54267263516035,2.93461104826914,0.276228878490167,2.01901378440414,0.0317343512272318,0.888385436794019,-0.696539777828869
-4.39328071924748,5.17142960778255,2.15298009751623,1.19349138701436,0.534391786821088,-0.8488800652804,1.87837768692736
-6.04504523987521,4.45633512407682,1.54733298003668,-0.839223214372158,-3.5859402170091,-0.00911428337627007,0.231810759155708
-5.08979064553914,4.19921858736801,-0.910750352207676,0.759895774592778,-1.02516685499393,-0.544710731783831,0.509074314066849
-4.76919276395045,5.33895775703805,-1.9083989878945,0.182096815281692,1.49454915497095,-0.708582275544674,-0.00861420330655092
-5.90326582775027,4.09443812194044,0.603307842292022,-0.974257379529071,-0.742030480549347,-1.64713973703793,1.4682335962278
-4.64932301506537,5.32700338979921,-0.799717171191003,0.576989007094068,-0.210098415325913,-0.248906286024645,-0.840405591867565
-5.40580886075485,5.30039956894513,0.964165467035364,-1.07263554974994,1.02190107549262,-0.282982009554311,0.729387236714505
-3.78624558842833,5.71820289918328,-0.370552543364242,-1.32886727858572,0.78987816373148,0.39958057362801,-0.666751730871624
-6.06016094760287,3.66558975601413,-1.13008882447239,0.498096910479677,0.63797182063517,0.744598905849576,1.09432701893397
-4.25890721667803,5.93082423160728,1.50037922645551,0.191130954851287,-0.761593712763626,0.0964089606080602,2.6068397969098
-5.32402766587354,4.93260337276904,0.798558598049903,0.242419668023103,0.0657119620865123,-0.503479321518754,-0.775628335623315
-6.44904363893995,3.83535184929905,-0.208453594058616,1.86293308571729,-0.373780011162413,1.32334770168466,0.174079770371118
-6.31364493318217,4.16576676132309,-0.386703846482908,-0.401614853200359,0.53690528448323,1.16074132311167,-1.75742913784082
-5.80797344110548,5.07081563732749,-0.181205808247419,-0.23413463396255,-0.79575252841815,1.17935000256978,0.353803817184384
-5.77563438770053,3.4325068176362,2.34016897817973,1.49160646236158,0.619002195202904,0.122019089024715,1.44963580636684
-6.23403799085201,4.73672136128988,1.40497505748938,-0.799557734845927,-0.140911094262734,0.109599917853038,-1.02256302763575
-5.43453875556491,4.22949386344216,0.323009216538578,-0.645951123217889,0.252626894522722,1.63788394796434,0.996839620557598
-5.27628498205726,5.18570864683266,-0.579342268574679,1.02995429830127,-1.31070952405124,1.69625751104714,-0.645267558908702
-4.14845192734131,5.39717145290024,-0.695958545516243,0.686685995316294,0.132889115161896,1.72634569460993,1.13999813134514
-3.10413068974906,6.71366542238802,-1.1899372339178,-0.181449193806533,2.44039559176695,1.20769552214745,1.48335920166401
-4.78752664404599,6.16835502907327,0.687274584887378,0.694859252473091,1.94886081868285,0.548264091365333,0.00194515852575542
-5.30254889713328,4.97240056448701,-1.69886820749218,-1.01648991284202,1.2310321807579,-0.271466569042971,-1.4462670857003
-5.24831334583659,4.16653207434271,-0.291210346047167,-0.530227068955266,0.737072121587848,-0.629206663170982,-2.50359524834003
-5.70114241579218,3.88886472251522,-0.679138744092975,-0.359579972148645,-0.0457389360278053,0.802147830076655,0.321262921310129
-4.51498500221537,5.75667708769192,-0.422843112735446,-1.18335061762928,-0.989228985287506,1.43955706814572,0.419571257614986
-5.3543274022654,3.93104626163386,0.761284665881016,-0.791155727335589,0.407054051967511,-1.64830513669926,-0.231561794545472
-6.14441630276456,4.3552121329764,-0.559198977026587,-0.108641344047964,1.4436081938876,0.172849465184995,-0.589493343397631
-4.86306086695504,5.53831189160503,-1.21598822356081,-0.974437060314164,-2.3190503517218,1.51304914207607,-1.23962937116433
-5.95794689485519,4.57798804228082,0.270570315173734,0.753119518349205,-0.377065229244731,-0.756295267001367,-0.459553569595775
-4.35824128935088,5.96923223258375,1.0060904272075,-1.12551872411898,0.0227911608462582,-1.48906742247567,-0.453687559411345
-5.77786144289359,4.58528761212689,-0.480039975674931,-0.661057372457215,-0.85871014785779,-0.0516120405696638,0.0271736180991501
-4.24453351818028,5.2626029217891,-0.66807408804837,0.283629677091879,0.0893923163878579,-0.715498915172663,-0.388643955691981
-5.85407799951377,3.59869598933469,1.25927619303741,-0.171516544383397,-0.0632421870841573,0.180729315457531,-0.556250556299621
-3.81820754045327,6.03357298977556,-0.510441779361531,-0.352293485861697,-1.2203545920269,1.60216018123234,-0.192931921930202
-5.12697084100958,4.45267633798146,0.417862432685415,-1.56309849626326,0.455005378416145,-0.398370187608806,1.4605407014183
-4.79038756134345,4.70908258886087,-1.03654908454244,-1.1157535281423,-0.442880644406829,2.52052621371563,0.15057761471574
-4.98946075491412,5.05331311137428,-0.138893063623997,1.38858020387014,-1.4768524210999,-0.123731359830097,-1.23736445219149
-6.58561436969772,3.33295884258747,-0.101862088936766,-1.0762782968278,-0.059768229636392,-0.258264114710085,-1.46956338877187
-5.24204243021084,5.00633679744737,1.31872812218427,-0.771256532062255,-0.0664640443757174,-0.278129119981687,2.40810181994867
-4.13351763449799,6.65561291164847,-1.27309602605874,-0.454695489781098,-0.745895859067944,-0.512136550519455,0.0278435019718968
-3.97295141759595,6.24057487098836,0.300662618454656,-0.17856865687314,0.828487725956028,-1.10277589473564,0.624775236208071
-5.24688369840283,4.27368770397408,-0.894315027750506,1.77341183781689,-1.19615398922549,1.36868440179043,0.261797889609309
-4.13156957542624,6.14893497374611,-0.366793173917713,-0.00675185725283884,-2.07219632682685,0.481700543344166,-3.15620601164664
-6.11008509448439,4.64661535186148,-1.96352204627338,-1.48498968769192,1.46184639161584,-0.085377856819865,0.585135721718485
-6.92018655899631,4.02138634237844,-1.1109393140677,0.180964618231298,-0.848818431876679,-0.254977388604341,1.73535219073744
-5.91865134186791,5.12544527095216,0.0459239951224479,-1.40810590779784,1.00209648801852,0.574344342672792,-0.669587652377283
-3.65000070269627,6.33020325311007,-0.346655847223607,-0.986825840458462,-2.67187673282215,0.927948115243631,0.222466755516745
-4.23897963504155,5.98144876791626,0.642545832447094,0.365804093939362,-1.78275618828366,-3.98971803677357,-1.33354300714911
-3.47195673151263,5.86467936762478,0.920402065463721,0.719395584485244,0.78535553579428,-0.204154942735879,-0.54873178348601
-5.11022243662102,4.4817855640185,0.570723143872372,-0.0516836296433912,0.195005619275413,1.36610227308017,0.349531673959311
-6.02486845042184,3.6897014521859,0.685378001134326,-1.22594044542382,0.0442948590125805,1.61896751111079,1.14590949081307
-5.05991370445518,5.39022442271205,0.306960285106776,-2.24697225201344,0.356686346258921,-1.21350190568188,0.0523803358274561
-4.14454963710693,6.03143489277528,-1.80415471112516,1.23363355079313,0.104740865819483,-0.373149283233238,-0.0447908118086309
-5.33963610971471,4.01218546345224,-0.966526829451117,-3.17846141625595,1.1013891172002,-0.389588838466005,-1.18596723404538
-4.72671102062186,5.68969625875764,0.247893984021289,-1.75193796588055,1.44637242381474,-0.449873627125445,2.31100549308924
-4.63481152884087,5.99052270237241,0.284179843019069,0.0926807812458747,-0.535891087046583,0.469267497695275,-0.885876155607505
-5.05575956522906,4.66940020326288,1.22771094000669,0.597586300312159,-0.401629506021876,1.6083123551616,-0.762054641729645
-6.95118901973599,3.74644302486939,0.0829409589478674,0.883345060395437,-0.334353420776948,-1.84397014512469,-0.384751919853705
-4.81776865258691,5.30862832678227,-0.484482127474939,0.52686569259864,0.302270928887467,0.183724138987193,0.0889318252581881
-5.60734770295818,4.54842027920967,1.1265291580556,1.56386819793502,-2.2194157257553,-0.64230769355564,-0.210146878893496
-5.17909754807426,4.93802091535664,-0.216275726010528,2.84977391728618,1.43178442880352,-1.33513136001522,1.50721902571407
-5.04031281439302,4.92855850226187,-0.585821111208018,-0.322889969689653,0.628839257813082,0.52650839986924,1.53297177635376
-6.89175813204243,3.51764052909433,-0.235250475062528,1.27118607099874,2.66300699959853,-0.859490934161407,-1.11168916336791
-4.59056140836541,5.58751476367712,0.108896554701039,0.569027975174359,-0.699446907297255,0.595465723647778,-0.868017909141163
-6.38515147945403,4.09126231963382,1.07167522896226,1.80884862974267,0.126816106211087,0.936173382892735,-0.0959190379884074
-3.92807832296407,5.13091415423139,-0.274667543468277,-0.190028405230738,2.06630688169735,0.519772147624513,0.472324506337909
-5.15784787358795,5.28356838158101,0.705731048058066,1.62941191599271,-1.40996259277965,3.09189657634098,1.0492067771138
-4.86330835338381,5.31374029226841,-1.24063481194327,-0.815040574332694,0.173936351433043,-0.082155659677215,-0.53222135061395
-4.35313451914933,5.39841314367546,-0.72489668409292,-0.929087106603175,0.540560873991103,-0.788705078747606,-1.15255376230395
-5.06608276692445,5.16527767143464,-0.311442179667401,-0.976737347364713,-0.499538555784348,-0.387073315197993,0.514942504627311
-7.01928027494082,3.44532675602724,1.21887152716219,0.759176797876717,-0.520308404426936,0.627492725762275,-0.0984001694768731
-4.59726589516018,5.30256241128475,0.254484374604538,0.53602772992561,-0.00132875644716135,0.587199019159413,-0.0244345198827804
-4.39561279941908,5.01660414814101,-0.128641088276774,-2.01817687602941,-0.125539341317801,0.0377346262491844,1.31848375066113
-6.91937642246276,2.78077382927205,-0.0628539004863148,0.840002236512523,0.0185159787573958,0.408590985117476,0.636750403183827
-5.77236143329929,4.51159927338783,-0.662117882051849,-0.829202764407974,0.315188795783097,-0.136680392665054,-0.200338523841656
-5.06765717423172,5.11736620542875,0.239786753871419,0.0811998960987689,0.547277232804176,1.54566994146021,-0.636913992001756
-5.3574427616601,4.73313218846969,-1.52875723679429,-1.33522599185837,1.76359271453612,0.00908393183435669,0.30253747695144
-6.61055975317523,4.80388026341734,1.14892087459462,0.717634972950363,0.190068395094718,-1.27623690154187,0.159134260105741
-4.50083676225418,5.81904934823207,-0.168275742147282,-1.5475661787589,-0.197263382036087,2.41064086530681,0.685819274077329
-5.50067155555892,4.83964175645168,-0.807170254220795,1.17830358550359,-0.859924061249277,-1.29714947756542,-0.277233219188195
-5.13144249079765,5.05728739892962,-1.30716850271286,-1.80350465020832,-0.173235043400207,0.596038113508494,0.0873687605087166
-3.81680711071492,6.14956969158217,0.121425111857364,0.358792429597558,-1.13797523286612,1.16927950004672,1.20283409770427
-5.13475436633465,4.92984302879629,-0.78396378853273,1.36238771209541,-0.232323888575782,1.17812481125438,0.0885399197719201
-6.50973914704882,3.89246133489393,-1.06464373987689,-0.0390216820731681,0.239876161887395,-1.24956129683164,1.09798858259844
-4.91649027907523,4.27798255772294,-0.760816755875482,-0.1157851875932,-0.224286726239911,2.93140624790398,-0.373699456932786
-6.29050562025482,3.70653857958457,0.0626220276713861,-1.14206302620286,-1.0953176377466,0.565844905231994,-0.0969966106553188
-3.08899564135559,-3.70112101833939,1.01679411789802,-0.404289533590379,0.421527594140642,-0.782418378412081,-0.956812589088206
-3.80894277355898,-4.54521544889525,1.56652461959447,1.30759385771929,1.15596952468337,0.191168533175418,0.400625517414088
-3.30872398521782,-3.76201472322231,-1.06892474766013,-0.145539680559202,-2.44957979032762,0.33370633255087,-0.106539014705931
-4.49296310104161,-4.13678517175205,0.299624633506323,-1.15895407786264,-0.509081844144721,-0.198549405525272,0.158554906947386
-4.52993577844281,-3.05638331188683,-1.21586667557403,0.794066747852557,-2.60143948372667,0.0733406974112921,-0.245919897660645
-3.9053508466062,-3.31360539302682,0.12119639758663,-1.37304900330891,-0.107619400715898,-0.357889276385211,-0.588204227748369
-5.98373421368659,-4.67895813804919,-0.0307359614438384,0.516014202113953,-2.38567098495561,0.366362282948191,-0.529099805712412
-1.93820467912668,-3.75755261758373,0.284404080056448,-2.3565352712028,0.80356251531525,0.597316144172028,-0.619157880126718
-4.32972044136735,-4.10806663719941,-1.02904631111934,1.80203660776586,-0.33193234916244,-1.55681310877189,-1.01965077490513
-4.82475135169087,-5.71955006020389,-1.03497367939266,-1.09174162974703,0.12723070452609,-0.293089408175306,0.856549006573997
-4.19499084822974,-5.11466548172771,-0.652094184737464,-0.451097175256459,0.643349465878751,-1.48165057492268,-0.563051449138552
-4.17670440328867,-5.72618773443941,-1.48500569652258,-1.21742800965582,-1.69601695008994,1.28491898589815,-1.32588405805203
-3.15073295488755,-4.33078833830715,0.0389364585186176,-0.460338289885213,-2.781421350804,0.593481581547221,0.720658267764085
-3.34192669187047,-2.83928527295839,-1.25744542226991,0.271914058237288,-0.272583500877806,-0.369070119420479,1.07266680455002
-4.93059281452571,-4.05608812463647,-0.687625799000473,0.596884084435685,-0.119896702205606,-0.594204115423669,0.00267442764340269
-4.62722894417035,-4.20242352952326,-1.10085549671587,0.431445448473126,-0.790363185141831,0.0838822327596663,0.372129654793706
-4.00291627345315,-3.36592205615775,0.942837980845085,-0.378158597511226,0.446099910226831,1.11358610205456,0.309870703760321
-3.79868745219007,-3.50140463953412,0.823605208497591,-0.154286232222911,-2.20847801527532,-0.962218263987859,0.158200753467564
-2.546517435067,-3.85961355463775,0.143590936558797,1.26345785691133,-0.11589889478652,-1.95760817999859,0.890354115036409
-2.86879545969749,-2.91975709560018,-0.749113404891631,0.501304119086055,0.0787220837096583,-0.0215333771346559,1.46995882783265
-4.37216983959966,-2.80579726537251,-0.601872832844941,1.63296821247791,0.555341023140641,-1.38415881762302,-1.06552071509478
-3.39773711282492,-4.01023710813673,-0.97937480771078,-0.236747828496741,-0.964414628674153,-0.536699818206632,3.31901722329493
-3.18364721583486,-3.0201725151414,1.90963722397686,-1.25707893866168,0.885974504201621,0.341827063650563,0.306745561545326
-4.87833329992038,-5.28735287451435,1.6498425916504,0.481352180672347,-0.565711675899081,-1.56051611045847,1.88419499741079
-5.13211693476299,-4.9577945365021,0.341811448706885,-0.986351050724661,-0.359878193033238,-0.776322901583648,-0.540807019258266
-3.452544483184,-5.47198039604563,0.581510193791938,0.346254998293889,1.30832551052017,0.0898391545263046,-0.0220701903227821
-3.31040817476107,-3.07680590431197,-1.96722927104099,-1.08849038245059,1.01290283099933,-1.2537630227682,1.43668263297797
-4.14415066413445,-4.88067850617607,1.31765495530903,0.910512974995033,-0.18079077115429,-0.45930225939541,0.836441955340448
-2.61311996777951,-5.95775936041162,1.64734078209847,-0.251460510158988,-0.459663401181385,1.96002164820947,1.34366922395958
-4.73650063961776,-4.77446814502791,0.0527720141723025,0.905457095621144,1.03043843393901,1.77655637832297,0.224568302953193
-3.65994292432607,-4.77635678395673,0.401229544156118,-1.30508629361706,-0.620385132999869,0.131058345359927,0.674781802390695
-4.24239540063328,-3.4264094603183,-0.0419385616093338,-0.282320947893805,-1.98079959447577,0.150365708772625,-0.171685385962875
-4.19010298762785,-2.69232257415136,-0.400821166239264,-1.43054644097302,0.0762607539317009,1.04421338867641,0.954391326770294
-4.26385201389444,-5.30103675139225,-1.61251160540516,1.08412647529407,-0.233959534222433,0.406311506150115,0.536436342019388
-2.78156857595865,-3.80369168793099,-0.193557943670546,-1.02763122505405,1.72061469753642,1.03006055342026,0.18851762309353
-3.01515065180957,-3.65984061817272,-0.808536487177459,0.867464714260131,0.430613883808685,-1.25404749344584,-0.83855634826545
-4.4909372964691,-4.45260349382662,-0.0952670228949643,-1.19033611007695,-0.012315454196772,-1.93060089896668,-1.2390076360105
-3.37847090546335,-2.74010942506797,0.233574615561458,-1.30876701629897,-1.05527105689774,-0.109012658122425,-0.952355197674634
-2.23411495833641,-2.907941954519,-0.103971756667235,1.09195535846185,-0.0592853420038976,-0.665949724311948,0.889219407282434
-3.45403806844159,-5.30759065180004,0.888861868990866,1.2028921075378,-1.47057011579747,-1.02221731842527,-0.330127924543199
-5.06654284824214,-2.40268068643855,-2.13032267167223,-0.782549051116218,-1.47061462844724,0.0586506186402411,0.534094386189285
-4.43821896805806,-3.97902056743309,-0.0714871439186172,0.260669707206898,0.268132147274846,-0.0187202255622753,-1.29167923509015
-4.72901776102183,-1.7207563211657,0.783254357966491,-1.20690246827603,-0.959690478959909,0.235772076632391,-0.770014299810815
-4.54601760442227,-3.99204767602514,0.759734839449251,1.96736113841685,1.40508595165795,-0.537026037918433,0.773564729975314
-3.13951835330754,-2.47139268587103,0.502539655995602,-1.09456654879612,-0.926023295712528,-0.522343167558226,-0.475857103775511
-2.97425938221095,-4.61533248797045,1.42972764179568,-0.187409574985797,-0.185340488680617,0.0356906888212783,1.41888695056063
-3.65156444685325,-3.13320267353663,3.35647431485701,-0.283343665001256,0.0737731699075694,-0.391887212221984,1.12057234182712
-4.24760637631404,-3.95350274384948,0.0635272021895439,-0.228773623862011,-1.1855203184007,0.716468101121272,1.08686728252015
-4.97775805595889,-4.09186803024191,1.55735152836927,0.00802573076119052,0.760966238615023,1.19570443076782,-0.686474279640108
-4.05036861493901,-4.8290698683953,1.37452245247589,0.232832493420044,0.223034345290346,1.48962734506986,0.290614851699379
-5.63620168370387,-5.54454715005715,-0.99274793855259,-0.657938236705284,1.55929079175079,0.795900699121864,1.02343226588986
-5.09081229398444,-4.14894346810973,0.573917143259444,1.22141371074644,-0.119394859908585,0.676142145922221,-0.469748567616645
-4.4914133428346,-2.15804983130225,-1.00660825799028,0.636912264786524,-0.779831513239737,-0.369463151964316,-0.73238751630024
-4.45430212420434,-3.13986939906746,2.03457224321563,-0.894228870308924,-0.654497850363554,0.11605469201021,0.896452985045524
-2.73593198512741,-3.24715079723553,0.817138111567074,0.328311573007323,-0.792744332511659,-0.302649282371375,0.692606927472563
-3.69650673510564,-4.31988744861636,-0.265895264265694,0.878897786720534,-1.63896846724625,1.27930352761549,2.67702475801443
-3.22461681494499,-4.06170245566895,-1.00607144461287,0.681332053802786,-0.474807807101678,0.3086230783764,0.684227311598589
-2.65885063537141,-3.71032849811372,0.682829279758598,1.4574934305282,0.0484083583831572,-0.370780990089139,1.74246163158326
-6.25509514039502,-3.93617253782657,0.708554072639862,0.439844694890133,-0.403949930059457,-0.660309148043865,-0.405981509504479
-3.69047560163407,-3.38750501925713,0.170315802967193,-1.23126503205937,0.216812390786383,-0.397080952799093,-0.483140691164494
-3.76804579814536,-4.9305145691643,1.3120940946309,-0.540415813175076,1.54607863652999,1.43029545801991,1.23132936212681
-2.9204732584061,-4.55344674601877,0.938232356423935,-0.729653016241725,-1.52464483562094,0.612331847457538,-1.03516744843807
-3.41311055949456,-4.91964563411495,1.58455143196713,-0.247725223040503,-0.677330046787763,1.04403659879844,0.599627024256557
-3.07077369047081,-4.12354106551053,1.4954339947231,2.02969000017972,-1.49075091006771,1.42428219796545,0.453461934582061
-4.92519881921342,-4.9511522277913,-0.256697442937402,-0.0503822293082668,-0.623111418956627,-0.655396832704646,-0.095544058631935
-7.13392760123707,-3.84886804309758,-0.442602690388625,0.748165573668217,0.745074115695781,-0.466128081712713,-0.852626119334844
-2.01308410672683,-3.98285136565872,-0.986731650542597,2.28731984283275,1.2899495497978,1.06055337508232,-0.336415761031312
-5.17691640417963,-3.59537220740759,-2.23213679660071,0.0189602067005426,-0.420062714423907,1.45364903040211,0.360126853831534
-3.06904212801614,-2.83633357435229,-0.501983613582454,1.19445101886088,1.382240017165,-0.124383355196455,-1.50504602083126
-2.70478727438592,-4.68736397597465,1.03317537569791,-0.209832197762711,-0.825888535636581,-0.913766332224395,-0.616575635008042
-3.99456702343863,-3.5948741813014,-0.850228820242383,-0.0793155027052505,-0.954120194591004,0.395174798224256,-0.723602381520242
-5.43574120502094,-3.23311671515932,-0.48481979128372,-1.71668786863081,2.844528805141,0.744383644437422,-1.6785314906631
-5.13645805498056,-5.10003099953667,-2.36724137954689,-1.4573497741631,-1.27208049694242,-0.305441570088796,-0.0654678472148535
-3.7606652250437,-4.77014312113965,0.517932004099743,-2.35961778421352,-0.4853754909373,0.537991217576634,0.191758508359863
-2.25975631415566,-4.21989611861566,-2.28585734254836,2.00288469773471,0.349376130468972,0.543749672314903,1.73826813991557
-3.96590356621481,-3.64750726786244,0.994745150460288,0.969870443414554,0.624353053063028,1.57434894836996,0.0143177815913678
-4.6514498852569,-4.92688104213347,-1.24338227140414,-1.75692324447169,-0.87751087702249,-0.803931602644545,0.80550803280039
-3.21300197483591,-3.75167863835692,0.182358478059052,-1.4109442429346,0.678891189697806,0.216862571369254,-1.56677915667395
-3.36251930384996,-4.95862886589645,0.657667573714008,-0.14462580940337,-1.34792238738843,0.0717496540527783,1.96333209407897
-4.89569166979598,-3.85807934679937,-1.58859982066906,1.28991866680685,0.61889872080299,-0.0206717700485014,-0.971861760632378
-2.43255032755014,-5.31577967561094,-1.16105579322714,0.782217552919532,0.759253756255413,-1.08317958980807,0.680694687551762
-3.13034687087279,-5.54250493865532,-1.10667585020254,0.651965275856992,-0.794888827979345,-0.314750422308773,1.19841094214116
-3.5215699609614,-4.58731048501288,0.27542297038876,-0.370460694018384,-1.35540820757575,-0.327501061487538,0.681977798258549
-5.68719062691196,-5.08950330193603,-0.373312834687282,-0.336053955221338,-1.00285274850328,1.01884971191117,-0.122583055286707
-4.72418307176177,-2.09852736626169,-1.20951522123707,-0.220928467241811,-0.721918380720022,0.415940619273025,-1.48808625978208
-3.08137127350167,-4.86684936947719,1.89913889907822,-0.511261710995995,0.671283035709786,0.115017488547124,0.444484525269568
-4.00192447062093,-5.4688361676647,1.24506631177344,-0.57840289059773,-0.480196762838621,0.761563010714952,1.30513131708076
-3.11507905886449,-3.61252061371527,0.631765624896176,1.18389125449225,0.748965234617387,0.974692695735276,0.126965295529799
-2.56081585113441,-3.79676504990888,1.69084989002245,-0.562222181903849,-0.142741795943558,0.817768235145388,1.41560980846855
-5.65000278553026,-5.37058357947848,1.18625210574868,-0.375774195979149,0.724597629511289,-1.2118680183402,2.06998717031301
-2.32255657173447,-3.65788052165437,-0.220109930894476,0.845964814227123,0.0339374390198099,-2.12762616167411,-1.42559253943922
-4.0351071777532,-3.24756895187536,0.385556896430822,-0.772475531887888,0.0422508147301569,-1.4696732233715,-0.444273540373448
-4.59271169614116,-4.93179109925316,0.818004585475182,-1.53597377748595,0.301840774631241,-1.11047349409405,-0.903716315542176
-5.13689075996658,-2.56899882339563,-0.229150379593227,-0.0281419178609083,2.19398959171991,1.47851237790433,0.555500365771688
-2.0343170357839,-3.55487573711936,-0.993554610744121,-0.699017245304521,1.05909712290031,-0.585799005956139,3.3382447720568
-3.32805956938915,-3.59992151892725,0.335037140827037,-0.371637186139572,-0.758941062437617,0.203182020678453,3.19554207939283
-4.78723082084319,-5.16350150549632,-2.2676574461609,1.43920092977364,0.458675061202285,-0.0540223453657203,1.48808269698216
-5.68986644676264,-3.57251794566248,0.70309629491123,-1.16577606668987,0.303300644828092,1.41848537346561,1.38893623212146
-4.16330703311754,-4.17555252738492,-0.661484105480616,0.618682357932249,0.92624634443714,0.596779621954424,0.291296697194947
-4.51379048524256,-2.29077792841579,1.23498363284653,0.129919321084214,-1.83610557641647,1.06890000175715,-0.999741590690297
5.65389531835028,4.1623929746603,0.545710833505751,-1.0723093671891,1.01902054420077,1.81110189525022,0.13115286254144
4.32978676741806,6.31280748123676,0.857213221266128,0.92678605141794,-1.07520545997289,0.181989478090059,-0.128954486729586
3.12591559889667,3.58152746047193,-1.02293607271872,-2.16093419266376,1.76960319191757,-0.788246526294381,-0.709128638172565
4.28678437345008,3.78194549041827,-0.439456794691288,0.453299785820525,1.27651744689214,1.29199539450121,-0.125190558770298
5.2788219273508,2.8962991875129,0.909381101410421,0.346298439935181,-1.34109195236151,0.669795979442162,1.24835175311693
4.56930534361004,3.25707962840849,2.19524077138899,0.426047154880269,-0.08794126573571,-0.336533280835525,-1.62824048231746
4.10434129331585,2.51778724028396,-0.157544791484946,-0.136387070696724,1.04918014516923,0.141127630372128,0.450881718642692
2.65198741007706,4.96099690834185,-0.390917320717101,-0.287279974468871,0.708875761741823,0.616079045268384,0.359612727141301
5.00337569422544,3.66830063446389,-0.67276407790346,1.01608406282796,0.680136636621197,-0.941932580228556,-0.326322025652335
4.30595122216732,3.95524378925888,1.71283330214405,-0.310424815245601,-0.948982689823444,-0.446624672341417,-0.417168862330945
4.11066757015295,3.52086410821959,0.819920956070257,-1.13962612848738,1.9886118406403,1.18010761447366,-1.90765261397834
4.32416291924589,4.10071565713306,-0.377863356622233,0.104144929760758,-0.303753313906484,0.487400115873342,1.23958056705964
3.60443789704023,4.61851378772296,-0.230463977544245,2.22837790099259,-0.154139321179702,-1.11209684171346,-0.727854249780236
3.90049412978026,3.37021269209564,0.227327910307103,-0.105386445999656,-0.171690572525229,1.0796061230645,-0.227425965365464
4.45041043933618,3.6489994570679,0.182694423716392,-0.789468765576129,-0.457937582148104,0.66507715074896,-0.422624018283714
4.75078128333419,3.69644861592422,-0.61011466191486,0.553287971645979,-0.380732318077954,0.069259151252126,1.32013541185657
3.09676473315513,3.81694065880182,-1.29029966653439,0.491761173926864,1.21960115471401,1.20501963491171,-0.577575781278369
2.07787581689757,6.68886924810014,-0.173605914462412,1.38917405238052,-1.58972103340322,-1.06839035071209,-0.060997676746194
4.54319691121515,3.87031443184226,1.52817902354136,-0.577153355313169,-0.434726858646243,-1.12160284182635,0.774797040331835
3.47771656663907,6.37942020478689,0.939519012757215,-1.24547212703946,1.06775053984348,-0.154340081992336,-0.570612922278484
5.08724966427704,2.39664535939336,-0.277338772182091,-0.116866641332816,1.51824652018976,0.164501034506449,2.03681587979131
3.21299091180265,5.76233863538604,-0.636342519984132,-0.751955048656857,0.538835543667414,0.356941117630879,-1.73702021161945
4.16180226694614,2.92936158188111,-1.61685691851061,1.25960612118971,0.81227327637864,0.581390475085515,-0.618176012476037
4.33904744508549,3.63840670883415,-0.853268600584315,0.652720140672412,0.550116972768481,0.0425869109496339,0.0837278775724873
3.68674292301951,3.62812303704822,1.88434548842607,0.327817420075714,0.366266648410829,1.15444804920788,0.582150961532411
4.32987668608459,3.71666455309523,-0.25002160021186,-1.30372409370474,-2.4017837334591,-0.639842582937412,0.873423741023999
3.23233504264049,3.68339284320468,0.771144023863565,-0.85295606342945,-0.352725291748504,-1.05227260668346,-0.706355704117826
4.00304162430044,3.1769599953693,0.881585742472424,1.95425924450909,-1.29220998693259,0.108589081086365,0.242104630173023
3.17444681267177,3.32652593615675,0.0387395507373123,0.929289283733279,-0.78568545669252,-1.22613108284264,-0.623140038781038
4.02925225988436,2.83268066768452,0.46897762159375,-0.116427299529523,-0.828595258836265,-0.355762049753791,-0.0487054931694686
4.08155384189533,3.04175049818995,-1.94067526255265,1.36701261307341,0.505202396586384,0.500000567379655,0.715738512685173
4.42850668186836,2.7804837496975,-1.44347432292698,1.83545027365562,0.264478975875944,0.793582017479418,2.02749963632459
4.24877146019277,4.70758753154141,-0.335482642009692,0.210945142279798,-0.138197996753769,-1.45218656428789,0.635915661546179
5.46804232616885,3.39169396873077,-0.208498081614517,0.84465455962928,-1.0080574902623,-0.650028345340881,-1.53928509202102
4.08895187805079,3.69222484713072,-0.0620910101135181,1.05090596990044,-0.299922875538399,-1.62039927615146,-1.03034778218063
3.65813116270975,3.36765298939618,0.718240258067767,-0.559974462189519,-1.25881970348204,0.991938717855487,-1.03886126303744
5.09698494378185,4.41898136599946,-1.59373860262827,0.84714228847912,1.03474286240532,1.63166190102115,1.83126896697817
3.37401698225273,4.05771109469175,-0.977717726824137,0.873395825294075,0.355819673214894,1.1120135989755,-1.08884445825326
2.08554920205044,3.43426366596697,0.0451077193852949,0.357733825470601,0.59572466589314,-1.71718465931397,-0.338507323416149
4.06155837262287,3.14060813040756,-1.60383593181166,0.423347134581057,0.510609883514463,0.250005987350912,-0.0247815871022158
4.76423170100276,3.78447072999758,-1.3249195288326,-1.55009285398248,-0.640958713131507,1.35638391244364,0.541038185222961
4.27357090685808,4.54783366315013,-0.401247189479435,-1.99736433473801,1.33690294755371,-0.00946884368045098,-0.789328955676789
4.47854743625627,3.40303541657273,-0.78107705265807,-1.61757991946281,0.231132814520691,1.60547881078508,0.252592298025042
4.99602323140471,4.27642099570754,-2.226850823237,-0.75623765516457,-1.20932185225112,-1.02132980633753,1.61027995323496
5.45026618489959,4.38244338672473,-1.57345313208666,0.392360243492479,-0.877694022445257,-1.37528116156644,-1.02089642621022
4.95441042143188,4.46218066597498,0.208335115204346,0.145849694612119,-0.379532166165253,2.35557392898526,-1.46570393654646
5.60962766463391,6.57157128853448,0.444605865243411,0.635180824387117,-1.21922975155309,-0.609983814729492,-1.04456807420844
4.45658019132135,3.77418665136157,0.26726111774086,1.84551185515379,-0.152927559126555,-0.274062318032213,-0.564291730690088
4.63516966035827,4.06664597761917,-0.569538658688677,0.58819601156006,1.59719984677892,1.91385477659868,1.02071184178257
2.98189564294256,4.53357458222551,0.445899480471408,0.352294669150009,1.61542785299352,0.100687357630293,-0.825202395787267
3.67273453644395,4.52594183295834,-0.515662350024365,-0.0190972561236067,-1.3379433756499,-1.78199734457039,-1.09129067244931
4.2692824663279,3.57000637288064,-0.56681425656552,-0.573037377120511,-0.272087961655123,-0.361935852515414,-0.69708987820775
5.1223832716824,2.55229325930164,1.75425944904707,-1.65353375493179,-0.541292728379994,0.236232374578239,-0.474741151630724
2.57664659921311,4.01442917181332,1.37937609820079,-1.38621652795717,0.749907127518048,2.19495987995855,-0.672105844320351
3.97709052542679,4.65275256223138,-0.325681183509021,-1.0753375714521,0.540125104626589,0.862053141874087,0.648218703539303
3.13299418423369,4.525267550443,1.4422959825861,0.695210814373441,2.71587734339649,-0.0975054517480502,-1.86323565331804
5.16377744098625,5.05741037345063,-0.285048830763456,-0.290864330249077,0.296733254499751,0.0563561675626921,0.921527070083058
3.49101951412208,4.31192521599786,-0.157856322357667,1.01412632116836,0.198260792379118,0.924132737709744,0.383930872129729
3.14289128975707,4.1043725077013,0.0578554767880927,0.238811377114681,-1.08971385231021,-0.220908697470763,-0.505295259859161
3.09042508597629,3.8005531505926,-0.0479552909704151,1.51073866560662,0.808050826081478,2.09239561199757,0.561169020823643
2.61364974649838,5.27714570584279,0.456878171247461,-0.350064576447744,0.318769961739673,-0.121866917945576,0.481235708647121
3.46363218788141,3.58924351471787,-1.46971038494869,-0.920025741179239,-0.221305463810734,-0.760756370480048,-0.614801028123156
3.92825850556191,4.33392156947017,-0.702068270603665,0.326177558498451,-0.307862734913482,0.787080722013528,-0.25786257794592
4.19188077637883,3.23943452496268,0.455834971809107,0.757822733303837,-0.984714637570669,0.856330321586832,0.542079601839319
4.99574258191302,6.09190475013253,-0.0593064417728133,-0.0208549738569324,-0.0134661588791403,-0.459982038822443,0.369503181550676
1.87679025625149,4.80416900143341,0.332869523574732,1.26633010235511,-0.187638558371061,-0.26218856485244,-0.894930264521174
4.37414752146152,3.62917794536735,0.246300938730427,0.929737489130928,-0.749323219993948,-1.28292041840556,-0.732910326082766
3.59525272963126,3.31497408621062,-0.037072525586254,0.394571455122711,0.261473960139138,-0.0539597031492872,-0.624715819984284
3.37861372212507,2.75249485090605,-0.223949580894724,0.105689024394955,1.57099119958391,0.0866301953703544,0.177144056964115
2.18875881302161,2.98963176827085,-0.128909840970061,0.294583225939781,-0.31013478750248,-0.582147222774085,-2.48921140969619
2.68743302313564,4.30318730796512,-0.35541490237578,-0.868307833087251,-1.12300689123749,0.576137735114984,0.0220698292976629
1.58154137232466,4.50050760959471,-0.0520001202499842,1.11525095759205,-0.718691138506633,-1.36365918661104,-0.164442091065714
2.84253836165046,3.0393509162984,-1.06043833509308,-0.340501652514817,-0.236888577929068,-0.918946781535916,1.66347768067778
2.61487221453106,5.39955704709499,0.839449281818598,0.837154477817608,0.808159081017998,-0.537098369412238,-0.0908363096204511
4.14347748789238,5.02133385292009,-0.926811911846451,-0.160313921811354,-0.030665881554881,0.440206694978726,0.308316885611729
4.04984094712657,4.61401988679696,0.143677254107355,1.13724440937838,0.24219445273307,0.0493005651683406,0.0321550239715993
2.42837575429665,3.24675385364711,-1.00645168666035,-0.341795918934263,0.473674939270796,-0.0788778172155104,-1.20848951413017
3.76544260892878,3.93590600858043,0.512915212146617,0.753928188739916,-0.915088289111733,0.474393789709997,-0.0703288682177709
2.87171182177219,4.34474205834729,-0.596965184604532,-0.90432712598047,-0.313441936288867,0.515288351058101,-0.542074338597144
3.88287194097636,4.25273626909814,0.729198691222674,0.689687323948877,0.404882029849903,0.256796469911569,-1.15088500827495
4.0912893616589,3.54876207660452,-0.459688153373977,-1.89274403901455,-1.75755249979187,-0.153535512662396,0.73775422497681
2.71284746649769,5.62558841344268,-0.0276918660751593,-0.98113733919403,0.299033627642036,-1.17869492020132,0.719735484661998
4.3257713822727,4.55897214767903,-0.0499017019200553,-1.13173937985687,1.55875477874417,0.537777370471889,-0.273335847358747
4.62246979435754,4.88924726036062,1.17538709200296,0.545664660090644,-1.68990420643068,-0.0795384681670693,-0.216015226722751
3.17690328701002,3.39268368525335,0.385671594226058,-2.84449469392033,0.187559634575823,1.08113245307858,0.743924274925803
3.03623409958153,1.96625114396238,0.506393760621578,0.839061076792396,1.06190633384829,-0.156750930191519,1.26888504821746
3.24496794106982,4.88124682230849,-0.951644806958407,0.166214598086654,0.393923851386521,1.6720056851102,0.41163841173831
3.81274520814235,4.57303551070959,0.768731610518496,0.930688896257041,-0.083112147955949,0.267932266334563,0.378161771618779
2.83714321443834,2.78707011432882,1.76293453568744,-0.0277968975519705,-0.302994025574842,1.53911596655189,-0.154242995503009
4.94113998926737,4.64890783440708,0.206922475997972,0.118740716436236,-0.651580792730711,-0.225474901812984,0.770799836608037
5.52985775322004,5.21761221273847,0.082960877779542,1.15350840443802,0.352232753473702,0.569150402241469,-0.634061873732542
4.32297592552761,3.81096286259833,-0.783461068413293,-0.91349977048999,-0.670401923816939,1.49541876537436,-0.345358277668163
3.81944403025148,3.26287760916434,-1.31381027298925,1.65509725865927,-0.463607888516127,0.271265561667514,-0.0374426943317806
3.75698902312813,3.93064219509128,1.4998367048756,-1.12890951527229,2.74457453712884,-0.818319842469521,2.0236522433804
4.07806035098919,5.92416236041077,0.595924218893382,-0.488266050529437,0.717584636667011,1.6432215206881,-1.19657924920501
5.14774824409648,6.53938296241357,-1.29887150882712,-0.790194509202235,-0.431137069929449,-0.514472806228539,-0.443405785335129
1.62744802650801,3.39744312651586,-0.679768298924548,-0.70532853981053,-1.03279746932248,-0.193782951577402,-1.74385651303263
3.67768326828144,4.91616258634078,-0.117718295717979,-1.26615368150807,-2.43216703843993,-0.508501436404928,0.335482349795361
2.25098234136824,2.64487434295919,-0.231888248861996,-0.284993740511183,0.311433089413437,-0.729041030760404,0.586040198841351
4.34195223262565,4.96226401504819,-0.183886257271519,1.70709383545755,-0.364539954768978,-0.499797037513599,1.11784510740162
3.08994789785304,5.05416414093035,1.95187867915562,-0.0217066507564102,-0.146529397788932,-0.27468851701043,0.0385686187962231
3.03232871744201,5.12575234482011,-0.952425927553067,-1.20219269510202,-0.22505129827301,-1.27569660460804,-2.32220412694199
3.40586975004487,3.4497636880538,0.17335271391032,-0.617563785156086,1.08287773123111,-1.19413144596794,-0.0903436224861612
3.07535445457405,6.15340665068639,0.547226258060362,1.6527252186536,-0.529681011213033,1.18167314751155,-0.682683666939964
3.9573612649466,1.35737918836702,0.52488021899019,-1.65493656443108,1.72048029829076,-1.43537499837634,0.785265924068799
5.04862709405346,4.58857219102659,-1.05178713180748,-1.06887418398031,-0.893325436708276,0.854647251484513,1.08035682946561
6.02438925512491,2.71742226217081,0.321224864503372,0.317852930346176,0.0676747009209693,-0.205121139275825,-1.0902321888477
3.66867850834135,3.82429262783745,-0.0800224908886736,0.434631272523814,0.120316279233686,0.437864849467808,-0.923681927007378
5.40171933047385,4.15792652555923,1.09432034041918,-1.32129205359312,-1.78510273911254,0.433618682675593,0.190655461562546
3.16191356755721,5.95993339779876,-0.293989612758494,-0.930886150306005,-1.71403973893128,-1.07301752155559,-0.458480240939107
2.91334685805615,5.39962371403565,1.42650571961949,-0.0229461152836713,1.81140954302346,-0.878308813693061,1.26131567979121
3.05562735273979,4.12191427552819,-0.183316915304762,-1.18131311016656,-1.27490699490195,0.534674961579001,-0.712968307336351
3.45917239651073,2.59651146249024,2.72157704115932,0.333174265065582,0.788821232712352,1.2386533762161,-1.12336978504061
5.47864116675585,2.8291258112664,0.557838254063302,-1.74350279844886,0.971336192825209,-0.378621646784736,1.2304823082656
3.84908790925401,4.27076346719543,-1.36841164546184,1.61444042552671,0.374501263438131,1.34115980941561,1.4253137269682
3.26015033195218,5.13497041238529,-0.966606152111869,1.15684399234189,0.502934274274559,-0.287449077721167,-1.00405588404114
4.130913450401,3.07928213030064,-0.521666440234463,-1.62073874461631,-0.787568840997391,-0.86332856813048,0.065955143544348
5.29256818067462,4.67818424529982,0.149003909133841,0.979498255588375,-2.04831314784869,0.370954488250084,-1.03855364815067
6.0054787938425,3.75395706812066,1.04157562986123,0.175059536267997,0.0170904359847327,-1.22303194783902,-0.0981151882635381
4.8068277029318,4.33757501261745,1.80092430556118,-0.117983818959082,1.29697380308989,-1.03547295201575,0.739002282498684
3.46955465618492,4.180752722008,1.37134965328184,0.822973067714573,0.31998522541779,-0.148140015856944,0.0151449875219104
3.91445093925539,5.15334977980037,0.653765682442819,-0.207466486408781,-1.06561875779176,-0.59903586156314,0.393301190230513
3.73940523161684,3.26540139313604,0.918193224501637,0.132816744042457,0.980502493848385,-1.63462715879689,-0.590688501592548
3.74896805293354,3.54797809125755,0.0135766196638252,-0.872958918196166,0.178993496575595,-1.78070411247701,0.392877603916565
4.83973173037205,4.16992991251002,-0.0994539233496193,-0.69769449618909,-0.182840946534431,1.29970194239082,1.04233710941031
0.0433395156192155,0.654977374374952,-0.968848569568781,0.126323836784373,0.213524854046408,-1.35282684674065,-1.22166261332758
-3.55349635300221,2.71858899422601,-0.256146499797986,-1.54147967621982,-0.807828101607784,-1.60059420585219,-0.425953359398954
-0.259886213727659,0.916408523054657,0.621469566585037,0.149728297103599,-1.4822342850724,0.934709592817109,-1.52999727710984
0.0386380835727722,-0.810407659360659,-0.412015817106158,0.648525575247213,0.804893311147995,0.553928459908152,-0.185042213153227
0.637904014268993,-0.335591337719324,1.36963298192459,-1.72290630686903,0.78782339244518,-2.03973971433273,1.20135888099109
0.144699229966874,0.488679758850634,-0.710647183858282,1.51248969756128,-0.520418391426462,-0.743447153614959,-0.57732312321154
-0.679571606216433,0.877973868801529,0.201096522775599,0.311207293287023,-1.2728699422075,0.950917965495715,0.481462430847544
0.145371379880454,-0.546780078595478,1.02789617671085,-0.850717478922758,-0.782845188029218,1.24197849376741,-0.634240122156736
0.278334723907103,0.162089628335822,-1.42897477908453,0.700341861615852,0.40981676137191,0.465666257992305,1.43045100549607
-1.41055206862483,1.49878103673391,0.302293376590551,-0.0777956497716968,0.852070410462301,-1.16378213160633,0.634668438203913
-1.15821710556789,0.447246847544769,-1.12485449968768,-0.237463153616069,-0.174932627585907,0.329211666910335,1.24696409524677
0.404608785708579,0.458402736727587,-0.0501037678276316,-0.262938899186543,0.155470662435214,-0.629300512091433,-0.230910160360726
-1.41238383704458,1.11878862367491,0.15344801826259,0.614006927858846,0.664733345474585,0.586011138731923,1.20283898261934
-1.04966119257913,-0.0960954587795282,0.35161035083882,0.798050807925216,1.50845044921836,-1.18209527016758,0.468276389347279
-0.595278332593139,1.11477414360573,1.6890668170036,1.42017706587039,1.66061667251533,0.328724803061066,-0.813869436882757
0.145482785503104,-1.30034171416008,-0.783061573429921,-0.265864225540378,-0.432610795810905,0.870949296961707,1.30351500225986
-0.543877798008165,1.01536744277072,-0.768447442883128,-0.208342848113742,-1.00446642684371,0.0302315842852878,1.52474586368355
-0.975919920593988,-0.345385139182426,0.170978587589866,1.46251743637922,-0.975858933973392,-2.19421203156578,-0.552870269615387
-0.45522468479622,0.769101944692723,-1.03121515862482,-0.0652916061705938,-0.818215365099188,-0.550351552071131,0.195317751656786
-0.573633126422462,0.0317262429626667,-0.833193045131825,-1.13260666264625,0.696665166472109,-0.0563318275106145,0.0870658227205834
-0.169469487119618,0.618723494955502,-1.34547817251567,0.16523059494144,1.29088278427474,0.885233367434087,1.52756954505551
-1.09506163992143,1.97444650661002,-0.133019297690648,1.48796520862502,0.678807288685766,-0.879508371436116,-1.32387000867687
-0.9106698409528,-0.309043953740469,-1.62485864468651,0.0467609187739094,-0.275288889114153,0.886981211845095,0.236359177991131
-0.738089088166699,0.776555706238048,0.476404324649166,-2.00786067278771,0.898256421308989,-0.191607335097452,-0.314121505116707
0.614573857899022,-0.90584322846762,-2.34798875149682,1.00758110028503,0.0253665714293526,-0.25182794649639,0.273890716940053
-0.13855452610474,-0.431291093372489,1.15461610856632,0.216735823257417,0.0419226233425069,-1.72306204772218,-0.838842121918504
0.0128473313160947,0.777631266606065,1.21969300871373,0.667909014592798,-0.0494854101595465,-0.206874133932469,-0.611682976516618
-0.696664322872699,1.16674984104457,0.204575333388202,1.10987836020478,0.169996799056231,1.49413607932933,0.672152501563821
0.439886325174652,-1.83432424153629,0.00122837225552537,0.98325285550219,0.383228486720994,0.794346693146231,0.400356535737992
-0.338913222883587,-0.648209797323054,-1.82937853625846,-1.04907054636102,0.270985749803733,-0.440151474790879,0.68192638556527
0.775836455649468,0.793734303167373,-1.49814531885079,-0.648064287775977,1.2905464158306,0.267365615112242,-0.86916151374826
1.33829190646511,-0.183538104013048,1.72541281381685,0.188309910540035,-0.106242219133027,-0.443659864713122,0.980449284249758
-3.25510898616924,2.12670498761355,-1.44706759232373,-1.39020482171954,0.350789743699851,-0.637495729707239,-0.943974024956147
-0.342008132937083,0.187772676002598,-0.539559232855378,0.127680379887433,1.4024115836952,0.357576321445726,-0.688109373688387
0.390507559757379,0.0222368983531238,-0.600580716891657,-1.7429607864195,-0.143033042473881,-0.565308060370144,1.23657753797488
-0.00355229370839327,1.08804779137428,0.116773109033655,0.252046450853755,-0.0280871288503154,0.00419625085371119,1.37310088283398
-0.678816898412014,0.429268684671692,0.56260246841785,0.21301166874337,-0.237094210705193,1.61079679536068,-0.432232340857707
2.36776706881355,-1.5736501051429,-1.57161611745912,0.674923280187381,0.730776411690432,0.000638389860581955,1.28989635671447
-0.396573066894797,1.36413855622791,0.839750629463603,-0.395299284680304,-1.00030710908015,-1.59158230254557,-0.968027381509686
-0.677680169191945,0.458471230532742,-0.154980868348904,0.671679764913578,1.55543375234767,0.986548559791579,-0.835856807814418
0.091376017453761,-1.10646693620384,-0.798478522293944,-0.249216973354939,-0.232812483430713,-1.08891150007105,0.681080097360998
-1.58592114459808,1.26632096257949,-0.264374131962987,-0.916337328290771,-0.134301124642855,-0.238871993664943,-1.4061063742619
0.3763122508546,-0.674606530893842,-0.12279627198434,1.71447343474545,0.82536565704478,-0.232233342566641,-0.290058853279642
0.764683268142735,-1.07407269785473,0.84334094502696,0.221804730798012,0.0314685356698385,0.705888257192176,-0.09180507989137
-0.34083847642217,0.243243185438811,-0.224576103791287,-0.884765345400179,-0.631900904048565,0.238402147501036,-0.468598960937983
4.96459045260022,-10.3826480407306,0.548574291763369,-0.717829572205171,0.488796198884284,-2.9022225290746,1.75438956831923
5.88863214657785,-9.21515397211843,0.4904774187495,1.03772190667001,0.767595808880483,-2.09243445014884,0.570617849157231
4.19502550275516,-11.1141199954547,1.64796749310162,-1.06557903126963,0.405172756654048,0.486774582344113,-0.0244553804025607
5.71054773227501,-9.98604317290216,-0.945080863116811,-0.388374355084725,0.0906624729715626,0.305754251549175,-0.9153602903279
4.96588978850517,-9.44625551651772,-1.24094594555587,1.09836198817178,-0.427843423417069,0.522490242717051,-0.220577164023526
5.57630607707102,-9.38478303838676,-1.68340340261387,-1.05228710962054,-0.167904922607369,1.72547400700208,2.34684436290485
4.12723758685297,-11.0170939661225,-1.30443412850328,-0.146467488249205,0.822538359058464,0.286045690863051,-0.284313040197171
3.91901180884538,-11.4186978132104,-0.295343526692781,-1.7825093930634,-0.955787033718722,1.68629716818381,1.06350674003221
6.20977710007146,-9.59227824857359,-1.23006976063045,-0.0596118690108203,-0.534117598468637,-0.210839200599099,0.796175382885608
5.67380306239566,-9.66440525827333,0.113176549211235,-1.29257375602311,0.229455269968106,-0.624926479885627,1.06765112719455
6.18802412266997,-8.53743893203431,0.191002382218819,0.517604714009006,-0.190793869066436,-1.04110944268891,0.368398166672317
6.13696203589051,-9.14340764497573,-1.95803880680195,0.988317054224604,-0.752007864002993,-1.4870027359602,-1.11138268149758
5.62896330006741,-9.31301835873008,-0.86360435147171,1.70218593680246,1.08774853203012,1.89150452084773,0.0183033380158413
5.93059761837649,-8.97725950790243,-0.0248488904120184,-1.48521341941381,-1.40585059119337,0.811498920041593,-0.167675903323457
5.03015698580092,-10.07406403608,1.4259864483121,-0.988452225873491,-0.820247568869342,-1.10308089421673,0.919454130691907
5.50659115323185,-9.09202444255675,0.540979117858264,-0.351796106725215,-1.97075854719734,-1.38695929020997,0.236378439412053
4.50664468400623,-10.9221023390633,0.557731873865224,0.612249758209591,0.106917394906342,0.230969208726746,-0.433161292648043
5.20836155844129,-10.3876799908599,-1.29259606772686,0.728145156402834,-0.126177976422156,-0.468230313357602,-1.07619889365831
5.0317308699041,-10.2767415612048,-0.518696056488633,1.06868057987786,-0.998489555716848,0.308783540180841,-0.919322374259228
3.82870984561004,-11.1787774566213,0.0833986764185202,-1.84127256307867,-1.53685454302257,-0.0707175021503632,0.0602244210087872
5.86126949807545,-9.39627672757506,-0.529816995993245,0.381923224471276,-0.895198944112903,2.3791252561032,0.129537236067656
3.64586881573616,-10.615010341329,-0.519640311163053,-2.03910029398996,-0.491909005074918,-0.769444221404485,-0.295603023280744
4.92207860258071,-10.2343966228532,1.68476379909207,0.679770928958814,1.16259619379723,-0.907620881550247,0.799150798986329
5.55289348497197,-9.26945620063595,2.07360792566926,0.00210101665822272,-0.139456443059726,2.70692301779046,0.84679466268577
5.76535636780681,-9.31541140266654,0.385460607234058,-1.35650969468999,-1.84475514219634,0.742837439078266,0.0984338517605866
5.46016045997989,-8.72994706542553,-0.335035252224767,0.970364630219661,0.790766010277983,-1.1913565581673,-0.175526259373356
4.68332930611296,-9.94054726043337,0.322400892013101,-0.47767602481843,-0.621988044489079,0.342957288312177,-0.312401171098204
5.42091904054906,-9.3761031502674,-0.588326687365401,-0.527156834411589,1.12961098790289,0.56846927354214,-1.02352799971027
3.11536278390865,-11.9286883351681,-1.20637957066492,0.6619256221638,0.446462129443073,0.199968730174486,1.45568786463067
4.37679780906234,-10.9208640810169,-0.869313135679688,-0.730688211728193,0.0150814603848459,0.690503354437297,0.407500581366441
5.24886069773795,-10.236753627217,-1.0875127561,0.991691727418522,0.987017054849712,-0.258368202028385,-0.0335750572361395
3.00275932734338,-12.1791585142077,1.25069307268119,-0.617072508186721,0.987124609424084,2.20938337032237,1.3969595849724
5.47468432717268,-9.36121892766612,-0.626982439959389,-0.584214166791439,-0.842141448851745,0.353785967298848,0.704996491070253
6.35754282720241,-8.66848786643593,0.90529217091136,-1.08620234664727,-1.21605494490378,0.00307869511326487,-0.173181280584405
5.88828339462828,-8.93014618642709,0.360374240518409,0.678200258184136,-0.491155382199554,1.020071763868,0.573927452155501
4.77970555176029,-10.8242868796573,-1.76482517861624,0.777591884422833,1.17655356854765,0.681403888570848,0.340939839621458
5.82877468219809,-9.01449644423281,-2.23277749247171,-0.881110165552529,0.544644711882904,-1.3580537920249,0.712147009308407
5.4093696289101,-9.1207054886237,0.767200681715377,1.04062838045399,-0.229887099547649,-1.37738935307736,0.627813741857772
5.97576095369973,-9.26552547275224,0.00763376838294182,-1.7685038797314,0.12144695915671,1.06712133471322,0.0541618730905246
5.64552100185396,-8.61876820526783,0.376082908941818,-0.957325850925189,-0.177922806132713,0.744056828556854,-1.16890064950272
5.91772749289435,-8.42641821506866,-0.653585241948008,-0.64619608134286,-1.10571635572585,1.46145113582947,0.374276423092257
5.8745954886528,-9.59640397618998,-1.36512578190405,-0.4581477378159,-0.662914092721631,-0.76889038549415,-0.788395019215808
5.6124132883862,-9.00435138310996,-1.285618000675,0.637363462126696,2.01140705611811,-0.942748853881201,-0.671968342348067
5.51632959959815,-10.101383644008,1.05884959384673,-0.308381442354708,-0.575096299154549,0.778733415400286,1.47237114709932
4.79967023297783,-9.44719356441915,0.3769623706554,0.579277591004076,1.17966128052513,0.818616792278994,-0.10093093554995
5.42901284615955,-9.41682362905443,1.44968841499241,-1.68243851086484,-0.175964977894634,-2.1049739222131,0.879731436621654
6.27556058290363,-8.77320785233714,0.452479063646152,0.544659928948286,0.351762700321206,-0.787796604038877,0.193931325706328
6.00782115559858,-9.26084709406794,-0.265982610755815,1.33882753938813,1.24811029489159,0.595778584288414,-0.562287154620465
5.28179659318636,-9.87133503327135,-0.220112220412662,2.13565742179553,0.336807069902041,-0.815352822614694,-0.53506370575069
4.15197046216677,-10.4620146736389,-1.38564791479942,-1.46311284276809,0.239740042957755,0.0345346221912794,0.325609963085852
3.87429767459362,-8.61957790376414,-0.0877362812705886,0.423637087876663,-0.118373343510116,-1.35994976923605,0.221057733003847
4.30896083654884,-9.38027476064177,-0.995015423118045,0.407159766840412,-0.436842349424033,-1.36916054276456,-0.6088789593067
5.29218560283183,-9.96277364254392,0.640756719740173,-0.486538510333163,-0.441132586694807,-0.820315701569207,-0.354128563510271
5.62952132284943,-9.77339317967943,-0.254745146874812,-1.96803709761796,1.49473167024737,0.60502452606968,-0.769682833382082
5.44636167166206,-10.6350928323759,-0.922476440947378,-0.257272655849278,0.0340142960146805,0.834557360740695,-0.628111474101829
5.4177464521471,-10.3490835167742,-1.4650573156471,0.421736474697212,-0.0261610253011228,1.00369366459134,-0.643812825679988
4.39920886210114,-9.23374066816385,-0.222448112497513,1.1910120249091,-0.609659287964665,-1.09020553876171,1.00778545076619
3.57170918770783,-8.41048061511058,-0.609374268665205,0.208136749884059,1.06925155521592,-1.65089417152435,0.842211835924199
6.5960192057083,-10.947893119425,-0.028585640609931,-2.23114823785555,-1.03505627888776,1.36477453299388,-1.58269644696654
6.79800460227559,-12.2216616041631,0.389145637310263,1.23711632586565,1.26687336119904,-0.246664089461602,0.705787217314917
3.88789293040733,-9.08514958059515,0.551736924858412,-0.200641314636426,0.370526199667151,0.400523328890816,1.59638523778486
4.17941230216748,-8.79563711294274,-0.16992987761487,-0.531294626373046,-1.51070533967893,0.0701535226775741,-0.121042298249708
3.8651756619346,-9.09196767021801,-0.402391433623805,-0.340184359579745,-1.08450524505804,-1.53182915653006,0.0471083426375245
5.4843841127481,-11.0685826305165,0.871886531836991,0.950944056466095,0.344009479969699,0.519289808902092,0.387554790628267
5.24129068385544,-10.046716274809,0.29894090920734,-0.530927465079272,0.59131705684079,-0.429328921465356,-1.0602439673862
4.94927340328661,-9.78186994921432,-1.46588973617687,-0.0481403793004353,1.80018978214581,0.146767016927444,-1.18565622307553
3.88913667012942,-9.60113280199208,0.397374412726713,-0.51321707929926,0.116212589281059,0.528523875210459,1.07121710505561
4.74809414538285,-9.90174591228091,0.105660792389132,-0.0595172200055241,0.96113176008209,1.92054863056973,0.355647767386669
5.09357036190266,-9.80094355534473,-0.589219073470623,-1.13051178845208,0.835972130735413,-1.17804407431062,-0.330349419637556
4.24862343602478,-10.3674528377939,0.435904347822809,0.523865097748075,1.46758276412709,0.0689755600728074,0.76090347658723
3.95088549374647,-10.0511178182822,0.330964584430866,0.109152170050923,-0.355476152417651,1.04528601401652,1.13222949702225
5.32139059569818,-10.548217228312,-0.643350470301421,0.952166182832472,-0.384351648592826,1.07299435632615,-0.904282290922514
4.61251955903557,-10.1884777161806,-1.78720614962372,-0.229439069326059,0.572436110612906,0.141345314095821,-0.964357616514654
6.8867257742283,-11.9735780069672,1.21412311499255,-0.624622362758763,-2.21461153487455,-0.890045279686684,-1.22066201614786
4.77017832902204,-9.53808359676616,-1.06042289706404,1.93331080886123,1.26653430658677,-0.893412062451858,-2.09087904898032
5.72936349881769,-10.9607560417756,-1.6213516078151,1.27427106902548,1.30843769093795,0.963618570067904,-1.02681932831869
4.69479960467365,-10.3030202712275,-0.686213117473621,-0.475776497987219,-0.1899487087193,0.64764796286978,-0.148884581426421
6.18112318555598,-10.9667876563752,-0.180946382893957,0.403548905281135,-2.02442524303085,1.96466131678719,-1.21140075517609
5.41054323680429,-9.8325595265451,0.378448745563432,0.38347526003485,0.187688564237329,1.11716034300513,-0.780609073941349
5.87114810685411,-10.3151459580621,-0.767099499828903,2.22328607203859,0.876222071187219,-0.416127004787308,1.73455453284641
5.28402319196733,-10.4526368469575,-0.278175225892845,0.170426888563381,-0.983823117099917,-0.547730932820977,0.468819528297541
5.96737509222039,-10.558034657389,-0.387545903035298,0.646769377015771,-0.794191008149194,0.633899984937368,-1.23871807632752
4.29611182122685,-9.91627644403764,0.969221425440054,0.259820797863535,-0.405678680801382,0.494582411606123,-0.333413244585402
3.50252845935813,-8.89359342120771,-0.38414654939366,-0.358226264299815,-0.622040819142649,1.20802076686587,0.788211745121034
6.0136400020894,-10.4010317530296,-0.0445503066841418,-0.848461513600832,-1.09120877983471,2.0860996538933,1.51806069001282
6.06966113615203,-12.4138656864805,0.535685725330462,-0.377396838183124,-1.51692780687654,1.92879512202947,-0.253362812804748
4.83795394025788,-9.92248893766911,-1.00677256517976,0.908757319681608,-0.829466389674314,1.4685182223895,-0.420239773167928
4.19717131084104,-10.0224536131813,-1.73361269247798,1.84696141067155,1.71989328736594,0.0673916175766856,1.8832442400962
5.68307952651398,-10.2331320896783,1.52729654146076,-0.0398413839151236,-0.00792876706030169,1.06713141046415,-0.139317231893684
6.42711965829877,-10.8736250878366,1.08608924810718,-0.0705993317906772,-0.777155816494328,-0.773749256804473,-1.19975201411062
6.11819690110484,-11.2845343438759,0.258345049918682,-0.162064466712189,-1.99606201409512,-0.498532892418139,1.07383088109517
4.83242471980347,-9.72739143585827,-0.434109119471232,-0.718983899256081,0.673716599139442,-0.996882055613661,-1.09265055113995
5.82526290617914,-10.2180251706928,0.0148185709959619,0.236833385014962,-0.796011227490621,1.46125885399877,0.422577660997068
5.79644533415593,-11.0855930982879,-0.773710307152191,-2.62380113645117,-0.276545170925028,1.40780241788282,0.52364945152769
5.00522664751389,-9.85800812131432,0.77753125852717,-0.972289515152788,-0.742660510453055,1.41043708998981,0.0497266899933979
4.26853092688225,-9.17354627071938,0.280491598350012,-0.694810257411584,0.182535999783692,0.696816305835154,-2.86847818275259
4.26207081217823,-9.40188445079495,-0.236564361980026,-0.0176525474857341,2.81651494762376,0.154521928314319,1.66954312095909
5.15260058145056,-10.9723941654291,-1.96468880731034,-1.06660430183629,0.949826803834304,-1.03060689381482,0.168629355689138
5.53350164179848,-11.0146131381661,0.823982553330115,-0.149744503886684,0.248470136864719,0.688308029178892,0.66690085169327
6.07740432615152,-11.0929138327972,-1.75775081236761,0.0204934998461322,-1.16899612744942,-0.0887995006316379,0.477508236798073
-9.86302542026463,-9.94050165003063,0.12727791569817,-0.224611523912651,-0.866014953769614,-0.462342775748983,-1.06653235316456
-9.85038604560763,-9.86165366378382,1.33476219254932,1.1017206933368,1.12866196082759,0.440891869866244,0.825840862678468
-9.95031788504282,-9.90797422149854,-0.462540700879822,-1.41771718376961,-0.345956938900915,1.82143155183028,-0.273935002020574
-10.1315000569551,-10.043348211528,0.469399428720051,-1.05776210942789,0.1339995599422,0.22523382633571,1.11129465717318
-9.93224380982137,-9.99314919727331,-2.22023083648178,-0.572239283932827,-1.21496763951763,-0.618235407932721,1.63671227441285
-9.97163721239043,-10.0010408673873,-0.297490004075314,-1.52970723393059,-0.933062722497754,-0.352187553070917,-2.56979702332578
-9.99052808234137,-9.88791319547543,0.325311988626912,1.0168681264242,-0.258719988321701,-1.75313640120876,0.153838816360294
-9.83326251238526,-10.1410599066271,1.68563201494736,-1.19853550307548,-0.51857343817856,-0.320931407301315,0.773426499010056
-10.0156169617667,-9.84918772141924,-0.704039064626493,-0.139408848909771,0.254224187885345,-2.64596248089314,0.433605177472941
-9.99892204373534,-10.0780131525383,-1.02110975943312,-0.525740137911572,-0.220401550881938,0.744648500434741,0.406634668208894
-9.98681302941291,-9.94187754584346,0.0514446355710136,0.737119687135085,0.0119403966613159,1.13476646348407,1.28727656889903
-9.94703044787304,-9.85821960869245,0.352543005171847,-0.525525755398044,1.77380876471115,-0.95963152693003,-1.12119331951727
-10.1091297065603,-9.9098512389793,-1.60823123962542,0.415989165962322,-0.631467896549735,0.0803915611194834,-2.688848272765
-10.1824454377753,-10.0566477608988,-0.295117571749277,-0.760500883874533,0.118009509713918,-0.0664661075802909,-0.884806047684804
-10.0160318104829,-10.2634898048463,-1.00242897164908,1.68812524379143,-1.44491413674144,-0.13219030193517,-0.124572855274907
-10.1886975968803,-10.0206104329848,0.173784358401391,0.494088432054577,-0.898437295042961,0.0305383523529601,-0.00383692194451679
-9.897112324767,-9.80712383890161,1.53793771940984,2.30153404614628,-0.643715907890009,0.997316580216237,1.6766700461925
-10.0786695763734,-9.7085238101556,0.356629470619053,-0.991479426532216,0.452125578058289,-0.841019354376632,-0.0572153558206123
-10.0100737929284,-10.1437110925605,0.310746441805645,-1.04968041307695,-0.652821067355482,-0.288792250998222,-1.45616024929234
-10.0599854666111,-10.1485335008133,0.852951694492881,-0.631283517987271,0.66547544850414,1.17723928077731,-2.18610262164384
-10.0011147651069,-9.96732100162362,0.713134504318187,0.636786351540186,-0.478828644832012,-0.270271870504551,1.36907493878601
-9.93817483377013,-9.94585826691567,0.264712800828472,-0.284212226957856,0.789663126344294,-0.232416858547411,0.857411743639274
-10.0813278423918,-10.0378884128448,-1.13950504377671,1.08324516304297,-1.49733890924689,0.447135039462641,0.97579811221627
-9.91035495138373,-10.074470810994,-0.248250702935727,0.455350205428139,-0.831183502658213,-0.167727250730843,0.24963333526684
-9.98560941409009,-9.97393147800631,0.113640603834707,-0.43897101996474,0.309053179263052,1.2557743482835,-0.841101636882384
-9.78288979326164,-9.91601173086981,0.1145315496921,-0.408600392531221,1.21208469929116,0.707401908054366,0.606973528013644
-10.0735177235072,-10.0835131928648,0.60097218071781,-1.04170290366519,-0.0240210222459888,-0.48940279156751,-0.403476139115201
-10.1527875567098,-10.1054289898464,1.6874906829525,1.69493529772265,-0.661272490780667,0.779869518647508,-1.01661842930315
-9.91488268842981,-9.95110439550663,-1.16377203033544,0.00261972357683336,-1.32210546271131,-0.37610695898764,1.32825866404849
-9.94830429397404,-9.99403022075597,-0.559726585239858,1.44426975327874,-0.553334843592602,0.742545638482843,-0.176972005874297
