-4.63369470667636,5.70663754508581,-1.00666901492236,0.546193205567084,-0.292352998146971
-4.78951967520666,5.2348977143793,1.58060340496307,-0.17530476748621,1.30277039780872
-4.04308824498802,5.90241476610175,-0.567233457154779,0.122498506583186,-1.13533094713631
-5.37615966566855,5.65938858350247,-0.891581109193904,0.190107948736647,-0.425929194746892
-4.36296114767077,5.04406872259974,-1.05001133217129,-0.191241498119212,0.153665691146552
-6.29670834964497,4.07058610799392,-0.00691735159200128,-0.333207104748372,-0.887389436046248
-4.35611532836744,4.04564472542145,0.304625957831534,-0.0101953177232268,-1.41683304452917
-2.99777589390116,6.9269548658168,0.805996141684667,0.193482497334739,2.84685452622208
-4.56507347837217,4.8982987115408,1.47874682994693,-1.37322865945448,-1.00386180166162
-4.55808833103206,5.75293437523766,-0.382130883296562,0.397204840785663,0.453851496510057
-5.99283385168987,4.29041016694168,0.227357415077971,-1.15135454799601,0.463162332756197
-4.97043103852761,4.63201347376396,-0.269839050492666,-0.751140339269005,0.602610610427036
-5.86887757622964,4.38058356037097,0.206080916526722,0.0361741512856734,0.437601462773372
-4.85654991116901,4.61879330662461,-1.09968341822157,-0.405977208647414,-0.603430352225878
-4.71601563567207,4.59717993666377,-0.0524954915089965,-0.611818597150882,0.354301631665061
-6.41627401588671,3.45998046994724,0.989786374783007,0.822131770894278,0.852326567983969
-4.5907795158255,6.20558261232105,-0.578250545250543,1.14523225357617,-0.511934429726499
-5.30870581297248,5.39558071439621,0.604350007937081,0.0944870566608053,0.792092721598993
-4.21253499345856,6.38651163389941,-0.186931030439914,-0.567695740561957,0.516464164785822
-3.98720411195247,6.75918479538254,-2.50526841954108,1.18451687192819,-0.441174096257083
-7.45088909286655,3.11165771945351,0.869354328235987,-0.4904415870548,-0.518860586378513
-4.91985566686543,5.56306470145439,-1.77034267520352,-0.0683583962322471,-2.12498124257893
-3.01016153007206,6.98931206674733,-0.385442335036776,1.90091324889705,-0.811166388056982
-4.80818398265626,6.20802146484505,-0.768799275632284,1.65101127226373,-1.20330223093415
-4.13269272378491,6.00009792475273,-0.369746364526113,-0.38930573165772,-0.304402139150781
-5.00246818253229,4.94298917637485,-1.0323622710454,1.17182797130293,-0.687492352115759
-5.28510786373136,4.65760201177474,0.00298879395407542,-0.698267116410977,-0.387597849532022
-5.05973274264437,5.28191020302457,-0.0358985582326617,0.172912240656222,-0.317043916719914
-4.4034671004543,4.85715214445043,-1.37364247551761,0.427241775243063,1.51083949252228
-5.56050394904163,4.38806959682987,-0.7102445938576,0.683720125987548,-0.223033274290544
-3.88284879991378,5.74217567931539,0.110856704636446,-0.633466136113491,-0.140386356696384
-4.91466803934618,5.50417982948495,-1.62193567082068,-0.911008638938698,1.48042812731158
-5.51899893730005,5.15983603627824,-0.579403584476032,-0.750610984934082,0.304791295321553
-4.24554954486885,5.76923903196285,-1.62288531316157,1.44731227564968,-0.488602215021407
-4.87798945356696,4.95637506601796,1.26878600515441,-0.594751099954491,0.481395317004729
-6.14747962745226,4.09490137125419,-0.302397217154689,0.399280980348477,-1.04568183635722
-4.86998147836174,4.96254643932017,-0.575930169671316,0.637511944690768,0.650639582751761
-5.70106755792253,4.80670052531883,0.110456543139753,0.540265478925836,-0.779418494965885
-5.44886651975697,4.16694545092898,-0.666169923244589,1.29418024880205,0.584330041375076
-5.3269974675376,4.5946720229577,-0.646171173266042,0.859715117802832,1.06301348784375
-4.05165819113691,4.80823935988563,0.176115198193687,-1.1559177318063,-0.26256647324144
-5.1224221792503,4.34092502195922,-0.855041691604475,0.388472665019081,-0.00477735990522915
-4.31052785099681,5.68151875256774,-0.250350230928359,0.667021669057067,1.55975307136453
-5.6724725901138,4.28443855846265,1.07795801344987,-0.405673559646798,-0.198465287276331
-6.02483956555101,4.04033342777636,-1.30664277300086,-0.228916948323904,0.883866160669896
-5.50768700344093,4.80587300320557,-0.818919814804163,0.681611877083324,0.580839355529845
-6.16498993081922,4.10293549155443,0.987075030683328,0.150984285905698,0.316703526002851
-6.22693963596052,3.40349504334088,0.163429353829185,-0.457323640997843,0.510184401491183
-5.16028135283781,5.31043300319431,0.861807946121224,1.09212260997825,1.1090163048923
-3.97561782709698,5.56785704163974,0.603255200743799,-0.339417337521285,0.178309803626835
-4.73885385989463,5.16920380438796,-1.31051115491453,1.5320475420976,-1.02995002330175
-4.58710130539099,5.02616769436793,-0.206135851909824,1.22492747788618,0.533017796113843
-4.91625588188346,5.18856769578413,0.315593161606916,-1.02600862551268,0.163248500241255
-4.53353402414465,4.89843197297267,-0.81444915359489,0.991505011899104,-0.235435629185182
-4.86821075228202,4.09449329245946,0.571911496525894,-0.978397661827865,2.71756538946993
-3.62722524892285,5.82149254537955,-1.05154156302187,0.419930615986918,1.50631089020446
-5.16857271240234,4.08502245009455,-0.804467546844395,-1.31539531534753,-1.15521857098494
-5.04731889174747,5.08931167893991,1.29162814745735,-0.830519405430183,-1.44301814733415
-4.39438137924655,5.87712246958881,-1.43835167305323,0.741662831963201,0.467312891688217
-6.11618134924012,4.70785538602634,0.740609046501528,-1.39645068327821,-0.418871588726274
-4.83378537808225,5.4399317836559,-1.34272661583979,-1.59010720519825,-1.19494845852699
-4.39949325448031,5.26776983036617,0.268941045521957,-0.407857188715809,0.421790127273976
-5.36685016685752,4.57902353796464,1.93231269590502,0.0599231947102197,0.221834724476841
-4.59967777413716,4.7252393055574,0.0452291399602358,1.68778893307741,-0.298876450458739
-4.37159581495278,5.50486865339305,-0.954029233207322,-0.0979769704872617,-0.738390006639228
-3.64575648744808,6.6087115290568,-0.701329672119655,0.634017124923036,0.967679242404847
-3.05625069347328,7.57039202957113,-0.390428320010939,-0.13234995257385,-2.05385254887436
-4.55383440260623,4.50326561204895,1.18561674585129,-2.51581922136363,-0.684857444663177
-4.4825541819918,4.96356256618275,1.82842872316623,-0.588763063845956,-0.602302494583972
-6.57577228360306,3.61113066781005,-1.54655440267326,-0.759932890233567,0.887513415502941
-4.24777255740174,5.66190832659607,0.433377551740142,1.81561655464441,-1.3943106919193
-4.90830065019539,4.96543153165665,-1.54233600904832,-0.897993041130489,0.540883738386216
-3.53354119863839,6.8535406283717,0.322937372170237,-0.162711135228988,1.08616294444122
-6.94827720896384,3.80228128886684,-0.344958876520247,1.44626144333692,0.423391180389788
-6.69833752064545,4.03681911610379,-0.62271171656597,-0.096897575545569,0.612568943593705
-5.26581883726324,5.27303909595173,0.546521413764136,-0.0479263179108065,-0.0958135114606058
-4.36027824040322,5.81014472961157,-0.637196525856978,0.391755309084436,-0.162134973471276
-4.65055561892633,5.48659219615354,1.38370433215382,-1.25364520753339,0.855436783468157
-4.75267050328044,4.96174784515418,2.10087546419336,-1.04062041399382,0.124311630512227
-5.01518900162157,5.12845406716735,-0.196312554138749,1.17587084655822,0.453044635386675
-6.06845797069251,4.71206288708346,-1.12730877054148,-1.354571132454,3.0974671737364
-3.49153835399916,5.55294998348711,-1.00372753140997,-1.73274505507971,-0.478405770056399
-3.92525487124272,5.60255607560113,-0.212950040050447,0.452751012231362,-1.19015690330482
-4.05408476194239,6.10273767816924,0.0911668439799184,1.01922108478173,1.1292788582684
-7.26478209852399,2.72619742240201,-0.49599530805507,0.0134120020788505,-0.439297681607105
-6.45507020346239,3.03313179715984,2.20718082244296,0.935416475055587,1.77068755711564
-5.01320554986857,4.8882287385101,0.74749011552121,0.703664380582885,-1.76205548357844
-5.32039178463586,4.52742064828451,2.21464516684135,-2.2416337943552,1.46077794018551
-3.26358765469486,6.41041880613978,0.2577149552529,-1.6059871428611,0.0163022968159121
-6.1924936002127,3.36538874658255,0.3099572107886,-0.598631676689889,-0.710400271177261
-2.60883232997738,6.8378191505371,-0.907897864906819,-0.478079302763601,-1.59878758966665
-4.32741464128491,5.29778059024037,-1.21856532081418,0.797208606566608,0.853918925981663
-4.24608776085517,4.73594784634942,-1.14419228615501,-0.137753877029889,-0.240666576933094
-6.10298478470061,4.00036660882773,-0.4297260957808,-0.0785616362208365,-0.181835326412293
-6.47354801907572,3.74743664760727,1.00968000510441,1.44494842832823,0.107690648095609
-5.0772274414604,5.72883689406907,1.29963031559516,-0.896500816512477,0.0238202216049755
-5.35231545522302,4.82800831961091,-0.151870611465877,-1.56803042703313,-0.848208886333478
-5.21497964585019,4.62156479931843,-0.462487001146975,-0.351669831636759,-0.071537948808362
-6.17982533468344,3.87801194858221,-0.416162377844829,-0.504446927151165,-0.5969889318267
-5.65064313024903,3.61525979457933,-0.732898612933556,1.09649707464439,0.381973324615188
-4.49526947112935,5.15695706919619,0.00393237670195056,0.864420377950481,0.984527754082747
-5.26333799774946,4.81074300262707,-0.755341371557667,-0.872122962102097,0.187902890241238
-4.10343809844562,5.32804021627133,-0.685396931134517,-0.0989737824016707,0.573050418705707
-5.72863421940134,3.8026501285563,-0.222379155069779,-0.580402018327327,-0.571092811005398
-3.25333662852477,6.34439777592284,0.671370412266797,-0.407251451537273,0.598738842802445
-4.89589342879909,4.88347562156578,-1.65523598552098,-0.639612645236441,-1.39398125562214
-4.9276182286442,4.63756171396923,0.158103978906758,-0.636154297083766,-0.166390114621962
-6.0360144478485,4.68678955641978,-0.680163231408112,0.252580444148848,-1.48485275142474
-6.02552216373149,4.30090520739775,2.15827973827674,-0.608695110770078,0.372366990546238
-4.25937411643675,6.02966576069051,-0.785268009177826,1.5552201360117,-0.379043412856011
-3.82203853560541,5.83319586484268,0.878576798277231,-1.34413662232655,-0.192631741272139
-5.26907568347815,4.62268307703698,0.690391269769505,2.07196975495668,0.24124813911826
-5.44971533910793,3.72533833455871,0.925196421481187,1.40831442650619,-1.02404068149473
-4.83658414538152,5.39416261112354,-0.10800178912322,1.40509652822766,1.01312703903337
-5.32063056852927,5.57425734010736,-1.55553270653257,0.517418445534785,-1.40291373280056
-5.09218689010078,5.73526753077638,-0.866643538749692,1.24955120642601,-0.0417223141106059
-5.33619436465843,3.77958130569734,-0.873759745914398,0.85879096988857,-1.42189253100097
-2.59603354159884,6.4737948368512,0.94885612258766,-1.44117396115187,-0.572469681783612
-4.80799736406803,5.73798922615951,-0.16223880814983,0.948029785906521,-0.701195451215652
-6.44397182546582,3.94765024422337,-0.907768833778057,-0.310650602455085,-0.152496802628702
-5.44155579247879,5.2239066530308,-0.767538346482363,-1.42506463208811,-1.24544150941875
-3.51763506970151,6.01718855032749,0.00790030334954634,0.754541053788761,-0.789085293323489
-5.13309869623498,4.86541577249974,-0.474630166832747,0.638075299234255,-0.899093728793536
-2.88270519004536,6.28406011947414,1.11561154420042,-1.75510308837788,0.503127516800543
-4.08927540561409,5.10844163628171,1.63051602716334,-2.16662645672883,-0.148786133671267
-4.66249630586347,5.0101235581319,0.274946818959939,0.094912288349645,-0.549772773619291
-5.23261836708567,5.41519251949394,1.47020874490097,-1.22590412673119,1.3005282282009
-7.16406853453626,3.40998086739376,-0.19994826174065,1.03868731563179,0.676450459937325
-5.85055136520158,3.79250119968897,0.615551885651437,-0.325855702907524,-2.55387249973682
-3.96471882111363,6.20845211180342,0.496056259963663,-2.02735205847077,0.116446841982702
-5.96972495462853,3.92164294600712,-0.963601630013801,0.252306826625801,-0.229422634807391
-5.53091984097189,4.3925951773939,-0.661654116293762,0.196833772598696,-0.345854755826651
-5.18559894660909,5.07294309546541,-1.60134638427717,1.71276516458987,-0.633313617919484
-6.5740684549551,3.23211597712891,-1.35164179718103,-0.298897426917969,0.657261667808156
-5.76083225444748,3.96242732653234,2.11406277445032,-1.8283096751275,-0.302670087056863
-5.20606854377146,4.68757603921371,1.41974781834174,-1.15000531074374,-0.00904426901445925
-5.26791058973444,4.74124059221134,-0.153444405611967,1.07220903665226,2.9166571824985
-6.59536209499468,3.61332265135668,1.179761974353,0.211445948116083,0.292492992473639
-4.77246637086502,5.04286255912276,-0.298209941070895,-0.370950104918079,-2.85956181705071
-5.5387282275885,3.85174691973827,0.637877032285148,0.633215559705178,-0.299356473738636
-4.75450214045997,5.55795849742336,0.0246906033867517,-0.521907359108644,1.10432516265753
-5.1422608566575,4.50445826276883,-0.055370636923887,-0.30594689873143,-0.237954357526103
-3.34094330211595,7.8253273795415,-0.0478439592596761,0.691441753112066,0.382373654534486
-3.6255506573061,5.27277987388111,0.456369820684327,-0.3647524129145,-0.0932089852116714
-5.25181995954466,4.66265944565524,0.322356604170941,0.275150988550699,-0.903881907791155
-5.99862139747451,3.21550421714891,-1.60826844443055,0.87948388366658,-0.397864703504453
-7.09808060247183,3.78832241383556,-1.32212642792714,-0.190424151236905,-1.0392012375817
-6.16201562871195,4.13019473848977,-0.236139946712822,-0.788318886124575,1.18348286475319
-2.4572876290473,6.89076175843538,0.29095834927183,-1.26815043295425,0.756806237061138
-2.08855296806538,7.46324884264352,0.265928044939491,-0.30307398098389,1.42786796188398
-5.90073566471307,3.73728915595093,-0.629979292602645,0.336907851228585,0.8701316218165
-5.28724781416394,4.9393824060344,-0.0743403558872751,-0.0195614792133924,1.3865328143897
-5.22831536800286,4.93654111040349,0.323522541488227,-0.0212729115609766,-1.05236735917637
-5.82373163867092,4.02201079172499,0.441876980291186,2.17753946647772,1.08903321035293
-5.9381391131903,4.16800183116923,0.67580070953914,1.03978242432328,-0.236781883459489
-4.85057241989046,5.06254279678251,1.6225287847634,-0.230901695980159,0.547098715005335
-5.15569281930703,5.10393171474441,-1.01195609143574,-0.710413096362169,-2.5629563883126
-5.70391597029018,3.84905131990379,0.928841260485008,-2.42183498506731,-0.323629029920672
-6.5544067528922,3.55862362577634,0.183220981540618,0.330859477262492,2.16255027689343
-5.45877826467465,4.63487021779353,-0.152577310557404,0.0599475222275138,-0.854502583597639
-5.86913887876211,4.12021604080979,0.264894166999807,-0.863873676519184,1.60478278326416
-4.80162627470098,5.27240430658716,-2.05694365937458,-0.27309956477467,-1.28565662635046
-3.63931037097026,6.39030490839347,-0.20088488449101,1.52676757363692,0.232375030816301
-5.89687893997553,4.74289960449316,-0.510300953819732,-0.597796181313886,0.522364160807736
-5.55755044872388,4.34373565355558,-0.434229341960192,1.79066679503173,-2.02323032662109
-5.87532755852656,4.20428558272972,-1.71301331901245,0.354456540504336,1.3746947254584
-5.40236846709552,4.97407296151538,0.566803367910657,-0.479104742758612,-0.51406024729371
-3.75360007463654,6.44770212301052,-0.573434026032754,-0.691185494888421,-0.113341059559937
-5.93911128392548,4.1287286545299,0.704623410120463,-0.882157101844179,-1.88118737123741
-3.79430764201721,6.372555237868,1.03928348135569,0.575122236056698,1.18631032198047
-6.54391008188545,3.95646274262793,2.68106646821362,-0.0259606900661261,0.792353894988242
-5.9293373300716,4.50221803275394,0.510146144079941,1.70036313630939,-0.792455324917487
-4.8770932603717,4.59544466281745,-1.25001108527675,-0.497332239362396,-0.126559531949749
-6.0557631615229,5.03139796750072,-0.937698322733792,0.453724241744899,-0.22691333535199
-4.7638455444842,4.98481929518341,-0.72324610169484,0.487653137577703,-1.19023080298559
-4.93980179300626,4.98930691358049,-2.84066360754463,0.84868913644871,0.71893957550417
-5.60860715488279,4.48439241774599,0.685244023078513,0.638583575726016,-1.12608824930844
-3.40216111259613,6.92737141480639,-0.479200963561178,0.743732349147184,0.262976574450275
-7.22120829542198,2.89996568069145,1.17813499016952,0.061020775342753,0.139464387667307
-4.80274829397546,5.22513223862019,-0.0731410138920864,-0.00960162933979413,0.171822510532593
-4.96069507882839,5.90929888950425,-0.494098127728133,-1.45234547801051,-2.91455762781916
-4.51190819126046,5.69984998728147,-0.618770376600925,2.36415716704283,1.15839363519502
-4.30050470325426,5.40072532412532,0.990945052610415,0.275965909906982,-1.56802122760051
-5.46918337597027,3.9800588029188,-0.495760061881202,0.911133748210106,0.587944119117453
-5.38527012633132,5.13466731983603,-0.0577764553346816,-0.0691407312939079,1.67409368243222
-5.82605256808773,4.77526812834909,0.21592255942004,-1.18658359165811,0.745882027175079
-5.20357286143855,4.1870659179982,-0.987472687982997,1.87575342944465,-1.21213082777469
-5.07991563717354,4.56416018585708,0.151957026788423,0.639421704861828,0.346693069662896
-4.48281354725471,5.90526341635884,1.40448642859357,-0.221452481692501,-2.01160547334669
-6.31734552044131,3.85742549765441,1.06133177819366,0.624450086734062,0.033966931716588
-5.04113017378287,4.6885852603055,0.333123078068825,1.24019386249636,-0.519612552707835
-4.52667525451101,5.05902160361903,-0.0664281056047003,0.635369635485377,-3.06267114252432
-4.63589578739927,4.70397438567116,1.6043999237988,0.292682628734225,0.37125251151544
-5.34887093844162,4.45376323788593,-0.77751211643626,-0.623243648580782,-1.20788622389047
-6.07319974609704,4.37810405053544,-1.11640734233039,0.339767541051082,1.4392931960461
-6.26423839584133,3.08519761975559,-1.72005590927077,0.256606253239902,0.77091649451161
-5.32675739443202,4.81569430023257,1.22172232885097,0.0400707218125583,1.43274118608528
-5.91187883207211,4.82109888174118,-1.14451809080337,0.63958590340886,0.831409146700341
-4.83200180015195,5.43070128743536,0.764993541490054,0.107679864581743,0.656257713123538
-5.96911723314386,4.65683058127637,0.392426415789357,1.09306939967034,0.975865806593519
-4.37156953325462,-2.73712295804974,-0.143441529886412,-0.225301595636489,0.137337407516553
-5.6921018634427,-4.49488122540247,0.750877418097244,0.168184951574653,0.0265561344894014
-4.42157414840974,-3.52142027068788,-0.453933723704445,0.022520241283231,-0.214103088579305
-4.25982099222747,-4.4277956877452,2.27187110660354,-0.733588949427491,0.472681797108424
-3.15106199915871,-1.96561628750472,0.804877556943298,-1.02981360315042,-1.86439862971313
-4.8281083190526,-5.54889689333673,0.119227595362168,0.0351247694340364,0.00651549533121814
-4.71198053565987,-4.96374225268233,0.716712849039206,1.01530846597373,0.40031084261844
-3.71728272963322,-5.65190025038159,-0.673115201801631,-0.00614613123258086,0.592110324276859
-3.43686946945449,-2.94540288701403,0.353852620518593,0.794311777312761,1.00244578859752
-3.73051152344878,-4.67050511321194,0.330286974318973,1.52890255175787,0.637285442805616
-3.53221008694572,-4.21444686768547,-0.466721378524059,-0.126758204906967,-1.90268798600665
-5.14833424010064,-5.005023176035,1.11426180077044,-0.513266043162921,-0.607274688934335
-2.45718859645496,-6.04891892081093,-0.536380830604491,-1.60269353987905,1.40043965270999
-4.17017453477344,-6.2857757020697,-0.520143085354758,-0.248225145665759,0.873779893778234
-3.73712304274285,-6.2966645946402,-0.287543092170159,-0.508361372067076,-0.0952159766279779
-3.47760788488886,-4.53826924221324,-0.111782453525033,-1.03798227464384,0.322568302458374
-2.77097947063156,-2.78481873630807,-1.65740549887842,-0.832958531004439,0.560524569706746
-3.55327607146263,-4.55805327989967,-0.768336433388319,0.760111288083541,1.2128062198687
-4.43309697062882,-3.09948739670879,0.160052449047341,-0.371021736418959,-1.861485998553
-5.75772782534186,-3.36960482353795,-1.1761600781788,0.543888471523249,-0.370785164604055
-4.9328428359037,-2.42233394141747,1.11023221098716,-0.0879449253737112,0.393577794146519
-2.98562407277227,-3.695251363804,1.94564516380536,-0.326384577089066,0.778398591712095
-2.18612821694846,-5.74418341090629,-0.700375337551692,-0.538224295682516,-1.39668392964459
-2.73539353787916,-4.71777668241229,-1.42369033692037,-1.0686264733133,1.99630641563502
-4.18568071531444,-4.90625489795996,0.578292170094609,0.189289335634342,-1.03592354193278
-4.70965572796163,-5.67779879393663,1.74553559019645,0.684516109391535,0.187268037479554
-4.15938573625667,-4.8994007450364,-0.141656747948025,1.65101326948724,0.299764750031678
-5.52451448685521,-3.7085186385087,-0.152638105171467,-1.20831681700706,0.62054938988682
-4.30526623307417,-4.00266736240555,1.27999408378416,-0.254396610749415,-1.00558286938634
-3.92558716828034,-3.72145457980943,-1.34027886786658,0.959703936028882,0.818947008223786
-4.58231197858475,-1.87416844821355,-0.259546706227815,-1.37528014016095,-0.30739999886978
-1.32857865800175,-3.78985309935131,-0.340226554770702,2.15392928926945,-0.182865610989112
-4.87279453309103,-5.15585240279383,-0.247139279819646,0.64971543100846,1.51547247360344
-4.16527863856403,-5.09247715811595,0.374727285697648,0.180513265838191,-0.65488043272754
-4.13585595400165,-4.92703732606276,0.956068863476644,-0.414726820585703,-0.666527488570445
-4.73110210948211,-3.23373301149777,-0.366897499857121,-1.07407915981119,-0.0764418901153
-4.94075745434676,-4.01911473394704,-0.0889605114996629,-1.85134944764211,-1.36797852477289
-3.5343280159555,-4.72574986431944,1.91657855744517,0.329184468399163,-0.411399987195545
-3.25211007632889,-4.44663466456694,-0.416907098380099,-1.62510352658197,1.23529179541837
-4.68549104013951,-3.57750030273917,0.0712514898710707,-1.31537445437502,-0.646076188379282
-5.3116118777542,-5.15760141695826,-0.349731414898257,-0.175584650684068,-0.373402381940843
-4.90217435110177,-4.79734412172481,-0.28184213780214,-0.736350782573297,0.530296902394115
-3.44732973813713,-5.63057287506635,-1.15290561109308,0.39721634277104,1.57855061481516
-3.76492908443403,-2.94907123470341,1.97844040099839,-0.171545103214134,-0.22828310662227
-3.90169875297602,-4.87981137671788,0.730795728049766,-1.2157583906815,0.254268213014508
-6.10335145559479,-4.90184904025502,0.589386079319246,1.13348878788898,1.36097013881261
-5.17042060545179,-3.04586424784886,-0.310919671925237,0.650052805636808,1.48964104058127
-4.0607709208807,-4.31917844180009,-1.52956207595085,1.82345550804199,-0.368572225357666
-3.42426210976386,-3.7820610894419,0.498190295466102,-1.5095416281777,-0.122621361391701
-3.70593534151597,-4.34144957426449,-0.938208637658989,0.152108165739109,-0.874018181371392
-5.08498181309322,-4.57297011381683,-2.17357834961996,0.0833715537021361,1.05204943396878
-3.3206824799618,-3.83888660292965,-1.145115213404,0.307488325093643,1.15367315491635
-3.94010490434752,-3.53330398077569,-1.60083045561873,-0.250045456293569,0.401365568498507
-3.24596187250516,-3.55729001522907,-1.59676409077587,-0.679360773045106,0.394934116135882
-5.786000393881,-5.31118607450597,-0.602813384850118,-0.969512729982388,-0.212750913334878
-4.92614303977095,-1.90435704793368,-1.24033014094023,0.51423474255733,-1.01305682877839
-5.18452489915949,-4.48351738362537,-0.798258524670552,-0.511901114354677,0.589054962910292
-4.78288160278399,-4.6596124387465,0.50831377791817,0.421492574773133,-0.725036388622442
-3.70723902374093,-4.27488856317385,0.555450447165905,-0.467307084455346,-0.208402919239075
-4.76897145410876,-3.44696116488953,-0.751086936743635,-1.33736003800135,1.78206834974952
-4.32757617426249,-5.43174751186517,-1.19573249970649,-0.731773695521412,-0.177335878747623
-4.15093309212665,-3.08695005342031,0.0969921736291661,-0.525955725070342,0.114900685821203
-4.27391406900243,-2.90824518690555,1.98487229780915,-0.653436321600856,0.353374237541672
-5.27446592747272,-3.5099672089974,-0.140261945231774,1.43304213404691,-0.0465545162871935
-2.29106898978163,-3.25190104500139,-0.0695529251210494,-0.932842627642993,0.506798245483858
-4.09437549158752,-4.69913630194378,-0.653254757151697,-1.32806470742084,-0.0986611364415328
-4.05722646733855,-4.94158802306892,-1.39705998996479,1.24738677121793,0.232385297758445
-3.34747432297351,-4.88175578683174,-2.73059158284117,-0.196094770026076,-0.064285406982714
-3.09296152191301,-4.53365652698974,-0.185147149738055,0.150103070313442,0.789737483367301
-3.82097447370275,-3.88042407639081,-0.305639819246578,-0.0934964808110639,0.907278946790969
-2.96035511355975,-3.66102405318152,-0.783153865425619,0.442669532357397,-0.268191893688909
-3.35750808209752,-4.11770003256723,0.354687414003532,-2.36688147799607,-0.30378017319646
-4.73949990689281,-2.97482921968249,-0.433684421306468,1.38665870151946,0.726063756925771
-2.84777491272868,-3.6394647769768,0.95284920721215,0.23883556532409,-1.49982644896748
-2.57877623368023,-3.87052772488056,-0.621832134300715,-0.571650679134448,0.138512697077318
-4.03817659924859,-3.95465926519628,-0.461720814113862,0.690173271167065,0.849445070234141
-5.15078538295134,-3.85809758100005,-0.572441654778167,0.70813719048309,0.878877275322818
-3.50117827978468,-3.7827282805245,0.279886166409975,0.185428282265746,-2.46576644877638
-2.65265995335216,-3.19914986337237,1.36825614542388,-0.355912118988189,-1.28213778059058
-5.01633388703859,-3.87855509374853,-1.56561576959892,0.577334462947251,0.843396291446639
-3.52632076839243,-4.99808526646331,0.734236369689292,1.6270807498827,-1.72804541934016
-3.13991669869069,-3.10823998361808,-0.509950381789559,0.137143156145412,-2.07933971752324
-3.21356043993396,-2.32046486206379,0.291771711688153,0.596923025366677,0.499020655928269
-3.1907142690563,-5.92764175780994,0.264375487273752,-0.925855911105273,0.613320821846841
-4.04416494652116,-5.07994502687497,0.606284170655417,-0.723039212265048,-0.804520196144798
-3.89305089635039,-3.60940982805906,0.691813294116714,0.927245968621105,-0.362242001999855
-4.74787488625048,-1.97759019704442,1.14917988931742,1.28571876419227,-0.139317835288456
-3.47130052935775,-4.65343604827518,0.249643594335772,0.920014534964945,0.0152925470630769
-4.14563984788632,-3.77047217775045,0.341535305226386,-0.604314191613491,0.247914194948019
-4.33877181390475,-3.21893526816578,0.717391414908136,0.649402822818139,1.09446810907817
-4.29686006527471,-3.61180533523421,1.44043341486783,0.239973688771306,-0.459491400188093
-4.25848457074886,-4.18619357191779,0.986883077993905,0.303870925472976,0.991709582782078
-2.44186704994046,-5.58890490416151,1.40304939338718,0.466747085528104,1.65134387117883
-5.62343721038636,-4.5448717807132,-0.839721851157768,-0.557171062517361,-0.152377584034343
-3.78118660428423,-3.17564658921121,-0.77092926590633,1.3386617914524,2.78711588625749
-3.39092894628892,-2.44881864046327,-0.341056933293734,0.748210005840219,-0.616247028223194
-4.52551021637079,-5.53197338159096,0.823608916226935,0.789039395269033,-0.114670415524868
-5.93784057684982,-3.90318609643014,0.306667366556732,0.473147402922076,-1.09291939018115
-3.26726108923779,-3.47765068364861,-0.724763210103866,-0.480956045178415,0.443191768152027
-4.28643573658999,-4.44817985984423,0.967808007980902,-0.928710532278022,0.608581869725196
-5.60314968278269,-4.12854414068905,-0.107413001409429,2.92832104901335,-0.151227197404275
-2.78722009762333,-4.41196101328148,0.288983310168857,-0.915142788398161,1.54636945713851
-4.56628977117019,-3.48982015912825,-0.576079034181226,0.036368974949681,2.16385869651928
-4.5412672962879,-2.74496198800159,-0.870410165898549,0.738548077490267,1.03697578418112
-3.25141816747002,-3.5389000825917,-0.771425241475102,0.996008458011346,-0.0143239757655033
-4.52531692764962,-3.58892050150404,1.02546824163706,-1.09159510175405,0.814303237712913
-7.37686001198884,-2.79442557870102,-0.33352506820374,1.84758739635994,-0.0189268978481728
-4.16155204935851,-1.52261901014313,-0.997231633468915,-0.465186471842347,-1.38967583139089
-4.21208034333477,-4.6378664485446,-1.45043819322362,0.261904306552228,-0.978313075861046
-3.01510557903168,-3.76307818817513,0.534529449544106,-0.625350344349778,-1.5957551475075
-4.27203028296902,-3.66375448910585,1.99799030154285,-0.764685488036907,-0.895719578333328
-5.08014703301675,-2.54087260692738,-0.600657855960504,0.135903425822869,-0.138633276415022
-3.41059212455472,-3.84117686591676,0.109425032243978,0.178468687403452,0.923680346320622
-2.46806210763277,-3.67653643410042,1.09673165633489,-0.120367015159003,-0.774376565257634
-5.20129043438299,-5.9100078219314,-1.81055467982624,1.7891129969031,0.933305870462333
-2.88669903900494,-3.4080572149444,0.963934614920004,0.810904690099408,0.26354959202896
-4.81580230488329,-3.88449375574067,2.26404472272005,-0.784178771201485,0.897990394345981
-3.39951874799836,-3.65218042247748,2.38319012628972,-2.03119373610345,0.0375610285104321
-4.06353499879978,-3.12134983453283,2.49617974870426,-0.0242878759808243,-0.96419900871257
-4.95606313321154,-2.88521890925338,1.39064166264611,-1.01046797973255,0.815125951675063
-4.964484771203,-5.12510838352118,-0.0413071080219399,1.19122325103048,0.188783467895128
-3.33793611770067,-2.89704201699985,0.247195324451976,-0.376229871442425,0.951821204053516
-4.39596932693926,-5.88608072666342,-0.236179304674327,-0.248543102562434,0.309540511613752
-3.72799477263602,-5.08526230708514,-1.06588154735266,-0.884155271393295,2.08836143996755
-4.06750267403651,-4.7466874584792,-0.818980573000791,1.54134165576398,1.18461201707009
-4.26016461429263,-3.22563635189328,0.385437077802129,0.468393573215357,-0.962718500123579
-4.17633432627192,-3.42650974752608,0.710006366785601,-1.28480198201842,0.365465685482657
-5.54508809034793,-2.23437705255117,1.32665769518818,1.13637422310438,-1.47005948713117
-4.99082743656844,-4.67108206932629,-0.365485442512238,0.154430520002558,-0.163915423482254
-2.75995977404687,-3.2591238539136,0.252400525884398,0.423803057525143,-1.1279832554953
-5.04881967852349,-1.4042371433165,-0.171305878442696,0.544377787363246,1.96866044590966
-3.07596531405755,-2.19427802618859,1.05458906838207,1.70169044448058,-0.897566511280786
-5.22887116494609,-4.27092088219115,0.599746282719905,-0.063283812321956,0.847263456061286
-3.90326289923312,-5.0183777886782,-0.893360545241765,0.259276357267241,-0.101820962755246
-5.60534185619531,-2.98748705228192,-0.5398141709885,-0.618426873701632,-0.113771366498888
-5.60127082884394,-4.13274999045857,-0.698779809271705,0.249066832772175,-0.769836239157779
-5.7971312134236,-4.73584159130783,0.68064587816268,-1.42907229941506,-2.42102764141204
-4.42007931768119,-3.54316929290127,-0.521714700545141,-0.154838896033609,0.347626255090269
-4.59233461144206,-5.26968754015864,0.882666645051862,-0.34747375363129,-0.297262055236869
-3.82005344101872,-5.58882362942264,-0.738020625648503,-0.448864642592097,0.956821044340352
-3.41354277904409,-2.92812715205088,-0.910447223145486,0.691932147375298,1.51738254994582
-5.24117389528926,-4.14898437019352,-0.906834997674666,-0.545118804500038,2.03297061701409
-3.25017942245367,-4.9470863130116,-0.623258533330506,-0.0231383836542139,0.8578660500352
-4.07982509056349,-3.13834557583594,0.649704465224325,-1.2547197361719,0.498929012212369
-5.16590176294124,-3.94283800223998,-1.46037848335849,-1.3501581455827,0.21635611795348
-4.21661662842218,-4.81081943651474,-1.29488281780629,-0.714009278564288,-0.728694750350458
-4.15488652555845,-4.6930273556209,0.326037719782921,0.30770868774143,-0.55876614518263
-4.61860216530185,-2.00392368012547,0.165798446215328,0.52802578137932,-0.385204049077163
-2.61888804301865,-3.67389221203132,-0.877817156280571,-1.06034818087469,-0.0153034783969687
-4.17059068413641,-5.52038666637385,0.612207674280426,0.327226060823694,-0.722705333560707
-2.55536854268469,-5.04806027539489,1.26887574928448,-0.330204485445775,1.76748974131354
-3.40249333151658,-3.41963031911845,-0.064800681951068,-0.0149397917249882,-1.35318862769048
-4.93578325870974,-5.40591778550931,-0.997831253860575,-0.867446498890615,0.211895248400372
-2.24468089917378,-3.18890149129924,0.394775454653857,0.577352681381567,-0.683759689169136
-4.02041852364503,-4.46252007407113,0.780999968350731,-1.13899872541967,0.349001588354162
-4.81641291644117,-2.66145549944577,-2.09829417116245,0.382897469417149,-1.28469452938908
-6.28830866759516,-4.35020893932358,1.12401121494002,-0.951249773857892,0.0980999449379775
-5.16319927864557,-4.54236132675846,-1.70941335189549,-0.618239005876571,0.323486647973899
-4.38830450985685,-4.14254650385609,1.69850992004851,-0.394473290111182,-0.218866316366724
-4.43537125694457,-4.6818301395534,1.07013008336774,-0.450967648429692,-0.627497329783365
-4.7334893895877,-3.10842397990582,-0.900982585845535,-1.43353871749611,0.386201360847744
-2.71541050581467,-5.079278546796,-0.820916796530421,0.291025150239964,0.888477044589212
-5.28194262174673,-4.17493175986981,1.15353131985018,0.681705026948645,2.36925511118668
-5.03104687390416,-4.52578590738245,-1.02262054619388,-1.87252062870048,0.43722875584912
-4.99695630085997,-3.52484629463892,-0.192559078167585,0.689323979835792,-0.0239016599082098
-3.66798317531585,-2.94287307504751,-0.403880430580516,-0.298381289210693,-2.39711728040355
-4.55833018625192,-3.61296704986528,-0.34054702050024,-0.472122903332541,1.26167413461077
-5.94753165359446,-5.85627960501848,-0.630273297131423,-1.00944854395901,-0.518592190153043
-4.64050124359743,-3.78348162017363,0.838113061912785,-2.27339268169222,0.543993664381324
-2.19496875026381,-4.35400718059957,-0.316564301762532,0.320803217806714,1.04513204178309
-6.01723335634521,-3.58661774481964,0.013861402775597,0.896000079304918,-1.53713578640578
-4.85561698663294,-3.8378711995004,-0.348784695365407,-0.0917906864913064,-1.14649392624807
-5.11529098865769,-2.53094058699076,0.797037484836172,1.58469415965194,0.538529171888018
-2.96070301432898,-5.40868040663933,2.97013540493754,-0.85597866725016,-0.50081889748225
-2.65817792779578,-2.40933552973741,1.90662753452723,-0.0876875169849181,-0.890266267497087
-3.20103361894514,-3.28771077542937,0.170872894504534,1.57092885562935,-0.765658657282192
-5.2373605897469,-3.06796115981657,-0.464699796468386,0.141552810084615,-0.164570992782224
-5.50580829331145,-1.93788310127384,1.48202713116257,-0.686554544429222,0.386199021421675
-4.26796656609764,-5.51776007294654,-1.3244409597729,-1.70081125995833,2.56457016772559
-4.89385695814461,-4.78084163171439,-0.803083718061105,-1.16655866092305,-0.222661914035127
-3.92082569122969,-3.70863310227689,0.462831818913138,-2.05941907986103,-0.803800150999056
-3.34653721696126,-2.23252193895902,-0.969049962712657,-0.240482353468919,-0.925370550287899
-4.90558993177568,-2.42132495708645,0.315631375898889,-1.36983368553533,1.37299499613773
-4.59501006720826,-2.80595412789493,-0.133449927171364,0.817109597575113,-0.11561761647232
-3.13740779272947,-5.34684991463775,-0.471810172178923,0.390502361332776,0.223214561377707
-4.3158176234941,-3.78238746680192,-0.0644893710991502,1.18386397546261,-0.775581516034512
-2.26454837708116,-4.49662913833943,-1.44151693102099,-0.862973858752321,0.217232929501126
-4.06430879919373,-1.4194978523208,1.57898091809514,2.89951647580848,-0.932903834008702
-2.75071001997765,-5.87246563458946,1.05279547019168,-0.580390480336502,-0.627513742975326
-3.72939710173391,-6.940552974481,-0.573744997752364,-0.892667293137351,1.74640405872767
-3.51809641255515,-3.71928064862694,0.448724611247755,-1.54410377271464,-1.09050765752113
-5.15848076232335,-4.02420913551111,-1.43103954881511,-0.791538274232596,-1.21454973729364
-2.51060768885818,-4.55629499132583,-1.46893028985058,1.21032163747671,-0.172982293299972
-3.6981679139363,-3.9865056893839,0.0245478205459672,-0.518802478059029,1.6368071780262
-4.61514067679539,-4.19462918780983,-0.46877990679237,-2.04586634209101,-0.288578962198326
-3.73613252247471,-4.31640585366302,-0.421667984513169,-0.713783806017517,0.143897995443488
-4.37939052023401,-2.903101397638,-0.243764613560711,-0.479942492837779,0.534683112298991
-4.05652789685619,-3.89383649786124,1.50957440050986,1.78676278003076,0.397908570338635
-4.0888868397299,-4.02522664275102,-1.41730656144074,-0.186540726853174,1.41471249517188
-3.57375628296039,-3.16052770829399,-0.941067740733356,-0.0944298559012627,1.55048332646216
4.1850533873475,5.16985790228146,-0.445304318540218,0.453709411625942,-1.77465305414977
2.81651156936362,3.21694077996738,0.814544144736774,-0.755983480837457,0.0927221858373623
5.32955726002215,4.40506454841473,-1.39103393147977,-0.757729390526647,0.0617469390451089
5.08262429781747,3.93783371118515,0.150429674914992,0.725528423365734,0.915457406277239
4.96287876274717,4.37732779025146,0.731863327398731,-0.574053596660002,-1.27447665783623
3.79247645725641,4.71304495340891,1.95375323880422,-0.180079970328868,-0.0971896258610141
2.85329526281097,2.80659065001124,-1.05120214200278,-0.58730307500251,1.26399352590707
2.55859880817066,1.83252111046987,1.8684806066645,-1.10972537518178,-1.16586290205331
2.82920309300154,3.60611760206011,0.290501438560349,-0.824358018630091,-0.136197561783674
3.26329855092716,4.21197602719626,0.610095993346699,0.334970012355728,-0.905746455231474
2.33243059203506,6.19242197796359,-1.16346952822543,-0.508202734702503,-2.42377068162698
4.80086515925898,3.84881037619149,-1.59315245450442,0.644376420063177,-0.143470431915739
5.14328583724707,5.19645660686443,-0.259770645150114,-0.956957381536409,1.37695282810809
5.14742066948667,4.52476528633758,-0.454381496814938,-0.271742678640126,0.756013635777957
3.55412677297232,1.43699570004022,0.487634100019598,0.0489833393401079,1.5788073647558
4.77211418933608,5.38835090420032,-1.21612522662625,-1.97019744064358,0.30340366461102
2.6048134447766,3.78805465882272,0.72781412502306,-1.06951819371569,0.236500645576729
5.67853182583316,5.39202569202432,-0.241731259105795,-1.56888440013612,-0.857431023439565
3.60644467977638,3.74389221290297,-0.171729266828672,-1.39475159230662,-0.470846537598621
3.24156606569925,4.58711622835572,-0.139752874824268,-0.827177679206677,-2.43514342290354
4.9760440203239,4.99593544260715,0.238220110931215,0.218747538249379,1.44666510354873
5.81213576036221,4.71249187039513,0.420157672665033,0.733311234042513,-0.958184124045981
3.21796587949124,2.88486437827917,1.11977007503122,0.567487843354633,0.0617266567358863
2.59051052157229,4.28270219866407,0.272580132553092,0.234241859147175,-0.329933358840605
4.53781967302261,3.71680365391862,0.157182407601076,1.80937802242572,-0.365423288320338
2.99229012805226,3.29753776944072,-1.6902451301736,-0.193167300340382,-2.19877452953233
3.57076912464119,3.20735668240185,0.398411973393992,0.389390382156214,0.395841361413494
3.32545304472074,3.58916609976183,-1.0900380903698,-1.10470403571025,-0.560199215677997
4.06469450347714,2.97610464025584,0.249490567386476,0.587824666711889,0.270437797321486
2.70162784573806,3.39516391886173,0.338696958547632,0.344387884392136,-0.0066459709534208
3.6297998743651,2.9661687834138,0.397906814511388,1.45908220915331,0.249834595001949
4.57491550937434,4.35847407173197,2.52585445365551,0.883167988190307,0.618765026347158
4.51941604005965,2.65885749804749,2.9928539215378,0.962605286934131,-1.50040375048107
3.13440856140679,3.86018223939854,-0.621720023450146,-1.94649891471952,-0.805434552034121
4.37648467674162,2.60946882877087,-0.0452327372526044,0.186543940202805,-1.34011836931736
3.46929875453203,5.35559187924177,-0.364667992872425,0.770302351942144,-2.20794605145263
4.29853811956404,2.43306625889505,-1.82493095830745,0.336951654481237,-1.6847679320698
3.52853560668076,4.52279246836796,-1.75074818577322,-1.54120319391251,-0.250156106941908
4.7941522389158,4.33406078205568,-1.13465119255583,0.916280621409836,0.721480293731249
4.90311250144418,4.04672996412562,0.70437459669896,1.26774453522881,0.0163029522081321
3.60626371024701,4.01738547432178,-0.399481586570473,-0.263917064728572,-1.02144082204294
5.12778767899682,2.1058689345379,0.783238288293595,-1.14813708242423,0.112313509108227
4.4140669445014,5.3552167503738,0.449891795266122,1.79918242089534,-0.596073960556005
3.55177399168078,4.36533578558859,-1.15004374736316,-0.6466092679236,-1.20919642795678
3.5067775330033,5.21647244295579,0.216038893387715,-0.549329671241994,-0.272725731766618
4.43204115261566,2.72171335732225,0.50803863522225,-0.957318058321449,-0.359646174803555
2.41902771018055,6.12358527536505,0.383882952817449,1.67200923102948,0.291779000533658
3.62002289438699,4.41295425973425,0.581512605194768,-0.641371530246131,-0.783050593505829
3.14178535134785,4.04452889047612,2.1082070221486,-1.5598908172962,-0.75417436840327
3.48555301779611,4.58459437035802,0.557102988110148,-0.190505135527365,-1.09472522348128
3.97244197481293,5.79963730521448,2.7363370469295,-0.172679030758677,0.230569869217682
3.02266736125498,5.34249677567987,-1.10124778125636,-0.446947342940482,-0.512001650240881
3.97393576373992,3.72019516655495,0.0958993909616092,0.684361895674018,-1.496269686897
4.9653621571054,4.43904686814041,0.612636543908778,0.538658297893564,-0.442014699218647
4.56995369176969,2.42153434825908,-0.0352195712719013,0.458646489421796,0.644679163722757
3.47101644278966,4.39701407568832,1.13551071841121,-0.89009142880252,-1.35700770403896
4.50100617559513,2.75641241101702,-1.06046290882702,1.21230031630542,1.84171288555924
4.13442067028489,2.7535506770222,-1.30108761874933,1.58478992903457,-0.228881282390427
4.43722669731056,4.53661840228931,0.810356933218942,1.09941044029586,-0.909467364354893
3.14621507633036,5.68559470445427,0.666670300734876,-1.24395777302899,0.304817385844822
4.68710965611054,5.49639221732212,0.653168101153366,0.649672876830631,1.08750362782314
3.77266685401837,3.15386727313368,-0.870576446500115,-1.36468877634401,-0.262231253695981
3.7921962478202,4.42733618962544,-0.679058071284505,0.0465735468054312,1.45727557085604
5.13589676454384,5.27800975034794,-0.082089567278034,-0.325663812591536,1.45347869301873
4.64780680361274,4.61334505236182,-0.155062350444355,0.745014534528308,-0.828002281346196
4.22876048409319,4.66559177925269,0.714007650338637,0.521555716737008,-1.34008279063802
3.46527461251573,3.91589959210685,0.912567408024385,-2.53866651153756,-0.94506959883709
3.70173189294031,2.44592696718009,0.00400386381365283,-0.484458489771523,-0.797915374176329
4.43353862886898,4.52803827435508,0.688107506415528,0.495932804905737,-1.42765159545664
1.70435246146009,4.04374172018079,-0.955410186614044,1.02813825672387,0.735027290737352
2.5644918201261,3.93067777727379,-1.33118750631989,-0.124554835878758,0.991062403839913
6.12731230701414,4.39664605970808,-1.59649839224725,-0.443959015776113,-1.33337673554987
3.23774986779822,5.00819300648047,-0.618161377210966,-0.24030856697187,-0.0433611493018993
3.28688530906153,3.89926302836742,-1.76277408028545,0.824110607463422,0.177002527643894
4.56019013793362,3.21366050949908,0.143670361877977,-0.122903670149064,-1.83303535612109
3.84068966061981,5.65485483163576,-0.075226289551618,-0.67496173703946,0.837897042038149
4.25806486197662,2.36873033212297,1.62766577725234,0.772335175442552,0.942483711070696
2.9020072559077,4.12189706183769,-0.818024303422711,-0.928622905853348,-0.160689413988904
5.71670069246148,4.44201602733773,-0.0150265723872663,0.420179345676699,1.40278963303476
3.74436531817302,4.39942775956414,-0.774367737377712,-1.47206132915523,2.45413991986233
3.46433153151319,3.54479880153686,-0.385858127137095,-0.796570692616798,0.28767112361403
4.01758087308212,3.57144933219161,0.393076428429414,-0.00879541110449533,0.337210412204845
5.18625987740056,2.04555657426561,-1.2353303284588,0.280695171069643,1.39215817605477
4.52568822207153,4.48228743872482,0.715345808562247,-0.171982332102154,0.734487586879068
4.21910982776436,3.57310126886858,-1.79418468914678,0.510217933212754,-1.53561843021388
3.39844684533411,3.94794784477272,-0.763598290731956,0.979370599498888,1.27340907783229
5.00080053445479,4.8360626431244,0.637315508951362,-0.594534929287596,-1.57908813589346
3.76979142969858,6.95856386919139,-1.60991146733897,-0.519495504451174,0.701512931149103
4.40167696741632,3.6169365682509,1.1175746838384,1.91931207853391,2.08592067169661
2.94405666392906,2.35918016668443,0.268126668766351,-0.787884411468547,0.648080869117734
3.8290389577811,3.43909021081538,1.23202334196337,0.559173387124786,0.00705589334366064
2.58102426247669,4.08707837445391,-1.78118058404822,-0.417560742973313,0.765652675535079
4.61025712632346,3.48231344882532,0.265252147298725,-1.74492893652748,0.110513702282345
4.43495864965799,4.89712798535828,1.00173467280964,-0.167893444329921,-0.137617060711585
3.68932091843733,5.01988614544958,-0.295363151035547,0.173407213015928,-0.400546084043238
1.91698174762854,6.39827674664433,1.95318903835123,1.62207213903365,0.344730562566571
4.66768753700798,3.65796704364937,1.33684799340239,0.916614038479072,-1.42677222905202
3.37536159592765,4.10162496646243,-0.141864036962212,-1.22443665434656,0.695684495025645
4.56206204388993,3.48816743267367,-1.28887978925156,0.0343762560670775,1.68785710798455
4.18801193461318,5.66378112615012,-0.811830387890421,0.860689294368805,0.483801079809658
4.36249170680188,3.78983517205866,0.595011283473912,0.433297447399923,-1.68769262437483
2.37392294023491,4.82860475410705,1.22105445950808,-0.0147943393554575,-0.673074718694086
4.10576711514296,4.32440472300059,-1.07792509872495,0.127441885402316,0.209318914626652
4.95743166530005,4.37863928176407,0.807566525710705,0.0987579748646038,-0.194001227221472
4.23571836631281,3.49627710673576,1.72336516159934,-0.6507194204278,1.4762892263246
5.03701869009319,5.78671893159169,-1.6245412964238,0.125438281314116,-0.758335245498169
2.8652775839457,3.60930740474369,-3.33262607457274,0.319496278855818,-0.775013374537723
3.31378956520485,4.49379605394256,0.153275669382974,1.68927739109881,-0.331677066740768
3.24645488870361,3.77087921009699,1.85597497284861,1.35210472083352,0.102805662801198
4.97453482400492,4.96926695666877,-0.111347521452848,-0.697225685702689,-0.519154589322724
2.90635490980197,4.57517331610719,0.536748600374321,0.385499731778815,-0.322119768321025
5.10110721940809,2.34069598517676,0.175781700102523,0.0312650507474784,-1.47007719330548
5.4622709164694,3.48719418837687,0.731323362534165,0.293477786799287,-0.462439277822463
3.82024723614126,3.90587823802564,0.280468600903451,-1.09212901155245,-0.665325151722513
3.2019591986856,2.9368314572339,-0.839098925767981,-0.394915683520418,-0.824694050769609
2.6647535061773,5.40080921288142,-2.25274250431027,0.386513094195385,0.244607729618816
3.08900077659996,2.86479471476173,-0.669750618838249,0.207065613405832,-0.0729231287099685
5.43103397383471,5.11393873106569,2.01740426753801,-0.911877948605783,-0.773852421931929
3.68596900851807,4.75110865029022,1.55136358620897,1.4455316361657,0.541647978539786
5.29257154087177,3.81665326234728,1.45160205753826,0.0290079167419117,-2.05927219626166
3.3927547758767,0.912979175310346,0.467293338886089,0.444053751132267,0.231517977786664
3.76419199882542,2.43529026227299,-1.31565404775944,-0.898309808273828,-1.89040964218673
4.39753901746968,5.47243062555366,1.76260787416107,1.57463401239336,-0.30586609676052
5.06823682391163,4.46375830836986,-1.52666318723832,0.188791131142831,-0.30990699928627
3.49536523594808,3.63493847541365,0.981109201392064,-2.14921733979458,1.09346210438574
3.47947390450304,2.96253844217489,-1.03495881165223,0.744756236939344,-1.33541659732893
3.06988717567932,3.19893779808603,-2.03558592565086,0.603344410065261,0.542689648381181
4.47613385945335,4.31516754682184,-0.333833590884931,-1.07439767574406,1.48168208795026
3.52323747617587,3.12965757683825,-0.504991625947662,-1.98785225091563,0.444718968845449
4.17647395047793,1.78228256133154,0.631886571210873,1.16176286688642,0.185225890813124
4.42110647783321,7.09102863091381,1.04331817564072,0.6327290179813,-0.174470864467554
4.23816949589142,2.9924438854711,-0.928666024354505,-0.28626399133094,1.54689340874502
3.8963828149121,4.15035843549569,0.346445345540394,0.844907477010466,0.0410901102407046
3.1012433498745,3.99403799755669,-0.306711574065838,-0.101033493812675,-0.385245214991745
5.37252152647045,3.59221607348522,-0.152495842302478,-0.279302405807745,1.3619682233662
3.41569059959875,5.252422463297,-0.568002232453248,1.14812354271246,2.48760634024197
2.42141102771668,3.78868972210497,-0.149395303867796,1.1720560709546,1.62342186414569
4.24597475473655,2.11043103274304,0.137544535915184,-1.81603647784311,-0.23874512528906
3.925641441708,4.44139367083934,1.66430689539109,0.720645077988717,-2.03072247103677
4.64269575251653,3.18567000551342,1.20908485699613,0.0757970195594693,-0.685265776846132
2.67411874906112,5.75735363620029,-0.669457515544104,-0.602791467093355,-1.57646339428195
3.44171488552739,2.26709474915475,0.830699583401532,-1.07624324642746,0.16733115570501
5.45465777809222,5.88393826690764,-0.390015005811242,0.963239995570553,0.856901549505671
5.22227144677766,2.75658877628819,-0.546272704565699,-0.643914762338391,-2.71193493756395
2.35624020078791,1.99972563540364,0.526186187062742,1.40805061522674,0.181971018710839
3.78009533076135,3.63490134744276,-1.3835086574182,0.411363829499153,1.3579778640887
5.37248207877374,5.42307722104057,0.0860104684851414,0.32200452711256,1.13452743775032
3.87151983825809,3.40472774658544,0.84612981375362,-0.419997282337387,-1.37896517107098
5.10443947897878,5.35888158735856,-0.277896828809841,0.442027084862824,-0.553234045187182
4.98754926607591,5.24072748256818,1.09699008714261,0.667759427393703,1.60559873216698
3.92423905121627,4.33025471700182,0.404401564953424,-1.29690755340848,-0.184098043459282
3.95920352925216,3.56720458231754,-0.0688475679693736,-0.234505314767063,1.19762292308399
2.88280570416588,4.64408132082314,-1.15167004602512,0.700394256960795,0.297962668447433
3.42236103816518,3.19911177574604,-1.03927972552669,-1.05529444295295,-1.01170833317484
2.88869360347862,4.18660057886966,-0.0596072766144094,1.64233419168582,-0.582167449131574
4.18390955356827,4.28516443597304,0.120289056074216,1.29302108303801,-0.433761414908026
4.3062685892342,3.7415293432554,0.1704219428329,-1.17613765353555,1.67521580647385
4.24757917472164,3.58231363149462,-0.203179568474051,-0.624432050224378,-1.04724512847936
5.41229528142139,3.68986765429477,-0.269131745105959,-0.380305999861902,0.555949095767198
5.31215276343658,2.7567270961975,1.40027993785846,-1.94164006309278,2.01414660728446
3.42168357791891,4.59972079084989,-0.994744481509165,-0.542045172347294,-0.331907546527467
5.43044299569814,4.35258532880597,-0.151501541959157,0.846012673766315,-1.71623182722973
4.96959735570024,3.27754065681589,-1.15820082550259,-2.4656771334652,0.521134263218725
5.47794397436612,4.95568166305892,-0.00611363511167765,0.594588356393189,2.52679053718937
3.82653565261139,3.92549026626659,0.697512573069066,0.138496675474412,-0.624475891751811
3.35080001123195,4.67386016724298,-1.4088542024992,-1.764420123145,0.689650952229547
5.07854076191607,4.24502813332811,0.302949065668136,-0.12590365246225,-0.531258385839347
3.83949618748274,3.4235703924664,-0.85225879568214,0.00870834845347873,1.03896016547906
4.65425888703611,4.34932867556886,0.467340250631138,-2.19758776126717,1.33421804811946
3.8016693842809,3.88249222344832,0.909026468075108,1.46471293220576,-1.29741943470125
2.80000729225259,3.20961911637352,0.447474440272871,-1.11468265587087,-0.823229678222964
3.28867009580381,3.80219692774482,0.254565989991749,0.692076375132856,-0.53399006303037
4.00341025474149,3.32045810973104,-0.487429316654611,0.729028873796081,-0.195591412042844
3.24777908664556,3.67303305387701,-1.78710529036339,-0.354707956520644,0.50670994801317
4.44743417677619,4.25494755248877,-0.350047959425896,1.57535928405179,-1.50652447480786
3.71566922581394,2.63819797364213,-0.85611012911598,-0.370460588207826,-2.36072118270497
2.83741414230729,4.31283452567877,1.72357164081348,0.506557666442662,0.741110512255287
4.32187784587884,2.70335994979372,1.22756336362846,-0.202067366261276,0.513015841576616
4.38523925231621,4.45153686696486,-0.433094033966675,0.157139130700652,0.0772555138968038
5.04964712037214,6.58331645146028,-0.91255829199273,-0.812058903670701,1.07283377835287
4.17179881744059,3.28685925607722,0.400871220735162,1.74513925300408,-1.1790511918945
3.02143947086617,3.70022173371815,0.0470517312615474,0.372026910406961,-0.980815651676911
1.72091560456086,3.74894105228938,-0.0764200376279773,0.410683575184622,-1.48880372961811
2.68061222770056,4.1372618533388,-0.253368823367913,2.20975892479367,-0.847348523945715
2.47335843318531,6.62069470273239,1.33478139825737,0.944446119098499,1.09180297910633
4.22546276109569,4.6315294325401,-0.687969626782297,2.44956490426997,-0.0752951737733683
5.47966094166141,5.39209402874014,2.23703753699087,-0.857148250825055,-0.440537178175844
3.25799057455938,4.85039796105894,-1.86605860331172,0.822915763826513,-0.487495252426339
2.82610608558648,4.35015246470653,-1.77723573256826,-0.431255101872719,0.801106611074465
3.15127714529115,4.09237990218195,0.430419777043886,-1.01498808846075,-0.178183860880932
5.22774319730264,3.19868564512536,0.525882707988354,-0.486431943845803,0.918241788497975
3.48671109095225,4.05807234824629,-0.0358725693458196,0.702967178319324,0.72432813897056
4.37827971348301,5.09843744364568,-0.364891474869895,-0.454269882264425,0.912798497565275
4.39331088770052,3.62238847340353,0.796202584368753,-1.2208558081544,-1.15663266830046
3.07018394762364,2.98145526666548,0.935999094719841,-0.588760261777567,0.170935676479807
3.87162314498113,4.96856874573764,0.0701852448074031,0.0953029716847702,1.61673697472
4.99489474655857,3.76978587090751,0.0031246349967728,-0.740467276581604,-0.889698199308802
3.41472486241063,5.71647208594804,0.103525851692779,0.794520573265828,-0.353134171019871
3.64900418739817,5.3768829804928,0.329730097417772,1.54572820669228,0.0727383423912474
5.27670045621864,3.38143962233332,-1.42679338239416,0.650051048300195,-1.61846584094227
3.56782981938108,3.99735331072649,-0.258356165538737,0.230942757970467,-0.638270774252229
3.66748045840353,4.26749122166217,-0.260853175978468,0.998009943035729,-0.309974340766686
6.32754407903077,5.05893961038292,-0.350788815104745,-0.180961531252197,-0.45859283453228
3.24556777284625,3.61035417686242,-1.38827105200203,-0.472313358143417,0.26520935966304
3.58449264925753,3.57217147313442,1.90254967228699,-0.748237189269644,1.33499155882833
2.79871886574145,3.95817004378699,-0.0107857958847257,0.879360520372855,-1.02446397467735
4.30453497754987,2.38855164437152,-0.104073063636384,0.92909170403143,-0.54802734928051
3.22062537260341,3.56762852113141,-0.123554751143945,1.6693996785533,0.320272527523662
1.9380227994589,3.48102308229581,-0.11047869230109,0.464082277192673,1.53014545822238
4.35517376619927,3.83347494559221,-1.68078447104778,0.399350436947442,1.46442934953779
4.02680077857661,4.71870421154216,-1.4202220694592,1.00387409987511,0.132206710951301
4.34618418763855,4.58668978866451,0.351151041158682,1.68603107978559,0.0186058573820907
4.58572282719121,2.87603937788014,-0.255733709630113,-1.51252426706392,0.224200117981399
4.37664916423078,2.87876675122433,-0.107680012099739,-0.453632070233654,-0.230372549022574
0.814472457240098,4.18019846054855,-1.78624970383132,1.00747781069514,-0.0404508446504308
3.96033904326444,3.52739743488004,0.675124183173015,-0.295122382860128,1.3384992534554
3.55253721623546,4.42563092830632,-1.21771149509394,-1.21110615884222,-0.720462912417311
4.69506495899012,2.64527772628099,1.97517135167976,0.789050927329518,-0.841633735197363
4.3245642160382,3.21611684900888,0.686289961447987,1.16381741431527,-1.00021160272657
2.62971514193998,3.33637228063606,-0.288315653042457,0.429040524154221,0.172517419192454
2.93282200499595,4.33710341388783,-2.28593006506733,-1.12841265348184,-0.608320159470172
3.08108025548472,1.91209057988589,-0.797485180365606,-1.60266125579721,0.00606337440087822
4.39482101211101,4.18964049436608,2.60724233270912,0.895698070311926,0.507771073213998
1.52206902088122,4.95720336003272,0.506166028300609,0.818415165403545,0.787371657336925
4.80587689277149,4.57506348737855,-0.23017219692327,-0.39232624906996,-1.24125673698047
2.30798642833958,2.12756232962479,0.27684410671252,-0.508570726878244,-0.37249044478875
4.51259826195363,4.81377712813181,-2.09838846061785,0.431590820742815,-0.0127570996780658
5.42831473815528,4.12525981266429,-1.52770840817486,0.0939569043424411,0.0706432903004118
3.7118720183527,2.35232565798292,0.79709277719127,0.530883814303359,-0.0559259920720139
3.49169213726527,6.49011241706856,0.543209644822933,-0.51217944953767,1.01848579785171
3.50866353834668,5.02395008428208,-2.15953040126592,-1.41344648004666,-1.88651442771633
3.88576390594848,4.42701078544584,0.0776741258636204,-0.287681622889248,0.414939192627007
3.70859307953951,3.59175458687825,-1.25931926411927,0.492555834531677,-1.13164973194069
5.69483007763429,2.50548411728444,1.35574771938,0.102410301159614,1.06816427730596
5.59283423878827,3.30878587590452,0.253370069835965,-0.508804088154349,0.42609525260678
4.61247103519165,3.02530726150469,-0.463467757982616,1.41521310440653,0.169645238302068
4.31262295661572,5.36627605243325,0.613586117979584,-0.33334803242765,-0.421785826348453
3.57263508704562,2.60701660459937,-0.18101792715281,-1.24167448972553,1.09029583997537
3.40653401433446,3.708062139133,0.52328025620076,0.686270645016092,0.0678040935123891
4.34945587491874,4.70864882933411,0.0782392127661851,1.46879955334947,-1.30548863350069
2.30625465020076,4.68242175752279,-0.591322847400606,0.348413321697698,1.57057856790333
3.42756232642928,4.83348700669935,0.396480673729851,-0.433675348736914,-0.0872613529237826
3.57470578857244,3.46258656065728,1.709925221361,-1.08855972875467,-0.423178979033999
2.97328448416085,3.08739199345568,-1.91165151260817,0.884582708293505,0.717954389055645
3.17070197516603,4.40899124313846,0.331504958236247,0.318877196836591,-0.564601788394958
2.25441458718332,3.14158953719476,-0.743316670960157,-0.483856109674122,-0.48636237365332
5.5480266828785,2.96707520233326,-0.717683000214507,0.724430114819445,0.0657006030337667
2.11127525806194,4.42231796180997,0.286561948093784,0.0744157501557548,0.0542885365288383
5.13464198180831,3.12850606925855,1.67173098186812,-0.242631013645387,-0.873481128573199
7.33904522750745,3.56528446360847,0.120684838572874,-0.674983664921477,-0.333430403287171
0.996468851015593,-0.831693382191584,0.191453476204171,1.29156379017017,0.432420981079068
0.224232132026837,-0.318288370335107,-0.263849516437102,0.0841157922908127,0.584212655564612
-0.0693571558330611,-1.16449863102115,0.39670880523464,-2.26261744566271,2.7236096908767
-1.4721242399423,-0.584275957701993,1.16042388262769,-0.234219775727493,-1.26158141206806
1.48676385392001,-0.887943274278752,2.67839178215912,-1.67815327074314,-0.634264428616636
0.0789959176109886,0.15424664178349,1.39227004439481,-0.687856464086096,-0.0489980790321406
-0.533670134074898,1.49717584433111,1.07520816619777,0.0929718151538731,-0.999440358888028
-2.49676101087759,1.23178740955547,0.0173000697661424,-0.220665704731392,-0.496616168765958
1.00748785318124,-1.3510904866274,-1.25358235907598,0.345962369726876,0.640986884614805
-0.686544004315067,-0.349213946760754,-0.144743255468133,-0.205899571099504,1.32478365640794
-0.7024177587752,1.15500851722513,-0.0931245740304938,-0.532869064587061,-0.190617076937896
1.63884642456491,-0.727164884420377,1.71579044428246,0.137923999516538,0.483666021785275
-0.0393376674900948,1.2045480738449,-0.0240743661101282,1.10375258622821,-2.56896909802585
-0.803431231679621,0.16498653510437,0.12531587947216,-1.86101313501768,-0.252217041474259
1.54724226145806,-1.53289925346484,0.228584080435876,0.945999441833759,-0.2836597364481
-1.46832326633544,1.84382069006166,1.02742043054753,0.0195831056500078,1.37392390121753
0.24867308429684,-0.109237868388819,0.23714806543881,-0.717767889616233,-0.298842192521606
1.38011072436093,-0.55986300144977,2.00559753803293,-2.65165684102782,-1.81439612862635
0.844492397302911,0.399377799094345,-0.450436505883018,1.97974222507121,-1.90386502081341
0.110766516355227,1.08494476242734,-1.26818700470734,0.18093853383959,0.205866543744562
0.389352107321516,0.69366668481304,-0.432605916778525,0.0489452857824558,0.258762323795736
-0.500082429894685,-0.241497708896857,0.75057482517042,2.07758999837212,-0.608451596539758
-1.8837337530686,1.41701777876554,0.437348380519664,-1.4462158097345,-0.0589709818525575
0.465810242470158,-0.645901927155829,0.863663539488101,-0.362330043051172,-0.699495246312408
-0.243285840241497,0.0948397684981408,-0.632437851728472,-0.696358497798116,-2.4535329134341
0.598113662333689,0.0347345301976554,0.0823535923470954,0.160134951232022,-0.558094732430181
-0.560335548156199,0.0166108343450467,-0.333524867763562,-0.25595884685003,-0.290195626638705
-0.4071540838373,0.7225982073484,-0.656391998430072,-0.117692655591121,-1.06629299916882
-0.870183591160583,1.00503232851148,0.347743470420718,-0.337258335947412,-0.484481194936943
0.527700669470622,0.4055198006591,-0.304699818350699,0.555299225123553,0.432538510338839
0.290869195092507,-1.79085048761165,-0.514147745143917,-0.928886379197744,-1.59886650616446
-1.04144024599922,1.12221337665143,-0.655926556960624,0.666610681918342,1.69492846890917
0.050615109917833,-0.547300311829121,0.841703682642167,0.173431245596526,0.152038916137353
0.398726806713868,0.331468092472004,1.25910607106276,-0.987588091162595,0.0260891420874576
-0.713947187651916,0.337517011695346,1.54813124011581,0.526751981397509,-2.05591829330728
1.24735880047567,-1.15175555116139,-0.657997627070687,1.29123067186691,1.34024519656881
0.446562778915885,0.143539057628228,-0.801058902175534,0.560769527892359,-0.525210714403372
0.31312349657799,0.121209065328063,1.1039559919878,0.254055090325801,-1.66169840370499
0.76889879431768,-0.931398516705904,0.00463878327416825,0.576703529574269,0.218624249744866
0.268809879560862,1.08544457838156,1.29856265584736,-1.48682191612613,0.628561321579686
1.58572068323698,-0.88995662664424,-1.35737616146096,0.560144764605493,0.485404826227065
0.105704495179781,-1.05660361628408,-0.433993152223924,1.41186598777415,-0.276277650968217
0.0247240732974836,0.495434202171847,-1.70807304115862,-0.175728577627978,1.07637303308338
-1.02425415055423,-0.756899130249846,-0.189129483825618,0.522248576786429,-1.21955168153531
-0.408058245217934,-4.18218790770863e-05,-1.43320473061722,-1.45970234772449,1.22661533844002
-0.59956710797891,0.099092309377635,0.412006609205501,-0.969649736806072,-1.83572526461651
-0.213283105976846,0.299810882771466,-0.42060257312421,-0.847178942183478,1.51094369855342
-0.431798325605765,-0.304706555524285,0.805974211483702,-1.40754957783869,0.0943577890751117
0.239724796476724,-0.406254587789445,1.20077998507142,-1.16185422374712,-0.388832784069001
0.999436685016251,-1.52692077620182,-0.518992022898808,-1.80351910847043,-0.652575411736378
-2.55094126756104,1.44039688733367,-0.790522415871489,0.303222498840093,-0.247425422021548
-0.0586405086192121,-0.365297089901119,1.2007942802773,-0.0843545920082911,0.221773856564192
0.654448332308615,-0.590722059942753,1.09362556844289,1.6971971122479,0.165551193432393
0.561475160769207,-0.0797833617352527,0.886854428995096,-0.455602169262734,0.489176440863052
0.574010148969058,-0.0200662993080368,0.682704838935496,0.950093303685029,-0.561078186880729
1.42840020195348,-0.769740027255512,-0.706020711649871,-0.531597699836162,0.628612072414688
0.691747930569039,-1.81128276709778,1.2782911810402,0.680948213701321,-0.394718031112938
-0.248677390408315,0.868762273851036,0.38658008814931,-0.0346377204404814,0.59735295961252
0.221126689465482,0.250667222472557,1.51938021979361,0.83788289836508,-1.22017859183116
1.40244213975327,-2.40395462279331,0.411475610913427,-0.595464752517272,0.0766840159910081
-0.219012711182326,-0.614332890038493,-0.725109321354963,-0.601009139279208,-1.84545893180415
1.40386075176409,-1.49588689454023,-0.639135864122928,0.18027659684483,-0.701119290625852
0.0212726320692123,0.0411589758176203,-1.28677594714921,-1.62130841732938,1.2805849835171
0.585608173622708,-0.878353452891723,0.2796414449441,-0.239165495412408,0.18562429215257
-0.84940205135393,1.70483326601257,1.14523392266725,0.0535775218271547,0.377635936750587
-1.38473614671163,2.04267891716491,-0.0307792971687629,1.2565942291583,-0.907781465875567
2.07624034984248,-2.45845710011769,1.83700955273984,-1.03905303100632,1.74264121078428
0.399168453171382,-0.390114255116288,-1.53755924630739,-1.18907281988708,1.42038841955556
-0.265542765401068,-0.840380509071247,-0.178147746257945,1.62143371180854,-0.547288609930239
0.113626720827452,-1.53708547678125,-0.589850795635032,0.81590333283543,0.76633095375602
-0.281637528316126,0.359235840506583,1.56204048799676,-0.75242583360998,0.280289424296522
0.370591758983473,-0.799591743521831,0.0119186484452463,0.203763551413141,-0.43036767247448
1.27381573326452,0.0231896392614496,0.437970988343266,-0.609659495727759,-0.975869039465077
0.982633705979473,0.283857464818887,-0.297764491057762,-2.38651638269282,0.916557919650235
1.33082456572241,-1.70943681969622,1.33892362126164,-0.37389604849805,-0.130814149291894
0.054779353275389,-0.983797984731993,1.61119762297275,1.56462712168609,-0.340600224163147
0.195254380157083,-0.975081782967705,0.612119801551921,0.0187445902657847,0.798521622951473
0.507180060280063,0.717174012839683,0.581076311374778,-1.38383933611828,0.246957158674252
-2.2313013697206,1.52955594158327,-0.867562687208182,-0.174798450106382,0.989266354756533
-0.202144588799094,-0.826251348669177,-0.0129063879929714,0.388113239179393,-0.457486062159394
-0.603116932960067,0.810340634199323,-0.121599337239435,-0.0476242144803873,0.210957707278781
0.812308690136171,0.423349397077389,1.38331978727914,0.612566548247858,-0.417523727670242
-2.49687666566003,2.06566559483687,-0.136747342449975,2.23355510387995,0.362207965733789
-0.453433164024453,1.11557807064315,2.07765703460124,0.298307386727863,-1.58710367748144
0.438240557103284,0.0107938874737893,-1.82385001861336,2.49025516472932,0.29478649327043
-1.39094085749255,1.98987477856766,-0.784144940803409,0.605307435114395,-2.89344465743115
-0.644229667648448,0.336923133650874,0.303789303803653,-0.357936099855477,0.475639978865605
-0.35716641928802,0.277208124414284,-1.23178314926058,-1.06236471698335,-0.829305971300614
1.10366404447984,-0.738794781921133,0.836352301870822,0.393532454832037,0.956138181967049
1.16608207670872,-0.557075344133159,0.366816603016038,1.72614948383232,1.52209662667169
5.72097560451366,-9.4185118586539,0.254751807623362,0.611144952882096,0.276161925285368
5.80929823760278,-9.13615858325619,-2.71172890119793,0.429833468491664,0.319417892771839
4.09383975412577,-10.4367204860596,-0.841948735773943,-0.418863084405006,-1.17105019637975
4.71035750244801,-10.2838285348442,0.360890996512569,-0.283560261198928,-0.22693667925754
5.45685005836858,-9.21997253194015,-0.00023838764062708,0.0926961332811214,1.80499396366428
6.57793502809536,-8.75784666416449,0.590854956461042,1.18104636355236,0.214768124474547
6.22671216940882,-9.06991403238921,-0.213653636237829,-0.496648615240525,0.427677781498531
5.33937251737357,-10.3675251326291,-0.845873978759129,1.20573348470607,-0.422165832316128
4.9712473135465,-9.98201624114346,1.37369934071322,-0.869076111823378,-0.198132212907671
4.45156172500236,-10.7314308069027,0.0407084522385794,-1.17425949470276,-0.657791282703769
6.44252932382394,-8.56271081488874,-0.121025783159141,-0.132759753613657,2.30478703532861
4.40212811346136,-9.87804018348825,1.84198812035316,-0.0918988614735367,0.310574128713264
6.3812215642665,-8.43852474161919,1.76222726840984,0.841231849352384,1.43086526799694
5.00121767408772,-10.7180071582851,0.16543749439973,-1.27998371374176,-1.16327549111996
4.88457654808948,-10.3555086843175,0.384833025384114,-1.07666837070275,2.01296522777992
4.19915212736394,-10.9150710280233,0.0559850352663397,0.491014736269803,-0.133906133868496
4.8329645980445,-9.72607451903894,1.15742386127671,-1.17988303156123,-1.84695443611851
6.02369627386931,-9.58038389220277,-3.22796715442106,-0.343548302605549,-2.17184072172306
5.15725909830001,-10.1804020832199,0.0118521998085692,0.149623138157291,-1.91556816097548
4.95756549994265,-10.070016260743,0.0186195113047966,1.28947309406932,0.0464603904723022
4.04443341635922,-10.0341143509146,0.113486064401245,0.0507565764413236,0.382089062087864
4.67837872733861,-10.6424399793232,-0.280491242063918,-0.705354896687067,-1.86040986744349
5.60363289035654,-9.8513249065561,1.38323103202791,-1.46655381618942,-1.81981423352657
6.41142073373257,-8.43285635498835,-0.155346586500968,0.246427967656912,-0.0478652742145892
6.29052850668117,-9.71363657885419,-0.577970385219958,1.08953696075318,0.452458629952247
6.8942575975649,-7.69838219485812,0.605221169848378,1.74338301770706,-0.4625000270352
5.24217968548133,-9.8200557309477,-0.398834453307828,0.988341124517586,-1.09231327046078
3.042441655942,-11.7369731729211,-0.761013052660094,-0.457153003349442,0.205209215252461
4.33223810567958,-10.7805578627067,-0.609919858539406,0.898473988855276,-0.57735405687023
3.58928359726824,-11.4425550735518,1.86368351774679,-0.622165243541564,0.419240904782128
5.11051881957435,-9.23214894548652,-0.659828576802837,-0.773193833471593,-0.48196824624115
5.05652274482876,-9.99827785028928,0.222449578122036,-1.50334285931303,0.276302757280665
6.83364588631501,-7.7207667578809,-0.666292972704923,-0.749546000721628,-0.335721878789181
4.65239229112643,-10.6024272404308,-0.143265818623723,0.222758218481764,1.34650433573378
5.88377437594143,-9.15849406614817,0.0698791296046021,-0.912012548485138,-0.832854323157232
4.8453595438585,-10.7272996345604,-0.479396686669579,-0.411261664234635,1.94279059815875
4.73794146483576,-10.6356146123079,1.34840428319024,1.48079878680118,-0.11599985395161
5.01636337287438,-10.2061852484018,0.766644031647237,-0.138302162996392,0.29084093551407
5.92392279248124,-9.7722069860444,0.547942537867567,-1.28001994644912,-0.02872618687516
7.32302054605394,-8.68245233522343,-0.801318088827505,0.426642969122556,-0.645843254819629
4.52029733780954,-10.9848359118749,-2.16129510690125,1.43615657281834,0.11204918516755
4.0611704086711,-11.133889354611,0.15205259571538,-0.112422847026752,-0.659652942854152
6.06518429221201,-9.20443330362223,-0.612299877162451,-0.391871636670491,1.78683332150305
4.80364506710253,-9.81891379515312,-0.966888494804234,0.0252432839842053,-0.199019015697666
5.87671177751214,-8.90846259992252,2.6965032770136,-0.0713707222300913,0.839855753690428
5.60011844391959,-9.87178382961994,-1.249802131931,-0.372116900119493,1.38208709043444
5.5415209105009,-9.2284265069864,2.19120824514493,0.12651679146372,0.27431434634754
6.17260914793553,-8.71231679894586,0.444885487209117,-0.558907054295622,0.532069408611158
3.56874607418045,-10.3444153781577,0.0392948014819896,-1.56692855831994,-0.189549367239183
5.22218430871068,-9.81121892137281,-0.688640588603706,0.42801585717491,0.377195052628189
3.57745899662613,-11.3573559972082,2.12379825200617,2.36688312282014,1.5670997397084
4.03178770169801,-11.2598057922428,0.533979639205377,-0.792605795441978,1.27059074214233
5.81302617746869,-9.09986729254361,-1.37802397877122,-1.62299010477836,0.385943971004476
4.50731669575622,-11.1531545210449,-2.33612259997361,1.71602085170666,-0.787866141285452
5.96516896590473,-8.47532938109861,-0.114103909498696,0.018754643978834,1.87336750087592
4.21372474284711,-10.6840534603822,-0.991563556652435,-0.0748594722864059,0.880800823096707
5.16456894603011,-9.99454822828628,0.0732523494439993,-0.433898976578425,0.715604962597904
4.81777096689329,-10.0805402272744,1.67750616702262,-1.38470564307791,-1.68626593796493
5.54554343341347,-9.4641449678687,-0.0251937858143627,-0.672913692787739,-1.12167566594199
5.04081232186064,-9.9716682779203,-1.52421276021543,0.0505204729216566,-0.868417883098879
5.48487064657599,-9.56401202215661,-1.53811925220932,0.998888641581898,0.174695077504932
5.54028287788036,-9.47595603470049,-1.59536406048635,0.135224528992958,-0.570941282346583
4.68614098077859,-10.8536144100143,1.07155632386833,-0.968629354399315,-0.296889652187726
4.67516092942572,-11.1302619472798,1.13152780017276,-0.52110583203547,1.47183724328595
3.69887194931931,-11.3581679350404,0.996306602699472,0.630324091310263,-0.261250221569065
4.44640520165922,-10.828978109522,0.785987893872649,1.3461641217781,-0.74970638718274
5.69155839051842,-8.77481238290061,1.08141089466707,-1.39192969879576,-0.652746115728875
3.91139311953081,-10.2194814664907,0.278658697893002,0.0446432495542849,1.37778696055109
7.14750615346434,-8.33100087563837,-1.15097793740356,-0.457824548014855,-1.26608664988129
5.58175359407955,-9.20978048746165,-1.39652076827331,0.0744687158539099,-0.634135151292057
4.5219868122315,-10.9618793137413,-1.14791961274393,0.598154856191199,-0.473407388941275
4.86146896490115,-10.1367885025958,1.5352835132009,1.27843938619598,-0.593512527049231
4.354303470268,-10.751332412914,0.620127536819198,0.439695741934409,1.26687637034351
5.70389296449518,-9.95045746131835,-0.444003786910266,-0.421532121769159,0.298145604196322
4.37839864515919,-10.8406132449156,0.0693619139137359,2.52036102520353,0.659525568801084
7.07620238083946,-7.59397188032359,0.0758793358679179,-1.25979962116241,0.5542637641251
5.10133788897277,-10.3562015605238,-0.19460855052966,0.364881170527721,0.377083663914635
5.31573312701011,-9.34304057381357,-1.14030979010192,-0.557263287297709,1.16779355572705
5.76666611202067,-8.64605646106759,0.677755141097884,0.167804334709139,-0.539572345496872
5.93624648636638,-8.39973692047484,-0.596287889891797,1.58502747697057,-0.452398088266693
3.8586090568442,-10.7456180969778,-0.515964926602954,-2.555157411033,0.87002339803289
4.38133718566864,-10.4702184363082,-0.907152085075715,0.475981067488088,-1.13819109426967
5.97107544252434,-9.3318966889735,-0.231950987408481,0.966926269762898,-0.867806889402419
4.62506026078135,-11.1397335953545,-1.49893572271918,0.501714857687505,-0.0486899289465204
5.0655680683561,-10.1189701040568,0.725665649925675,0.739785384606507,0.924960944260698
6.81880082909703,-7.67795692892459,1.0257601960026,1.19188463917187,0.553482745837712
4.67136705042603,-9.76495365623655,0.0693096662184963,-0.109179909658118,-0.023114247196227
4.55101037554625,-9.77136071992427,1.31561580560269,-0.987130120242327,0.296532788518118
4.35345986601001,-9.80657802929683,-0.590995493012148,-0.622631702806255,-0.930325896802576
4.32725949481536,-10.6183100213549,-0.211173085587299,-1.83221711743464,-0.960686418978939
4.20617136969181,-11.0343542814885,-1.55207996376243,0.353373290427631,0.39041789250278
3.88233375660981,-10.7533214456297,0.897745221384966,-0.239083115106144,-1.07541715685184
4.71402485947387,-10.3031661204411,1.42429998434068,0.237522648962547,0.995835278952389
6.00296309989149,-9.01404145023389,-0.960301320588891,0.117181318945742,2.65891849520396
4.21376001677127,-10.258940067976,-0.380550960953474,0.255749777086816,0.150033717750231
4.82747640901774,-10.8079329118144,0.368109086697921,-0.515954783983545,-0.605101964388145
6.22559759895846,-9.03974941414802,0.226615175218286,1.43892214454718,0.90781065873196
3.55683073031465,-12.7595816034958,-0.399881262108574,0.801648971535278,0.846852981761456
4.06517223758263,-11.0052212793971,0.452650508695247,1.12372207791966,0.126413334589097
5.61034759570066,-9.10152186920556,-0.0502944249517097,2.993420046853,0.796683129413327
4.44184472524451,-9.7897206212469,1.20773772635207,-1.30552557568124,-0.0446935517729239
5.24887356486219,-10.3940294924954,0.617348612296926,-0.598628639154568,-0.340167841366262
4.95504793695997,-9.99633840037576,-0.882190027196348,0.58833082855394,0.814307841886931
3.9777136632493,-9.17971005542918,2.46938263366083,1.34546549770308,-0.0733514162582809
4.80514253560113,-10.7852167996335,2.13429869586331,-0.505702897609626,0.237624037872176
6.10737811020924,-11.6661348558324,-1.85344797381349,-0.0820090185762766,-0.494384268670874
6.1528455778489,-11.2973461117159,-0.437618813893448,0.442165572041572,-0.993731470594961
6.10636895177733,-10.7344737855247,0.341152326828499,0.57767882528136,-1.01527900712322
5.92326809086845,-11.1792526585675,0.484455470432306,0.236171108685437,0.266828135966334
6.21111686682083,-11.1164729052307,0.68069724006573,1.2374310728469,-0.933216653641272
4.94244287025978,-9.99696978873159,-0.713292986120708,0.333873331783039,-0.0974098149016714
5.00294137380768,-9.62219818784094,-0.578719460984613,-0.59983595835071,0.287640391378032
4.39611628888499,-10.314393116231,-0.549172431563027,0.0356745626981956,1.95312425064069
4.22132258420161,-9.64675647686374,-1.14401471040409,0.266925747819386,0.343305985279708
4.18575628820404,-9.73529997218942,0.963336485702319,1.16140387646724,0.175022673284109
4.01611020072484,-8.64237253584581,-0.0557559195038692,1.59104600635199,-1.09102213275293
3.44092876732426,-9.23589808719196,1.75143102156384,1.46644074046353,-1.89258751286132
4.40747682533004,-9.67276956006399,0.369444480294324,-0.286125110548876,-0.472413926199255
4.08540218515959,-8.40623698732487,-0.372330781244778,0.943827882192591,-0.217317007166813
5.32178463313757,-10.2388144558681,-2.24719884227483,0.551117555630744,-0.385077298355699
4.16548188722201,-9.57785532637212,0.737799836489943,0.195197087037358,-0.977583859322897
6.35348804495669,-11.2809701089737,1.73024431314232,0.628437676896756,-0.885199345363838
5.06040501834582,-9.93019247676134,-0.443771420366943,0.0301145920830719,1.7577085484263
5.72630521797504,-11.1648084463517,-0.793640940951092,-1.13703296530655,-1.04248605594506
4.54849159258084,-9.55014649038591,0.0703067360587888,1.84275575209243,-0.569347478183181
5.16021830350179,-10.5336869792147,1.10028201930368,0.669103490286064,-0.241309037778397
5.0490389388453,-10.224576049051,0.725378293224026,-1.09525710982696,-0.429705890500667
3.47048756892649,-8.68194196772298,-0.726597973470381,1.23433558129177,-1.43944212809738
6.34869609234494,-11.0287029586795,0.880787209884446,-0.0409683027143809,1.5032405718146
3.78026441590245,-9.48841738358368,-0.175211356875176,-0.231560256109263,-1.8600412534666
4.7867841609755,-10.2541380482917,-0.96821110802207,-0.321362563282974,-0.256236625974665
3.74536572185248,-8.70125519843305,0.411699173947407,0.555282759002063,1.22292122827491
4.72951228298721,-10.1998536287208,1.69714961605322,0.00284329385951495,-1.87118683306469
5.53001247332244,-10.9922832905257,0.66945124745232,0.822959941039517,0.62586956935998
5.33260067191688,-10.9340599089549,0.0350038964249666,0.513520313900496,2.58146143565234
5.54874377011809,-10.7497255489087,0.337726070219122,-1.04774504208403,1.12065433149579
3.98423183714941,-8.88562108215167,-1.05892796800935,0.996575727545722,0.668330458178854
5.05513597572072,-10.2119915385667,-1.22296174027047,-0.417291514239632,-0.9497976919582
4.79972570283236,-9.54448542278233,-0.256577680034093,0.861220647055095,0.55664043155771
5.24690520596545,-10.3100020625406,-0.619994187618545,0.735242908096668,-0.722503502339532
4.79353386082942,-9.70033589495721,-0.00345155064580072,1.44977628651168,-0.0854863990715446
4.40310193217147,-9.67246684623279,-1.06122596314117,1.20101286434506,-0.87323810507511
4.87757536163122,-9.57568240504531,0.350843135519433,1.22216121355411,0.662390494412603
4.75233213047905,-10.4204606763925,0.395629078978309,-1.17648130369808,1.21819690037239
6.4034363384402,-11.3467785918219,1.91401958151632,0.762415717394083,1.05071017118917
5.10886119893826,-9.72032776931526,0.339397537602136,0.142304578827766,0.780474344330293
5.93855147701741,-10.4870596854433,0.566101181952183,0.0679568573342972,-0.103627611960771
5.22212456017464,-10.3566122252587,0.749231310553209,1.68944233865904,-0.0740123177095286
4.75806990229307,-10.2082247987297,-0.838313743348819,-0.882041430903752,-0.482787206441067
6.45663851142974,-11.3222496172458,-0.508414917886669,0.911116738348527,0.275203193155558
4.22356303763468,-9.46409094853616,-0.911656770176768,-0.0153157479620265,0.230040527680531
4.86239474770071,-9.94919018573038,0.562000442648398,0.539761695197922,-1.39184417247146
5.08709508918563,-9.40100480036188,1.21074423096323,0.662006693894704,1.06661980272396
5.29865501246625,-10.1834124488291,0.00137563139206994,1.01390111868663,0.669132527084378
4.94802880833441,-10.21197661773,2.47901209113594,0.550064739897498,-1.65536161987083
3.98595298905755,-9.81853532952587,0.601352921847166,0.630098062788996,-0.0565018910782289
5.72123582981713,-11.0563392417408,0.544884282305161,0.827519025785868,-0.72035428381789
4.36471224849155,-8.90519163657415,0.297914161146299,0.726852395089314,2.09400088670778
5.94803767404637,-11.3562309891479,-1.41141315353476,1.5001007107036,0.330925751576776
6.4148700680137,-10.8491908031953,0.211432429845436,0.15045589425447,-0.168287108967746
3.75603970767039,-8.36561503165092,-0.172826338477394,1.76389797295594,0.456225637288124
4.62372765532134,-9.48496048409943,-0.356149394026141,-0.811525060669206,0.0999860628567701
5.1791919117493,-9.68901308370338,-0.419867636739261,1.07016845620045,-0.473699391590255
4.18126487747214,-9.25836065946952,-2.23033416308939,0.291369340412456,-1.28871549796911
5.44275639991433,-10.8516508416941,0.958080136287005,-0.778565459584288,-2.065596229148
3.78398848556921,-8.95588177896809,0.440780149529438,0.022025632764452,0.0915546832922883
5.41456430563863,-10.1997434538903,2.94699982736023,1.49172740379092,-0.306900191145433
3.60575348811757,-9.34694916282372,-0.595505380834467,0.673496727157242,-0.111095190758137
5.56877956275217,-10.1339786248806,-0.818497784706843,2.38623872705749,-0.430287561574485
3.77263620044486,-8.70228646646008,-0.392996358263454,-1.02598661071468,-1.43984537956051
4.37411681778649,-9.8225767304785,-0.884064613249837,1.07979849086202,0.705198261249862
3.77430866209889,-9.29778641228784,-0.288306803058835,1.81331058864512,-0.0982986237789728
4.90841577050735,-9.61421274774817,-2.05766990798926,-0.973580519507669,-0.423633028104261
4.79024139289666,-9.70981329884942,-0.674670268524855,-1.03049765567922,1.69214284785079
3.71251793769539,-8.8005769860311,0.289862506240575,0.329024703679797,0.130493055072705
4.24858898338641,-10.0315108480881,1.16189441125629,1.82218200017634,0.311898545563222
5.29407990613769,-10.5810471203342,-2.82221161876935,1.06058286217053,0.23199532257613
3.6333687094605,-8.10322304668843,-0.844776089719586,0.539888914429524,-0.162896107070352
4.69578641594716,-9.24959897914148,-0.747711473574197,0.110926273758174,-1.90177292700106
5.50351343092368,-11.0878435615204,-1.79623141504981,-1.15027129135529,-0.637481731885977
5.38861768016833,-10.4996131888242,-0.0620130024804959,-0.0454845188723153,0.0267767772945554
3.6067000219726,-7.85930231724325,1.27468815274381,-0.569512499655357,-0.592596993733429
4.92700585533154,-9.41642513940604,0.596274498026304,-0.459363156025084,-0.350503028990005
5.14790965287723,-10.2766590819401,-0.721255063845504,-0.708174517688491,0.0825923039210588
5.69394353968874,-10.384855296688,0.181519018333345,0.00765744737275373,-0.515228360791492
6.65912286246816,-11.7854499206708,0.362331268910079,-0.0155937631520908,-1.6032461558494
5.05358898140277,-10.2018774356641,0.226485941816727,0.364903523978325,0.759862959598106
3.15664414051406,-8.25333127546888,0.151743799676148,0.654009178527754,-1.93215002335549
3.33195167594537,-8.47326627994061,1.80960863758857,-0.879099269954515,-0.449432135135896
7.80058257641234,-12.3246209954907,-0.775774343106853,-0.338118623522146,0.485644074895296
5.81546600987727,-11.1376423651891,2.1713101101972,-0.550105064670514,-0.278349880675387
4.85966121030527,-9.51929055119426,0.294807236767973,-1.29680624385444,-0.23340551370709
4.70267045504737,-9.18567929470797,0.98096597858859,-0.652851084902465,-0.861373027192622
4.99646466682297,-10.2348376047303,-1.49353283353004,0.684173922266138,-0.613092033080718
4.99274731647095,-10.0202703486487,0.595964503842871,1.25153740686364,0.709521943401423
5.58445470694099,-10.2395424793678,0.253818696891811,-1.97999046308933,0.492376840339062
3.89239876147622,-9.09888665010616,-1.25666146338301,-0.0213752541558865,0.334363823968719
6.23781999527869,-11.2224399526787,-0.715756751588816,-0.109078171468163,-0.0241517547796921
5.65987095312964,-10.4287870383434,-0.530329756425237,0.714844364956957,-1.03749670298693
4.43842666936591,-9.95401311748411,0.259346697302009,-0.25642558115122,-1.9448374377854
-10.0447242444612,-9.82335920543609,0.662908892933935,0.501209292844482,0.856208330969667
-10.213131725829,-10.1112547366889,-0.181193684540942,-0.186328554846595,-0.303069059963354
-10.0831886805554,-9.84141690232262,-3.19520550621369,0.743267982035926,-1.26794230674156
-9.87746478423339,-10.1589444146701,0.980829403685468,0.387094950997223,-1.88886529785914
-10.0076842182233,-10.0064305241308,-0.541784363046444,1.65989358158991,-0.119758688425285
-10.2028359649523,-10.0835848992825,0.422123337677076,0.15473360180796,-1.65587890426965
-10.0739570235726,-9.89657259882306,0.0961769933634313,1.21016784356181,-1.46030221020221
-10.0363951329284,-10.0295893783422,-0.0861962358926442,0.404361406434549,1.16493543534949
-10.0577019267888,-9.84770691945283,-0.250264729656046,1.12631939115198,0.220661777896819
-9.90158302447409,-9.98289038265909,0.125855103764679,1.34083421707877,-1.53121627892722
-10.0503491172518,-10.0257310804967,0.460510623673795,-1.07552638602171,-1.48493461244962
-10.0357400126944,-9.97450615044748,0.0513715396657522,-1.10598014199694,0.676958057524387
-10.0264023170563,-10.0372662507785,0.0838630677168506,1.3098602712019,0.723080603200145
-10.0363033574373,-9.83961145557694,1.20445973743238,-1.31612760247991,2.08726199409683
-9.91089678400137,-10.1119714081561,-0.827846394787973,0.82832265004461,-0.211193981915698
-10.008674782243,-9.86776168580917,-0.631296474621842,-1.60232306975271,-0.879215142298135
-10.2234885620238,-9.93006027285187,0.0251527866842234,-2.6262396747403,0.612404523295458
-10.0618257011598,-10.255738947651,0.445526654572588,-0.527189317234441,-1.92670333063908
-10.1762269814295,-9.89679074189686,0.912404357961078,0.300129350745127,-0.99539213963278
-9.86513687232986,-9.9087943249416,0.0900701139537529,0.529069279560816,0.59913797514111
-10.0369365248472,-9.98958494170566,1.01308748819597,-1.01716326004784,0.65594897925317
-9.88864306587112,-10.1096858406944,0.713914681460559,0.393632272729282,-0.232373196463182
-9.91378875835699,-9.9775349387309,0.71474917633592,-0.229690543838683,-0.624314372124059
-9.98304037240075,-10.1162858327128,1.59137453811378,-1.14990788061954,-0.794399669274318
-9.96969429395603,-9.966352143491,-0.529189347239557,-1.53062140917945,1.45289219559518
-9.8941842596358,-10.1014541881459,0.0455770569047402,-0.288733594248036,0.00481076721714301
-9.9826841282659,-9.89974087021294,1.57567841454161,1.51617392287337,0.759033919595296
-9.98172093526139,-9.93199638670518,2.58691749676002,-0.0446218589733127,-0.508650457443668
-10.0791239250656,-10.1675604142173,-0.481460051697354,1.06090160540037,-0.212765079727426
-9.94341384107104,-9.83676381205002,0.267823507869986,1.7853950201377,0.481256968172175
-9.9861745797156,-10.0141441440192,-0.233444094270122,-1.71366160684037,0.657192938473105
-9.88055238124931,-9.9588972901607,-1.9266451375825,1.31524007712096,-0.541864143851988
-9.91984355326055,-10.0454864720796,-0.154410383145203,-0.512838922781688,-0.130897164388736
-9.96196379534481,-10.1513147113395,-1.61175185419071,-0.585419439874971,0.365359243250673
-9.95953508118153,-9.92290602466624,-0.66265590670701,0.105746451929409,1.05582895452036
-9.95094681717193,-10.1005009475503,0.586761335701692,-0.458613433735098,0.872503303907282
-9.86150055243168,-9.79877711658056,-0.332711539003542,-0.655628216593216,1.33520133288355
-10.0170990559886,-10.1015681569519,-0.506536047189133,-0.0619944616868788,-0.563643528867565
-9.86452324109219,-10.1315572866272,0.869617199119538,0.95014696383614,-2.11559151542957
-9.92661786204283,-9.99552030964629,-1.24901350431424,-1.35768974423817,0.458828122323024
-9.84278856710409,-10.1757500446789,0.311062796616022,0.537917438125177,1.01721236412829
-9.95589379709029,-9.84139392492613,-0.375453715986884,-1.02556848582566,1.91905692733176
-10.1972586785015,-10.154032338554,-0.571027889766141,0.449857112154225,-0.899528247843457
-10.068354757977,-9.93402499181149,0.662537004337936,1.2445946015321,-0.60048345311642
-10.0543297251623,-10.1245432200438,-0.383911081869068,-1.12760644042707,-1.86137984640675
-9.83146059569805,-10.030131493957,0.878272567127321,-0.812262888725101,-1.06622750187115
-9.87409110569163,-10.0150544831,-1.21046004687444,-1.23762668102826,0.655262546074378
-9.80325636799721,-10.0295782972356,-0.0915093941461826,0.516611105477134,0.629891738185033
-10.0174450567649,-10.0686424208148,-0.114143180472428,-0.92798460026073,-1.36835136627159
-10.0377232358663,-9.89665106431984,0.408618641110727,-1.047885762393,0.0488746968833203
-9.81380127909814,-9.96665810070314,-1.63801934251329,0.486207649084766,-1.38524967568555
-9.9787827851283,-9.8758144048346,0.205191017128292,-0.0140277243213763,-0.20208341655433
-9.96771020820207,-9.95170531972309,-0.0384025279757716,-0.396599057762694,-0.00784823301801193
-10.0427806996784,-9.96469589711556,3.18226568070377,1.08964114500336,1.17994592415568
-9.97045853113336,-9.95396827778943,0.50336599541002,-0.268598857162197,0.657807442434007
-10.0884631966895,-9.97365246377641,0.750324261857123,0.368026747503567,-0.55098591936542
-9.95615508158972,-10.1471861095571,-1.49798855282287,1.51240175074246,-0.61270654268069
-9.98944076789237,-10.2003820848236,0.431344245961607,0.398585472150281,0.00740256504842816
-9.99767502952899,-9.76224688972821,0.246123976849885,1.49358443311864,1.29266211323774
-9.88975844235387,-10.1559512583807,0.863068164418317,0.362178979973131,-0.0718834579509046
