-5.40593619294683,4.53399660102858,-0.623559077462658,2.14985576552953,0.244842378014537
-3.81078635989081,5.97486088340981,1.22054130908007,1.0220362086249,-0.0576219094065326
-5.60651439506979,3.92197839228495,-0.224029263549024,-0.079683869651238,-0.421290927190663
-6.55975662329736,3.78940142737323,-1.30436011186691,-0.0959628554794356,0.471654837602362
-4.02277574082462,5.74219421593038,1.6598426019049,0.679865836125395,-0.0906517591362293
-5.81415285871725,4.52477834541812,-0.758075206115631,1.00554647750453,0.667758492590047
-6.9720515306442,3.19483407399411,1.74520957213873,0.739867425991489,1.06749549153916
-4.65024535103734,5.39708306494514,0.221012588172913,-0.895941518201723,-0.964972322044781
-4.66950566085118,4.77887330165609,0.134873656413542,0.550743500605542,0.785709647409934
-5.6242141574161,3.92675190796363,-0.876561559453942,0.590502043206191,-0.820302502587138
-5.8863908368986,3.79647643517697,1.67689170798093,1.49335172528876,-1.61254041664803
-3.859490642709,6.34325006040406,-0.0499173076429504,0.0271016551895208,0.0525517925956209
-4.59949880582857,5.13374802749972,-0.409238717058609,0.652527922551219,2.25660964726748
-6.9235794992527,2.88205822566399,1.72173477619662,1.66687979737509,1.371581507108
-4.63169628401035,5.55002537829504,-0.733566171547278,0.226339472036986,0.370206725191911
-5.39509821080497,4.73071065661166,-0.173156584338157,1.44959218552705,-2.51004987930681
-4.47028365335508,5.60302177283945,-2.07600158303263,1.37008511264884,-1.65801470224677
-4.1923242646301,6.28720891012492,-2.09243841683455,0.350354920059484,0.153551320184174
-5.87341585111183,5.18127953285947,-0.819548887648824,0.693506632621375,-0.351505435446036
-6.36847887981993,3.6530537052092,-0.0618196832994455,0.948329426322703,-0.183900385884172
-5.98618032597632,4.04289550857759,0.315697233021343,-0.823893670001243,0.152937183325564
-4.36178599257259,5.04736645239633,1.15862806262753,-2.16380624543072,-0.845948718960829
-5.46657597835889,4.43422145529656,-0.600491965609039,-0.0517517882599974,0.429679200348923
-3.88448467918506,5.82181495538464,-0.861867599553212,2.91944044622204,-1.25241095481255
-5.60640732619485,4.65965571988392,0.835663531054241,-0.940638774818224,0.347247357930811
-5.51064990950721,4.14836396790518,-0.689566063687233,0.650276700259987,0.665890820263364
-6.51653472387756,3.3742762956395,-1.6200684381864,-0.874548242952243,1.84686447243101
-3.65318785455692,5.99699700813798,0.0619886234110516,-1.621837872915,0.451335647352919
-4.78782888760051,5.11043320092675,0.0926190184203609,-0.629316736900192,-1.32534931947234
-5.54847467010651,4.5696826334107,1.26685515698842,1.08261648104495,-0.99524900326672
-3.87331821668714,6.78412414337076,-0.149003019540522,0.491348204958054,0.44724440006419
-5.50691715995141,4.97743621545299,-0.21528266762404,1.02158683211416,1.38267323751016
-5.69586294273186,4.55486666734446,-1.85639210842509,-0.880920345461208,-0.740400703567027
-6.15424063427302,3.47495884869091,0.180731025781452,-0.179828108461252,-0.467564313266027
-7.45175390797713,2.81789579187026,-1.61546264792508,0.868978751965082,-0.267070242738992
-4.76487257811744,5.3550652649972,-3.40686205437564,-1.3143364296223,1.80180306364129
-7.44201734984684,2.18198362072337,-0.752121255946732,-1.13167043000075,-0.753260527581575
-6.30550878301509,3.84133355608279,0.0987536558863443,0.365928796898229,1.08217021604548
-4.27465298648963,5.1441104462334,0.949471217982978,-2.0755766407693,0.877409084842134
-5.10851913483505,4.29217230475117,0.410393393102316,0.748871402185265,0.297632359270029
-6.43414995695611,2.96358090511888,1.32668158269368,-0.984248151058395,-0.0400473485362971
-6.0402568200794,3.70295752755432,-0.994851740294986,0.220440078099013,-0.580234975468234
-4.40742851917016,6.07495052484688,2.7068522291745,0.522054148077341,0.0397193565931644
-4.13050763329113,5.28364207845739,-1.66535056598761,0.71040295023211,1.37659820281063
-5.57108876359553,4.05011461026807,0.479753135636607,1.49352214352498,0.519186836082034
-6.19791514757624,3.92022673381862,-0.0855899127159318,-0.164938918528037,-0.568425540571008
-5.52632374571315,4.63267351160928,-0.799572348475166,1.53114640482053,-0.515856704512649
-6.05979391767649,3.80115506739669,-0.488817076293369,0.0612953774885048,-0.77566642089208
-5.64978578018473,4.85011674625938,0.726572224620754,0.547414459298288,-0.270935898829509
-4.71743864292198,4.76264127500921,0.824463037743824,-0.941612169581191,-0.591269758840217
-7.21603348227961,3.13944031331137,-0.975544237851266,0.446543881105522,-0.747337330840506
-3.634761520021,6.63956648043419,-0.55663910508443,-0.303368278783303,-0.232962716928513
-5.49032555259595,4.16763236428542,1.51706331514499,-0.592548791864418,0.415652233204749
-7.14592219962536,3.5428704060773,-0.116253937092136,0.114789834862251,0.206075331653645
-5.88261490720608,4.37686850088521,0.241235432514745,0.715470291059679,0.0200240959009038
-4.50159890865697,5.08346740699331,-1.2562265284081,1.1605990074938,-1.40536165055435
-6.54280794224913,3.64011030969509,-0.91611387274907,0.901266051002703,-0.179257981360844
-5.35130994347084,4.99671071014701,0.0690851030515579,-1.22612430652286,-0.444645004967187
-3.51360682138731,6.5676482466141,-0.674554775275441,-0.866809747742083,-1.52714362296804
-5.28810431376063,4.1863350803111,-1.67929219222268,-2.18255252603792,1.35278085740319
-5.20214425827466,5.52790602961201,-1.00174921745801,-1.58941702949734,1.25213654279983
-2.88609309686082,6.27646110863717,-0.213477208301416,0.623691753721349,2.7285578007281
-4.19340549304753,5.2795337480452,-1.71675194680572,-1.62722464498304,-0.149367287270685
-6.08000401328102,4.16465041103028,-0.400863276442255,-0.981743689567978,-0.395818331470912
-5.55399025796975,4.44432178452479,-0.754587115768494,-0.63517467862148,0.892739801311747
-5.37242307123697,4.05674384385025,-0.00513441050917471,-0.396742660939765,0.46146888189936
-6.34196103090121,3.00370406745306,0.344340164368807,0.368488506928227,-0.124787811948916
-4.54411895838094,5.06403145548343,0.863942587800891,0.465525630596258,0.400750225273478
-5.16420163691476,5.12021999347622,0.011033195918404,0.269681478512755,1.07634503053455
-5.52036649971779,4.87647688385595,0.732725227222029,-0.243424588172205,-0.622143580088525
-5.81065021219081,3.87841257210129,-0.333841326227142,0.746745695384107,-2.37483913283463
-4.31958917674818,4.93034110839898,-0.636136315399689,-0.624275338189682,-1.26340389730173
-4.15252126140194,6.13227752017862,-0.218823490580301,-0.855079896666628,-0.460883862295208
-5.00516361265135,4.22429696877074,-0.0492624096524234,-0.84482046408924,-0.291508828371486
-5.07520939665008,5.20857343385043,0.299156459345832,0.0286557311730031,-0.0802466181329218
-6.08359321927074,3.73636663139551,0.233005081941274,-0.063072825012182,0.189652000891784
-3.76754431927708,6.10464364318178,-0.218040533879919,0.603202547242125,-0.795613335631793
-5.25396936288734,4.93555950338891,-0.319705914758307,0.301143901311863,-1.48051155656411
-6.06425770492666,3.74497391267865,1.48282168693226,0.363942437384367,-0.857082318462578
-5.03625149872223,4.98336017876204,1.33791974381172,0.19612897805813,0.808084819135927
-5.13262710833346,5.00749411478794,1.8079894068077,1.15422942792435,-0.443308877776017
-5.9808521341288,4.29043200481238,1.26903057329319,0.0442132859428827,1.17458536290963
-4.27729326744192,5.61535847106178,0.640651370814343,1.27613353584559,1.52741581614867
-4.58518531142847,5.67368439168123,-0.973079773275556,-0.649500228003187,0.271867173565077
-6.01581991834458,3.39557242981744,-0.888228560049076,0.309136891791267,-0.182346892449431
-5.66065981374519,4.25843552034175,0.408588175010064,0.807007159932529,0.740823699070583
-5.44011661189166,4.44049757769519,-0.547064339855229,0.856090615275158,-0.611711497363721
-3.99110446249648,5.82009209508726,-0.269224303539779,-0.685691617396491,-1.06156849884932
-6.04364186460485,4.02824863960412,0.849225762112823,-0.648555256659029,0.623211242371324
-4.92361046925066,5.32630220567165,0.761036842021739,-0.587815572214965,1.48730575187669
-5.99564281184155,4.91094030039682,1.31962189497004,-0.827951196626682,0.00524420544589325
-5.38530431903888,4.28320159153954,1.33964363989719,-1.02932136353118,0.58657711631769
-5.07796610212504,4.84235532145535,-1.01277519388311,0.0898797571405807,1.23784050768553
-6.42109178533012,3.87816713783072,0.591221102931587,-0.442207406684643,0.280950855876709
-5.13887723647369,5.02822252051673,0.635047630994542,0.0296761285731964,2.06505392256294
-5.92092828536086,3.4487053840257,0.0375964666724341,0.595705979431954,1.98722458171952
-4.49813159909784,5.42332372692793,-0.95914557922561,-0.631200444153296,-0.789173777316091
-4.88178087687256,5.10359696217326,1.45319048999617,0.240560992365745,0.211050007437324
-3.68363341720881,6.70086851918953,-2.30413804125133,-0.173553182650119,0.426437506949092
-5.06867372321198,5.23346828258676,-0.222803926426499,1.71320985068437,-0.846904628005678
-3.09130033610563,7.00750299252363,-1.52667547261253,-1.91731717763838,0.233558828988768
-4.54238260536183,5.12655096651765,-2.1288150645779,0.0909848112922884,-0.492788472449467
-5.64545177730524,4.87112889846767,-0.842188164660201,-0.00114388086230887,-0.0604964197842945
-4.03961858500178,6.30512699438278,-0.175561380561263,0.503439427298394,1.6351703485178
-5.53561314824398,4.60782142922943,0.324064289611107,0.488473416060967,0.0471955635257801
-6.36827882854987,3.15250786462817,1.52522858280882,-0.487144540463777,-1.01707506849857
-6.35876960903992,3.5645072197183,-0.988478487678125,0.117813403375936,-0.529651385613638
-4.6056107862093,6.55422472057718,0.816307168193255,0.517326098604548,0.676969641900229
-3.54209499126932,6.3136109172608,1.03311184240818,-0.398323387938856,-0.926579116609965
-4.02563748848149,4.6755737341866,-0.0261791774273707,0.378592001031753,-0.500389359913044
-4.50672686129997,6.01390778859819,0.684636403494153,-0.389137956429557,0.19214604011997
-4.09218181081508,5.68158778407756,-1.78048906084782,-1.42788104860807,0.303586994692243
-4.66834413627467,5.79297271143297,-0.359252060327281,0.489166245209044,-0.134191552301019
-2.95128161854262,6.78722713877288,0.724144103472287,2.11491801685501,-0.187327818455046
-6.09509956481956,3.81441166205482,-1.58430420987549,1.4568072736617,-2.26306116404537
-4.98675504697251,5.97172420269637,1.43366572039537,1.49973263109993,-0.589103758214611
-4.65354562303047,5.47148643503344,0.0954070233411925,-0.110652769549062,0.362077048170388
-4.80633618497093,4.79804857613828,-0.905776498678217,1.37127435502434,0.345191608290728
-5.7591367615215,5.31808065055217,-0.380143553502756,-0.378725745036646,-0.424285644893727
-4.73423860935582,5.02609901817434,0.361235267177623,1.12203678839937,1.46410887109934
-5.99670035362532,4.15816635517429,-0.284771394906873,0.110305413753691,0.761832077119415
-5.79377154330303,4.39784925627295,-1.76305267124701,0.979334476440555,0.398256641782567
-4.65617002633945,5.08471925169023,3.8682670440823,0.0715767628703623,1.9942938376496
-3.72289931290325,6.28775699663763,-0.159248586121476,-1.38295631414391,-0.0883434150733943
-5.75174577481606,4.67219280030706,-0.522461559275401,-0.240155937664672,-0.183435409199497
-5.92141511124481,3.44478407661376,0.872790782073678,-1.53791026235199,-0.334592437054963
-5.13855609301499,5.0985016604527,0.664068021268853,-0.125483785380944,1.28769221273679
-5.72041484737016,4.48608816212601,-0.707554942344648,-0.531218305247719,-1.19518777886694
-5.72896364748069,3.5977540909403,-1.04167139738084,-0.841253315007184,2.03544924110085
-4.71815525521126,4.67574034484758,-0.747333969064513,-1.27107443969512,-0.192474592080776
-4.8256222171766,5.41599702198835,0.610966080569805,-0.407293657080746,1.0000757686746
-5.43839964048652,4.08555555584692,0.0948267063550704,0.92574232539348,0.129756965177716
-5.92196621822988,4.00415102426306,1.60020526290673,-0.739591458622782,0.70174436944359
-5.20696504752495,5.22604239345962,-0.74221704323126,-0.495417209390955,0.0795229068374629
-4.89468688341229,4.20823436435309,0.335146788548522,-0.811113855208165,-0.78256860883145
-4.31671148582046,5.72895876975253,0.485812119498612,0.259283899486116,-2.0940032466847
-5.44777780656439,4.59144992884449,-0.872770708793656,-2.17813171346345,0.336593198342938
-6.93725997870513,3.4584011402271,0.300573309054786,-0.375573557815681,1.25869493068813
-3.26495457333671,6.19246851527164,-0.406027456128786,-1.83816650768632,-0.215724386125171
-4.13546089751786,5.94610880736306,1.22299770401972,-1.15023521604613,0.985303033819741
-7.38902288408575,2.65157670856416,0.5166820534072,0.159886619778209,-0.416745481047754
-5.16289344872454,4.66770211103684,0.361800219021328,-0.07371576776317,-0.404174721023511
-4.49320282478686,5.83409310776315,-0.963513675496946,0.157169071932134,0.682140430313349
-5.41463459508003,4.59299928595769,-0.196078694353212,0.886932491035884,-0.213921745177468
-5.06611950356779,5.36886760967415,-0.332859503181672,0.0377728117343563,-0.885680988047967
-7.06711284274943,2.92618149539873,1.05682801926875,-1.8247827809744,-0.39274887902249
-3.1368375473017,5.96223538138802,0.434119707057013,0.394450400421158,0.641979060549808
-5.30422408729506,5.25826887405441,0.845004916951078,-0.930271176639835,1.12784332019193
-3.59861462156992,5.69098883734564,-1.22220183775804,0.578739235169496,-0.47821454962027
-4.22211095528948,5.74250270590358,-0.13625421441408,1.51334834456645,-0.280668851104758
-3.91254552921418,6.0082936696562,0.840778178818359,-0.623773497883881,0.47273182656416
-4.92677553445221,4.33546986542947,1.00413371446781,-0.825608783283443,-1.1167828927987
-4.34520166620802,5.30512414461948,1.06268643229145,-0.897873994228918,1.97763176455824
-3.94922783945389,5.75471133249135,0.629033384183712,0.61452671134731,1.07524599099646
-7.75393719687297,2.05580140396688,0.682600530545745,-0.328913358047319,-1.38918776748418
-6.11629065882544,4.24387858863237,-1.19531786455561,1.2684045953118,0.195501915271612
-5.03761532382535,4.35649964911544,-0.211854578346425,0.331309490072889,0.314087882102039
-4.27915865002135,6.18825373434255,0.0640283516319036,0.941618966628317,-1.37193568594041
-4.75068684874,5.83166663488247,-1.93568556809724,1.06057391671157,-0.203467980518119
-4.30333197501498,5.39389110977309,-1.87548285578402,0.65439811157912,-1.38212163553971
-5.45390665759155,4.55616536867542,-1.02072910281527,0.303841682196915,-0.239840096076371
-5.97249705016214,4.46062891798849,-1.43841980365404,-0.278001139222733,-0.106139293686269
-5.88777620881455,3.70166919982502,0.930769222357895,0.755416331477494,1.07968660023663
-5.04787559488927,4.69588099069159,-0.521789216419307,0.543516967685119,-1.31980040716879
-7.65636747349931,3.02634260071118,-0.251943424930322,0.743338368595846,-1.00734045500657
-4.30979495383944,4.96579439464892,-0.0301651085024645,0.339432223702495,-0.211298637008019
-6.46050825748671,4.27459063572145,2.76294306586418,0.129892791320108,0.717058523203059
-4.71322439618884,5.88356635098427,-1.73324194961601,0.48408652486421,0.177269160209453
-6.44654046532288,3.08457214257332,0.929378082539896,0.802459891384958,1.33580041727466
-5.08039403312421,4.99942744487701,0.0518582511863592,0.52182237766372,0.108091586025995
-4.61497121011216,5.25101125140117,0.531673486953206,-1.18981125546837,-0.20296867853973
-4.23125790194931,6.06778969314495,1.2848434288589,1.21095213532022,-0.379826487119494
-5.98303327700283,4.20366552167659,1.20704112131289,0.864675863920005,-0.0572025786708985
-3.96577447500695,5.81984994942695,-0.833798386296194,1.59013246577086,0.38352819530666
-4.97090351372958,5.05627949750371,0.428509027521083,1.20339790179521,2.27516499387506
-7.22275231988127,2.12963883963475,-0.144632080289141,0.879410409614187,0.301409284386386
-6.52105767600909,4.37870234964041,0.644885689590239,-1.19997160735515,0.243547384022253
-4.97976609224388,4.99182724970841,-0.569835821572127,-0.554343062173159,-0.135278440250279
-4.12397124957189,5.93064741641809,-0.207961450529416,-0.797081084118401,0.103286027040802
-4.76739319277685,5.16294335609936,-0.150097561258168,-0.0102695911874734,-1.86866277818933
-4.70358321614577,4.84535052282907,0.152750869366472,-0.151643476479285,-0.852452275077507
-3.3205822408224,6.54936780089924,0.20588854938442,-0.497318163501027,1.30835073950063
-5.59909530219553,4.20800866528087,-0.222790816579932,0.469155827626763,-0.75235600711377
-6.56837388699556,2.69057254047599,0.613392009360167,-1.28907992676792,-0.89344663770717
-4.00096329349753,7.07262657811358,-0.21266222878327,-1.01762261677803,-1.68716325460475
-4.49305726967334,5.74899592541132,2.52674060741624,-0.0507066250776477,-0.504409502229939
-6.79941793100153,4.0778768460171,-2.55504566845462,0.00384972891256658,0.322622648915865
-6.93128681023537,3.83854067284181,0.839221294259504,-0.0207458167239714,-0.880696701484937
-5.07442359017181,4.48009761058981,0.015577488981443,-1.86147935898277,1.68703733210588
-4.52868864667419,5.24701064427617,0.507577740097042,-1.00095434886041,-1.09322046491059
-5.27783353854798,5.46121579303393,-1.87202044945627,-0.210488650009392,0.949651595164169
-4.98897646913528,4.62204318050648,-0.990129207726724,-2.24613713316376,0.877660948722904
-5.20263870268753,4.51184391891616,-1.10126681424616,-0.888371749930638,0.623601253337369
-4.91440279409293,5.33469831159014,0.585039330608074,0.26507399581645,-0.0708901371307181
-5.38874803156889,5.15869557497887,-1.1776628086732,-0.655822412972029,1.50158829020776
-4.4058770732347,5.34930926911934,0.492007737664769,-0.525845580491343,-1.29138416340541
-6.54801660893722,3.33741320233528,0.842534349097747,0.589990632752464,-0.897639767877971
-4.80695397589366,5.08690787917533,-0.442437944600814,1.15290852391881,-0.882531088281511
-5.28406253935098,4.1422740204209,-0.18601987427422,0.79880326191145,0.902581016421868
-6.13230907101206,3.33179717763909,0.0146334377313868,0.10590222993024,-0.405660199261218
-3.37644054312492,-4.74326481928777,0.20627351855411,0.365616443482887,0.816748486197344
-2.04325655395585,-4.71954423981692,-0.438248235195115,-1.12078214479149,-0.212783407553766
-5.75138086731386,-4.02696393310815,0.509493595637919,-0.442703406208203,-0.290986603197338
-5.13055532687425,-4.95952641249696,0.338231641700818,-0.94407564543799,0.855549831722363
-6.41346834155485,-3.76127612612497,0.459215935711994,-0.977481529197622,1.38923956060478
-2.74166827978435,-5.04862651288694,-1.07867039744469,1.12406090825656,0.780450066092192
-3.22085245599349,-2.45567131981652,-0.154732721174306,-0.36527089883613,1.74079057641328
-3.83215226724167,-2.11310639147797,-0.188279402135382,-0.949581156319936,-2.0805912814459
-3.97159907904491,-2.62210654012847,-0.644016368122972,-1.17287397064903,1.78047442524236
-2.42473089655558,-2.80451283770443,-1.16761507324554,1.39063680848287,-0.831175048356537
-4.55753497936972,-6.21091699519463,0.756512381022445,-2.42172554730762,-0.894524431399206
-1.27059320978582,-1.89466809434073,-0.240592368042722,0.851688225905538,0.560160677017131
-5.18251432235581,-2.70812761126863,0.386544614864398,-1.93670426312777,-0.270094435916229
-4.05933419485121,-3.76833754461403,-0.943676620403387,1.6707784844306,-1.94422863055283
-4.57138769870473,-4.43472585688328,-0.195263903341212,-0.0344861850708523,-1.24757086376403
-2.14690697315323,-4.33029038279933,0.442422222360971,-1.18782855219172,-2.32630308817184
-3.1752654554589,-4.23738828019627,0.85127639352385,1.50172259984027,0.755980596252273
-3.54284618999271,-4.18665342124857,1.36084072545994,-1.09274962272546,-0.516253624042438
-3.77797477193805,-2.94383403304818,0.262121759948607,-1.52712912173384,-0.261619368550012
-4.70819939410617,-3.5511021897425,1.34404662360697,0.892680859709396,-2.3790820618281
-5.08689596975134,-3.81374594283418,-0.828924765430452,0.883680629298919,0.325439278668439
-4.2383230646344,-4.55035686255802,-1.27678393669469,0.701773743964726,-0.197548639508892
-2.79367096119288,-6.03193320979132,-0.439976765282038,-1.55544588208406,0.550048778796466
-3.57557643530236,-5.22889518390552,-1.16810947150681,-0.316349951838248,-1.05755165724439
-4.84051855681484,-3.45433754029334,-1.80515612985129,1.3091198250306,-0.273096689493852
-5.06860684867093,-3.81112116785721,2.41241967109727,-1.00310615830822,-1.10106901741268
-2.75825970726862,-2.83982975363784,-0.131061477522706,0.306070788768782,-1.45830272832206
-4.19298463925032,-4.20996696374082,-1.56027046743462,0.598622603880511,-1.05020875476823
-1.75026437059418,-3.2581178159451,1.71502652413315,1.00094472167894,1.50476174060088
-4.05574005245556,-3.34378677267271,-0.173723049766151,0.572360901613304,-0.0378780343997813
-4.46909317349008,-5.31676286502713,2.10738711088951,0.518458557253358,0.746699570654908
-4.52041966527227,-2.8139483249021,-0.0802919850569596,1.36958173807651,-0.111538165191441
-4.26115232964821,-4.67066702693343,1.22554692985887,-0.453189749416852,-1.81517467400636
-4.11022610401368,-4.53010234318154,1.59814440963077,-0.170292615740286,-1.6902119498689
-3.40217334020225,-4.99255080055997,0.407929519949479,-0.14912798227711,2.17284023109734
-2.20265885687586,-2.60665777797516,1.95376120081241,0.510912308453231,-0.443553936478751
-5.87942023905384,-4.05650843833288,0.596249744351877,-2.77678620254875,0.211573523131547
-5.53068459454409,-4.4430357267705,1.38860150550714,1.96510181683993,-0.349136181661618
-4.9152946538835,-2.76585527527931,0.273780321264629,0.905547674724847,-1.64349080198377
-4.47372644780172,-4.7111763577356,-0.224474159581822,-0.59096611245885,-0.175857920596271
-4.3425831888256,-3.02646813426103,-0.977110893732831,-1.10675669725341,0.294789561886404
-4.17153450277832,-3.45634785360123,-2.28816184569851,0.423396314150214,0.334382825343674
-2.56458978866131,-3.71775997047459,-0.278802614279237,0.907503562353172,-0.997133637685487
-3.51374993950531,-3.87083412568207,2.74313919714674,-0.579950155587117,0.683246199841084
-5.4964588724094,-4.24893338229422,-1.06490672192924,-0.121852354242828,-0.567928081478345
-4.06431536445286,-5.05772165784673,0.519678015286644,-0.712649942495621,0.352017237065667
-4.3195733335186,-5.18613220121948,-0.255842068500535,0.689285353960284,0.514318963640989
-3.52746673938895,-4.48557472319549,1.22644634036241,-0.287420776178456,-0.368661294472419
-2.03984998656359,-4.27023356659382,-0.884764079569512,-0.401427759228387,0.357476743428455
-3.59800205684303,-1.92784893774792,-1.31078200640264,-1.27143951897546,-0.859981734070142
-2.24928784014768,-4.62852389337408,1.86309100774778,-1.50530034521708,-0.81765669931486
-3.48997030982496,-4.82218128841497,-0.652196889265573,1.13015481835695,-0.284842872800507
-3.52454551532916,-4.30639729170773,-0.102268755695165,-1.75543031344299,-1.53497207619977
-3.93464874680739,-4.19906610797111,-0.560996800991313,0.577604136601489,-0.52271009821825
-2.86092195002269,-3.47692344588832,0.29659889417596,1.01239665653469,2.96249139412258
-3.87338914247479,-3.89174689992443,0.328937091579279,-2.30169157167751,-1.32214066305979
-5.59985723064874,-4.71560134917576,-2.04376600416225,0.250388363323761,-0.116542395074574
-5.06671618325257,-4.23529491793195,1.51547594883254,0.0528197951911719,-0.968090595072591
-4.64680956580861,-3.48306441392382,-1.03150487256605,0.576590005320942,-0.94704279818582
-4.43599356256519,-3.31194896584986,-1.02656885269832,-0.189251566157574,0.385306312495474
-2.81111825240016,-4.03635450212584,-0.85110290914246,-0.576397585217943,1.84741954185314
-3.09093376105167,-3.58080218328983,0.227402379681571,-0.11874213165221,0.106507040050648
-4.40097023680081,-4.61336235187309,-0.308153605937496,0.277491409232244,-1.81354292580764
-4.14875129016553,-3.89364387037859,-0.662849332411964,-0.708021255545042,-1.63252146134759
-2.68327936275771,-4.15414308294372,0.724412425148543,-0.14868342322518,-1.59172110366014
-4.99517606788075,-4.21819038124783,-1.39539512671437,-1.7981523126127,-0.0233417196821666
-3.08017189920817,-4.03995339373566,0.0908814079382146,1.1205026065127,0.67122539849102
-4.79577109283807,-4.75018273099818,1.32002451558173,-0.137322587052251,0.06955530886842
-3.95792750489887,-6.5499604249722,-0.0742806186402051,-0.153250931341792,0.724450688756049
-3.6918593447706,-2.66779574285844,1.03014909040329,-0.246822042275292,0.201410285340731
-5.48747612456167,-3.47386308539946,1.88397882126171,-0.276675117405688,-2.3976964374242
-4.75546173384506,-2.12322069361478,1.28421449700246,-0.000103084430282572,0.9892684921887
-3.24184251399622,-4.64775543701188,0.973987018811002,1.41612016071271,-1.39893770812505
-3.52674532290032,-4.31145911434113,0.168317170101031,-0.548942152965216,-1.41275928012383
-3.73771488086529,-3.80791080014317,-0.783038692454284,0.966170474223326,-0.677919047030746
-3.40811407284828,-2.54497522894504,-0.0798231607062948,0.0879062609666346,-0.335145030587462
-5.00949442197538,-4.48310632180082,-0.58717819883716,0.283506314993074,-0.232370326356338
-4.8195857200289,-4.0320979933134,-0.216148466735901,-0.538249447633817,0.417098500136947
-3.78537898914884,-4.33685553075216,-0.525212342423537,0.808552763863629,0.310555877351366
-3.74491409280352,-4.59471363958966,1.39145465211688,-1.5461943900801,0.111429775427313
-3.09078522240886,-4.68047326094276,-0.589702588184595,-1.36197274162586,-1.23316980917195
-3.56571868222977,-4.68714980087915,0.186553460798951,0.524765922718881,1.22543503493526
-3.07601043170936,-5.36035940084732,-1.83155629671482,0.311575391848651,-0.177910658029444
-4.7234586427041,-4.44086672844536,-1.57833549899005,0.794775113700256,0.353230337055771
-3.25704392294998,-3.86833908292947,1.44949732605203,0.669003896699753,1.71300145150454
-3.8087278544259,-3.71874613441913,0.663108427700056,0.524467109713383,0.439023172245896
-3.06359570325246,-4.91345997128023,1.02337515577087,-0.520827518153992,0.293188044392333
-4.14458835975432,-3.9248248584773,0.229759667129437,-0.539392480889968,0.58009429231677
-4.2856516199139,-5.37209263392361,-0.138625152374641,0.314325096315222,0.848622316647957
-5.22109251522059,-3.17353611770651,-0.174638096547864,-2.25562506391829,0.0800433261575572
-3.66058071997607,-3.22097512517661,1.27975905852288,0.549501932687636,0.137293100756146
-4.4533127175701,-4.81351802116327,-1.53765550505552,-0.934967110856549,0.64075680638972
-5.59279671129792,-4.11511238413906,1.79061116892567,1.1548220435335,0.0816331711509653
-4.18732334552599,-5.59933339451123,-0.106554431196298,-0.173489966879149,0.394028265361192
-3.66650674826283,-4.61771354201729,-1.18174797101416,0.632928208525802,-0.614361397307099
-6.02712595856978,-3.7306990333692,0.645015142788953,-0.132716117902235,1.01733483309196
-4.36518567741304,-4.25381658604401,-1.22012960282032,2.28607410776045,-0.0606735594919279
-5.60251510478166,-2.41073534130446,-0.118273382529357,0.120113908861958,-1.19368021383696
-5.39631320974425,-5.03040563445972,0.0592084260109009,-2.35026928790815,-0.930482955887174
-5.00300519227129,-3.70177813199474,-1.05787908710395,0.840917444236167,-0.155981831918938
-2.80910178916991,-6.21543070469134,1.23062920078372,-0.352062906677766,0.927701337291017
-4.15729389047881,-6.38185202724541,-1.38012994209282,-0.48980244425436,1.95233502804674
-3.14224977243784,-5.35830415635506,1.66920589375856,-0.301613035584223,-0.555166729706521
-3.2448587734645,-6.5866641776377,1.14466708786066,1.78497950622687,-0.388832762470744
-3.37486562974022,-3.43255470624666,0.267513868695534,-0.245072701905039,-1.2721662664556
-5.26058707283695,-3.11575529398133,-0.367405257403528,0.62459865251333,-0.434532226519419
-3.00169033096571,-5.24167829889717,-0.132674928559581,1.44954337868642,0.16698166901871
-3.13238232057074,-3.60148270146406,1.36305508278039,-1.69914683689403,-1.26369856594455
-5.040191899472,-4.75348406305655,-0.964726119863594,0.677952785581398,1.00797352938805
-3.56004571166405,-3.62069338545481,-0.56982556699052,0.979287179101304,-1.69086776907199
-3.31765834197499,-5.67512882562483,0.631831327270437,1.83568375399746,-0.0281168684456812
-2.83151983339777,-5.1907400247459,0.797760998451216,-1.52629457414953,0.165502755853615
-2.4577977939408,-3.65609144580407,-0.0458096945707279,-1.24265468162621,-0.973212975586658
-3.81583171762273,-4.25397421351236,0.249061508254553,1.60828235562319,-0.544788372688982
-4.15674900043743,-2.70797025874972,0.409719693597392,0.0605452144962846,0.0459794910104496
-3.13239495956336,-5.36502593615732,1.46477459087982,0.236445626906152,-0.349405584454109
-4.81141921073354,-4.69632301461234,-0.992766370556286,0.598948890793322,-0.423976846460051
-3.54159542035639,-3.25353138200889,1.11075550351907,-2.67813773823475,0.212937155729098
-3.90534230309075,-5.18914172028801,2.19380843603545,-0.665794066580173,0.392152007711505
-2.68961715117102,-5.24359650277876,-0.885704250505074,-0.0381331749887341,1.1599308511514
-4.3747771421439,-4.15263912736967,-2.16774538064738,1.46122599803349,-0.323903016589319
-2.88362775692667,-4.92653643777097,-1.66183841443217,0.615500543723254,-1.04732576382199
-3.84369157426935,-3.33062094083081,-1.32643364307744,-0.916758011615857,1.37609615762569
-5.46078231820461,-4.06584383913569,-1.0997628929659,-2.29639664270838,0.648312572661841
-5.32682619278282,-3.84899773817951,1.49215600995503,0.927939216440791,-1.58288602033581
-3.43128181749532,-3.75565470192073,-0.223495728946312,-0.251128826844019,-1.00298032026008
-3.47857062695155,-4.16144245293516,-1.13418032907232,0.687434219390848,-0.704762882744
-4.05083888547701,-3.40543348520106,0.574450503319491,0.19792051584954,1.38189017286493
-3.46713989890561,-3.79018021863504,0.858260670831179,-0.462015423671749,0.182440695388729
-4.32832680051499,-3.41716589948592,0.945065303304873,-0.450436651979728,0.217458845921422
-3.01320328972024,-5.68450315980675,-1.49628072675398,0.105982676272745,-0.436911021250275
-3.37029582228585,-3.79784131647164,-0.672436379991429,-0.161321351306103,0.288866735463563
-5.38112460644983,-3.87443631146867,0.254622334360276,0.280145720238839,-0.504223846180125
-3.83324226227841,-4.36942969070188,0.463007051935953,-1.08060257222419,1.28121100918993
-3.05937272561489,-3.52822394487318,0.840570522223524,-0.169925330530188,0.140281240842092
-5.17459373138299,-3.63779253428711,-1.2906813092821,1.21073061061293,-0.30378797821974
-4.32002175986537,-2.95842655728851,1.06741480851882,-0.959636703482826,-1.33962500511454
-3.98792152692384,-3.57442940486735,-0.0313069044439214,-0.277547565397943,0.198284574122833
-3.6708195664744,-3.54828221862022,-0.585448624475994,0.434951742017024,-0.832415170962046
-3.43688741495592,-2.53878379112451,-0.293690627753139,-0.190717574446615,0.623667940031909
-5.08215024959558,-3.38656375683877,-0.466400370207456,0.22981008034964,-0.213093557496664
-3.3131711673561,-3.34749252744292,1.63070864518615,0.399317544844151,0.310359124112236
-4.37068101221518,-5.01015539550092,1.27970908089105,0.0392144929957044,0.968800673899373
-3.91785622907833,-6.56565952879,0.504084385500335,0.0985277547099248,0.304733942094545
-2.27659501880663,-3.72971027621828,0.803030650494278,-0.836528123747232,-0.40465227254105
-4.53949870470648,-3.80193181373557,-1.07291201029833,-0.226692250047946,1.19084651599767
-1.36332684777248,-5.26335933284604,-0.0449663276192744,0.263451935550189,0.818416852782556
-3.57151068208801,-4.22430914292888,0.963561933529886,0.459208891882185,-1.14321832830841
-4.23288324459381,-4.96476676144541,0.641363366280465,0.139762190904474,0.973936061141234
-3.18015449514395,-5.78991725736325,0.229501530386382,-1.61379686637481,1.0093023266445
-4.31758394305586,-4.79452839141551,2.02371639424988,0.773818843151099,2.06875719835188
-2.29675753896146,-1.87756009998952,-1.04195014232463,1.80019805098209,0.589313399339975
-1.94709291539754,-4.08278799141833,1.95631314968017,0.870107005727243,1.39088058653093
-4.70095505823962,-3.02825964499315,0.858960122956101,-0.04109891263258,-0.670266921355169
-4.42046861046055,-5.40227102210974,-0.412413540240167,0.195440836074152,0.296819650442491
-4.10577079519129,-5.27117301138721,-0.167353146712955,0.528047197633788,2.42647512411058
-2.90565747243242,-4.89871706336985,-2.76805095519163,0.307866551380578,-0.950689887648664
-4.50498601994766,-3.35048368748226,0.538530265350317,-0.846885151253141,-1.41045733841652
-3.24209442110082,-4.23107289892259,-0.531068529692978,-0.190809292506548,0.937395997200205
-4.02494209863718,-3.37156617720016,0.928840791738392,1.23597753704589,-0.148434400294064
-4.08926090296066,-3.10151749167243,0.136831041638207,0.34426172133828,-1.16376903623181
-3.32473126129379,-2.622444104343,-0.41516852875061,1.01462598308218,1.14137517544949
-4.40787832720875,-5.24566888747495,1.11722706002238,0.717216609115364,-0.0825901704594883
-2.53202132139684,-3.5867130948542,-0.260794825378021,0.406376702075719,-0.20066838491744
-3.20811458789412,-3.31200173771948,0.0262399510959071,1.31708788813347,-0.908856513330543
-3.21873015516077,-3.6902088783148,-0.252812273911736,1.98800534036682,-0.418125254107879
-3.91647053736627,-3.8625745619219,1.1020046214616,-0.460038132402634,0.597659036364758
-4.01063795490912,-4.10291635069039,0.974510411292795,-0.827571919257401,-0.699729438647166
-3.6349196388495,-4.0674716953512,-0.748010195540561,0.675262379645136,0.877336990655084
-2.81907682618198,-0.730387729365107,0.547655957347935,0.895797379454518,-0.756582704121805
-5.07654416825745,-3.50828661972807,0.497816981477855,1.00045317865198,1.89312507906864
-4.64606839871798,-6.28518487122482,0.470833783866532,0.575875544704608,-0.734998542248856
-6.09491183281842,-3.29332694382433,0.0130006592904334,0.723664132747935,-1.75957037395085
-3.53582582474499,-2.60699734472056,-0.76470435835523,0.569707399059855,0.301957176272811
-5.42092796198302,-3.90211614635859,-0.193289005831586,1.53845868661562,0.496259188294621
-2.93044820116042,-3.29104481719722,-0.330103496307119,-0.950886037218736,0.976828761365282
-5.1746261998754,-4.91627150748357,-0.202582980740463,-0.0642440187435129,-0.216820235509802
-5.64106452239491,-3.77930799619654,1.45985953710673,0.297373439146658,1.57997327759511
-2.90878236189758,-2.84525133287661,-2.45018666598723,-0.0583157135399267,-0.348496521605077
-4.90597254398588,-4.68277373358046,0.671071329969122,-2.06487409771029,0.0566406945034529
-5.24995853879267,-3.81133650308523,-0.265296272379459,1.96034762859031,-1.52783564432461
-3.51563117698172,-4.27584549214902,-0.23247846843381,-0.793323000311837,-0.520424992618348
-3.54378533216591,-3.44332560672204,-0.403447013119676,0.0270495451371857,0.25243671918755
-5.15347417063622,-4.99895046689447,0.0138153191636246,0.471119481682282,-0.476548799578759
-4.36490238042688,-3.82531808808326,1.64887306877998,-1.26407436707429,-1.08446078127961
-3.95049555844789,-3.41180167841226,0.205018124226833,-0.318569975674821,-0.495097064811126
-4.08236481629045,-5.27882144660596,0.960197416730137,0.100445524928332,1.45978640939253
-3.92433190850417,-3.73163428672164,-0.262027629848154,-1.54801783656309,0.419645350091364
-3.99555729943621,-3.48485080788734,0.711088708872768,0.163204942110074,1.12970415576059
-4.45205915820172,-3.4788144836204,0.611211827647544,1.04522081808903,0.53779717481863
-6.31082893831935,-5.62172603888972,1.08559539522951,-0.0346913977745222,-0.852601994059663
-3.54423042674909,-3.43737815926074,-0.435095060069896,-0.645050161068018,0.733704126512412
-4.55919598714196,-3.0789196875059,-0.27431503071993,0.524666320420645,-1.00525509361445
-2.92278439630786,-4.91349146648043,-0.592540592631541,0.650787131101692,-1.29686507340434
-3.49618533189846,-2.99999282250887,0.153393662513324,-1.64992138010319,2.28402127338467
-4.55407147864899,-5.19668967841685,-0.306831907791091,0.529052234396597,0.610110096760996
-4.73694237878563,-5.1703521787053,0.699689853178335,-0.0959992329796403,-1.28304180878169
-4.29638371424738,-3.95817511528096,-0.0618554116173115,0.121769888995533,1.22561165918877
-3.83425831438447,-3.71887751464887,-0.853627558735316,-0.548866705068445,-0.0471159595711205
-2.8472701638644,-2.34457870959866,-0.444111660296736,-0.114548150872313,0.822130918348856
3.78565211554099,3.81744203238311,0.905680909359424,1.73746907471192,-0.724253256840648
5.27321167596281,3.21378315943088,-0.824837693383049,-0.868833638833102,-0.686376566231915
6.17122121152972,4.04320950040523,-1.08500627810609,-1.31213363654444,0.461877366386473
2.14552630679937,6.05416643166145,0.792472035477946,-0.535046054023325,-0.350005339092941
4.49085992848171,2.1408050005994,0.953875989368184,1.28093312741035,0.845682288237759
4.10816934309869,4.8736305595946,1.24550145819983,-0.730144360821931,-0.0038648637852615
5.9028252580115,3.47649780234242,1.32000564692795,2.09962844098477,1.00958644302424
4.6289051969471,4.59275512300515,-0.550550506865487,-0.805870436706423,-0.867202746146428
2.81793445980192,5.99207745094869,0.47082635349419,1.59868329156779,0.540262696227057
3.12004553335267,3.43716351638106,-0.355637706440926,1.91789099713989,-0.771626068538012
2.9790515960929,4.8086373328655,1.04357772156551,-0.746952323515303,-0.41824612170327
5.42882623373607,4.45690204829166,-0.836867536096168,-0.683578148509595,-1.07170584492589
5.06524402325827,3.06402772536528,0.381120480856656,0.620324966957855,-2.25663648826868
3.9826907317793,3.93295624282363,0.0797827123677851,0.958380401547918,-0.341203822247809
2.78768977388287,4.18622122412665,-1.21170119172589,-1.31336234540436,-0.435624901531089
4.89762706034131,3.20194380829861,-0.14662464669817,-2.8188944398775,-0.57884528031199
4.73073874640132,4.88022383732637,-0.132014336267375,-1.24531307484363,0.648399481383215
4.45144580405594,3.71497248521559,1.15437664738378,1.10329813180239,-0.722179560385726
5.42013338299906,4.61269325893811,-0.169091337645575,0.855549292242985,1.01232556100821
3.54856681946438,4.34330885023151,-0.351231051767879,0.999958519015553,0.984104631228259
3.08163950608369,4.3161762471925,-0.427797072419601,-0.530832906508656,-1.19880883146832
2.53389807468285,5.79252661422085,-1.20291291423258,-1.94750996106941,-1.51466827506925
4.68304752434145,3.30730222261355,0.785013380118781,1.12381129083789,-2.03662468331687
4.27116601727221,4.21417599197717,-0.238021035507415,-0.174162048178561,0.835410493526535
5.2468967736278,5.00169358454677,0.959320910621571,1.32773029487081,0.0714136565063476
4.64511017708368,4.78321529581723,1.25796619946703,1.54868657519858,-3.43261445674891
3.24445758135384,3.15533656744822,0.221256684427477,-1.20182803385208,1.11645850802939
3.65441854423964,4.11175359558192,-1.31235376513098,-0.604075312904104,-1.3100467492718
4.02007487843719,3.22699617412999,0.880026946510835,0.663014542651033,-0.728609583009315
5.13318587679504,4.47051010769166,1.25221578515335,1.06257548232777,0.021523891441336
3.49702159911427,5.01245457885383,0.976182611141853,-0.193802520618288,1.64379876393403
3.61492891402385,2.06934710387215,-0.522239024464637,0.470579850746501,1.08924227811413
5.84321537929743,4.99081660198792,-0.2031367270192,1.25327148922005,0.839159097474428
4.27480949868456,5.45863513148644,0.401162857954765,1.18506340465408,-2.59175360677043
4.72651434945772,2.88698434070912,1.23068826949079,0.4603484179161,0.113841099229105
2.6289726022679,3.58159846370273,-0.750157074229316,-0.952953302887431,0.549858242297046
2.74009514243893,3.92929009231432,-0.356162548980164,-1.4403127179725,0.549971525222822
2.92270191951122,3.83310180534671,0.314954083284395,-0.126241994453297,-0.683486421616989
2.07861705098063,2.78778525257657,1.00614007056575,0.132297807957759,-1.52006824648572
2.70319798300781,4.9083175070086,0.581540152968076,0.0891199543313817,2.57529465262196
4.06768120991163,4.73458228510152,-0.848412692685275,-0.120802601135633,1.04977942066187
4.06419271034445,4.69458675634716,-0.909500047239608,0.406890936208211,-0.483697953794055
3.44028201122334,2.39173850586047,1.12312133896059,-0.518965039719586,-0.921242737970627
5.01047944811153,4.47705798557537,1.16087736179496,0.09390626213339,-0.169027670172584
5.74410531419903,3.17065421521834,0.114841480515259,1.27010450002511,0.225969169100175
3.35606834585418,3.49741460479653,1.72166119270267,-0.245657190406066,-0.820845033477084
4.70732646465773,5.43087577265537,0.509524505623487,-1.85902604921705,-0.660066389646185
3.74271239087989,3.64706166168903,-1.81885780802909,-1.65705923645606,0.353983278779659
5.03844036271498,3.08779433365561,-0.819647634687063,1.04950206091682,-1.49265633440036
4.0256835821463,2.18885437760511,-0.446165055672521,1.77932755083093,1.23433235477485
5.25311707197976,3.56398937812025,1.08309131002697,2.04465481871666,-1.68204760491322
4.02525703698938,5.39397869554013,1.01462522432457,0.973564845160244,-0.00798776888078242
3.24341558673552,5.53312588841385,-0.405406825550565,-0.209416463311124,-0.145003901656378
2.90915292900477,3.7836198804884,-0.818343388331138,-0.988978033669714,-0.548937880482956
2.08243908882006,4.49805308624452,0.404465454440541,0.155602538719101,-1.28889088715177
3.48974333280455,3.80608830597038,1.40947525087181,-1.69406399174632,-0.522043771044221
4.39773169088178,4.06125674357812,1.61638234707315,0.111723446221956,1.24653540024739
5.02079957235125,4.86584264601461,1.22558798086906,0.340675685297054,0.728925052003729
3.41754275556987,3.05948538328869,0.709437388048434,-0.588421935079897,-1.54178725034196
5.08921786488257,2.84913083540671,0.647234293115458,-1.22413620887896,0.0887382971591653
2.13987476620581,2.23721853613244,-1.19209019301382,-0.204753908881513,-0.419902301902054
4.85993223084891,4.952187195571,-0.0171550609907953,-0.591218435680203,0.410147722199023
4.51810622815407,3.81665909442439,0.886697007507984,1.34833000672866,-0.00125991716424439
5.40647057573002,3.68372384707886,-0.274843653899471,-3.18971814209116,2.87071606459411
3.68927504867252,4.840567850084,1.01162014366892,1.99634151887534,1.07700454602854
3.36975978799117,4.59008908319263,0.00320898753648543,-0.62974744241889,-2.66427780398816
4.62639354385494,4.82706338313396,0.77695609160099,1.63744936633776,1.18577130252788
4.68778556930493,5.02783864697459,2.63579179649471,0.828029688981994,1.85022247382759
1.94545569254684,4.74733277866156,1.26225395737898,-1.55238971943743,0.556008412435628
4.16263951593161,4.83746230841851,-0.478987900313405,0.268255976583154,1.47330712868684
5.74199110039729,3.44202858662113,0.172480874145754,-1.58528965836142,0.045516738299845
5.25256423402796,4.07259664488061,-0.459492888988618,-0.993939144099472,0.983737479551603
3.25222875752515,4.60004651118888,0.167916994657965,0.250231575347227,-1.5237180316199
6.40726312164261,4.56432550083347,-1.45627265513181,-0.130337483010167,-0.114370561037686
5.27372336777853,3.6973782301543,-1.20393856026503,1.21020403899026,1.05514700483803
5.45062276699792,3.54104591396283,0.601732212531551,1.27676149719628,-1.65066978726423
2.92307396593536,4.73293119499287,0.744256924929636,-0.330800413869278,-1.25313229368591
5.57281188903822,4.84962773427176,1.95442175311724,-1.00769459583116,0.713950121038207
4.05551816595867,4.01181867507635,-0.0727769823587446,-0.942345277406685,0.868121426651765
1.93515233981432,3.98860347491513,-0.419906677694603,0.479498400377201,-0.134021862093443
3.5998388962713,2.94651697773219,0.584378689194348,-0.893467771048982,0.447016082327534
3.18732182485238,5.57333683717722,-0.677829525392393,0.722994009925247,3.13235250506188
3.39610194048314,4.6984321389279,1.96720892063627,-0.822849085682859,0.714939890490162
4.13440782501581,4.35853370974252,2.08540778219831,2.0457818564901,0.0332178448989142
4.09648240440628,2.93407656729216,0.250832053093023,0.12388573554795,0.856916710388927
4.83597015566039,3.88971444231614,0.52788294455885,-0.0231871626347489,1.2816186733504
2.89488905084226,4.04611433497513,0.0827868444090937,-1.63999026832693,1.30046252380748
4.43246401533077,3.77535527143215,-0.121335525454973,-1.07935810430909,-1.06966634069333
3.39299773319954,4.8933032813385,-0.290754387152904,-0.0123921241026629,-1.90227874708241
2.42749693508801,4.73536206593752,-0.277001529821854,0.765460617618662,0.0221623726171885
4.4897890287281,3.80931163383923,-1.41376266741398,0.686488555938859,-0.580902448329964
4.91575065601231,4.69838945062734,-0.48143332226541,0.249230202929375,0.323999211540286
4.64302577529755,2.10615890833233,-0.543587626697822,0.8152343005241,1.012857533977
4.46058354426108,4.85989686951877,2.16916422527489,-0.0673822404534363,-0.5120484233973
4.902841305536,4.26618711716834,-0.348615409476978,-0.771690758599059,-0.00358752365799043
3.70482284565669,2.93094808882961,0.272178274687935,1.17795851211347,1.33282639507787
3.76647159404551,4.73177881423311,0.299632820258802,0.763004950722711,2.08009185109942
3.70389559341424,4.09823668007536,-0.0864878929967987,-2.55585955762512,-0.633984709063775
2.62808620612708,4.35638681741505,0.0392325372120917,-0.0803170274620378,1.17218618395056
2.70322142854949,3.34569338802182,1.12823585226356,0.345545694491524,-0.856082581580827
3.56332393633415,4.96735526576511,-0.230977125027019,-0.967348519620344,-0.8116544448285
3.67423325024939,4.8693801146585,1.04895637377826,1.03939587690402,-0.0682821976541569
5.16683312374926,3.38282650660801,-0.675478317995912,0.0262570358544792,-1.03516237116503
4.96925973440299,4.39853937538142,0.131583875252403,-1.63962545336651,1.23457108179657
3.0015791673452,2.46746462907921,1.39242807716012,0.0289593881643944,0.260145036683801
5.01810134065039,3.73086568359026,0.462880054170444,2.29299063124005,-0.0830960998579584
3.67593314700269,3.85623030791494,-0.656761924089414,-0.841205184805064,0.989699165938538
2.32064574021325,3.38336530515564,2.26586421691863,-0.125122140127204,-0.817566220892564
3.68939850657978,4.57730869675995,-0.908196712344743,0.439003700144668,0.346340939695971
3.56563207263413,4.46629938181578,0.492328008356905,0.966538822089677,1.28380834936444
4.09428912306396,4.03335507947227,0.799736693782181,-0.902237859155819,-0.889139844036253
4.6393333356841,3.69144420253106,0.556745120123371,-0.753623084959438,1.34067847411425
3.08976612650434,5.33931417573816,-0.983861907969669,0.569742386135709,0.838746893729981
3.47084151815004,4.68470096566779,0.991068907976481,-0.936932054064894,0.10326969313314
4.62258013858084,3.05498410650934,-0.702084342999444,-0.104963894646472,1.41958763893993
3.79218423144364,3.94097183186698,1.98327169649856,-0.608627360336234,0.371009068132859
3.8387639579137,3.55381861098052,-0.904644461465306,0.159123596793847,0.656061236051236
2.55534270135222,4.96703195671928,-0.875924581311426,-0.269019130458012,-0.172971835228126
3.26117140030851,3.25023660672386,-0.841615344665675,-0.94944383367563,-0.0843775802065068
2.91107225562435,4.54411047775293,-1.19925364479426,0.621130400410495,-1.39593524700654
3.47101573326567,5.17974253394848,1.24426183465631,0.0737180996989801,0.884511086675049
3.64397515184108,3.68914653438261,-0.871901994321926,0.459287875794942,-0.541840234659832
5.12321708026017,5.06349368492815,-1.13557424305704,0.066527437727897,0.0239298887469638
2.68001586375228,5.29743141710158,1.24848945500718,0.392087715484538,-0.441391332858383
4.42183280104699,5.61479715514116,0.50170665369554,-0.801968415191795,0.824951106858836
2.90509121029945,3.52198671302201,-1.27158785826175,0.545420821508982,0.281089911850834
4.50181634207934,3.75521173819725,-2.0193726753273,-0.298853478332365,0.513572536027046
4.21643040707996,2.72919974102089,0.900466998084163,1.24420525903502,-0.210191407074004
5.06425077376297,4.91984179623955,1.04331305763886,-0.346610666034828,-0.0447423425940146
4.92647273600478,4.13368846770459,-1.22740151689166,-1.15949090025811,1.88297055756408
3.98537795523316,4.88239402804083,-0.609170019712076,-0.43420304510942,-0.793764515250795
1.76393798840294,3.69036341949454,1.91489061418348,0.122744035669263,-0.449708722100941
5.71888160379547,4.15722122580301,-1.15675623435267,-0.504252759494954,-0.536614173643091
3.61729284494032,4.48651484787487,1.32461107529241,1.30011109137638,3.18232301454854
4.27938594663314,4.27199690218631,-0.750190338440503,-1.6621046823475,1.36881842423084
4.65791738982023,3.27767695907036,0.200655232345904,0.591741076886044,1.26797140751729
4.0767943111252,4.1525921392375,-0.427615857323796,0.0277355331030407,1.34013947785676
2.4056281218273,4.75232250924012,1.21511740141874,0.335832075310426,-0.83307172052843
6.55394714945741,6.04040836850713,-0.882183110441491,0.786709378955226,-1.51159720334609
5.46285982813254,3.16652579066709,1.68375708914969,0.721797744714139,1.13792030088226
2.59448887823438,4.27468410316423,-0.440512120299392,0.319175789301037,-0.327230742265129
3.81284848670988,4.44134635950304,-0.190770538888084,-1.72945693596287,-0.377659290723854
6.19171027350201,4.51891862604819,2.66674988776253,-0.541629861742147,0.261277930216367
5.08990014079954,6.11493814726513,0.12553978671677,-0.739730907850895,0.995693125415954
4.01757015988828,3.17826264873043,-1.14779283054105,0.0203570728929054,0.599506626358768
4.17038294924441,5.61094024414273,0.291640757059322,-1.11255952022544,-0.167968051311191
3.41586539307421,2.67574965780892,0.452886590818332,0.61216193088684,1.18005517008531
3.92435929066855,4.06952522342941,-0.29770421792284,-1.17447599913388,-1.38169695831351
3.27910194574991,4.15275662847678,-0.58139441773047,-1.13187989867831,0.588227423958513
3.83707724837683,4.70057295548314,-0.174321927077422,-0.00974480735331707,0.054819973490287
4.0092908013776,1.94635076507053,-1.51241175443126,-1.67870031619337,0.0571419490289635
4.46984538242523,6.00629920109473,-0.611239312075275,0.238625033195367,-1.30773878572022
0.928612362469603,3.58579537359277,0.603485923305608,-1.05354549493215,0.360587436790758
5.15492553710448,4.86405019950584,-1.02317698237021,-0.441858312530369,0.321113723193588
0.979985996331422,3.57061148522781,-0.634365596645508,0.727022298962409,-0.656360200033359
3.52530706840902,6.06342732953804,1.12403194045944,0.638044389405218,-1.08654745225181
4.94398727174565,3.52885100350097,0.34113843906837,-0.326693628562716,0.458355687640354
4.75647517613085,4.75003562592913,0.0235277440505211,2.19554979183083,-0.215061560073762
3.30187281551947,4.33036136239009,-0.388340511976809,-0.238758463432796,0.326204505804135
6.18246664782052,4.61280513446207,0.512122652022983,0.290718929843541,-0.111083664293712
5.26608446241509,3.54070942946765,-0.229887189804764,0.880516435496672,-0.421108800870582
4.16753104540495,2.30322085714294,-1.89533027137138,-0.714418170388987,1.08200325697559
3.65252084923718,2.29293988354826,0.114176347400481,0.64949030125075,0.689681772651062
5.45303418123853,5.92496653632673,-1.2308543999457,-0.563097034547451,0.686988144092364
5.17862223676069,4.48331089608783,0.72605623290689,-0.239723108099251,0.257320937112576
4.33778395808211,5.42861135856749,0.686680861123882,1.69228423402406,-0.706580115720792
4.08897874726155,5.3536861907507,1.06999508533117,0.0227084215795846,-1.75668574597758
2.37265288323322,3.6568469565756,-0.509465863626795,0.353292269918616,-0.970588187342808
4.00024871733631,5.19234669857343,-1.14979081355537,0.443260263564306,0.687146463297705
3.75797502839953,5.04590946253791,-1.4304771480401,1.51539259033297,1.19390823561557
3.1137532953841,2.86324562559086,-0.111126927326076,0.410474249027196,-0.186325902060064
2.90201713337517,3.69091279384158,-0.686852206103336,-1.15929151961037,-0.0487924678165337
3.48139677000722,3.40977139022596,0.340307264641299,-0.410006198843243,-0.123268726733651
3.7934347714509,5.56211331413168,-1.17437708978901,0.944851340199994,-0.544124124413221
5.67474629233926,4.96805671950492,0.240582301250739,-0.59821517842988,-0.198742725147562
4.41843866694692,4.10613908754812,-0.359117893650387,-0.779242423016688,0.662851427388777
1.71831124938346,3.21153002508635,2.0939780229055,0.773116394742644,0.7888208348494
2.98545635411116,3.93339200560518,-0.1591949633619,-0.54067432899147,0.50672398134963
3.3076457085374,4.95996862796451,-0.689086316135773,-2.28124611669609,0.487333999818292
3.11805753126318,4.64839457428982,1.65894193396446,1.50054380511583,0.732031466143038
4.20559242711119,2.50778005439296,-0.10700603337155,-0.950634218288536,0.375691173665909
3.60408189241751,3.12114217422131,-0.142213539876191,0.594133213674734,0.992857664055327
4.71527148958649,3.1908897490682,0.247428040725098,0.135808438828413,-0.529195505491121
5.00550660129812,5.04693088191224,-0.0494842667203332,1.9598104200762,0.306559716493102
2.99351594555784,2.24093607603017,-1.66224975798989,0.499433715784393,-0.0956058872789465
3.20867519511084,3.25681090824874,0.113686449395376,0.409477780139149,-0.896854993258853
4.60312665458642,3.51711928767451,0.0778183275434225,-0.117748764609395,-0.0866849687306886
5.07327161988257,4.42360813118537,-0.470884290725086,-0.159542328755706,-0.499914565083091
4.10361796479429,3.35856596779373,-0.411413567682686,-1.30431831127865,1.33172616202795
4.3020431081523,6.66473147006659,1.92787795717459,1.27384128305449,-0.166104394556732
4.93185209797589,2.95960399494907,-0.0229685654778813,-0.307431731464224,1.45033965352515
2.77539053807332,3.70974586593907,-1.20852458256082,-0.0143414943456146,0.557282719985635
2.28416818598871,4.2279427174171,1.34819424127858,-0.503529781773311,0.995733786369883
4.50215389701576,4.19675403505772,1.31611442501643,-0.643802832970584,-1.54082540208732
4.4200435852367,3.49860985478618,0.950435055512449,-0.833097456312957,-0.0988003674726486
3.67914131796684,5.12567074820735,-0.234087014855959,0.637350283728047,-1.22958600793348
5.29019842350191,4.6499889382442,-0.717487989619203,-0.223443921820491,1.14759761762035
2.65025572302272,3.14085675172776,-0.263063319204196,1.86070995938389,-0.0834248363476651
3.26814368620971,3.14652044243873,1.52828796836222,1.68706304439008,0.00189066625158887
4.44776460500359,2.52172882406573,1.05109761557008,0.364459417536145,0.416969536605493
3.91307078149331,3.13713462972642,-0.825639592354848,0.87351411953548,0.126516653972096
2.02128349164714,0.968414933146911,-0.281683967914734,-1.5583897521463,0.135563106020994
5.51721933815907,4.40385272390736,-0.932178041083116,-0.420372267488098,-0.534054155765895
3.60355847873563,3.58434458423191,0.396953093027518,1.90782066975339,1.30438139229274
6.04252110992636,3.75448619176977,-1.28530604620663,-0.787724558865955,0.897502285944439
2.54577552993134,5.03446776239953,-0.604019245912019,0.416131351596283,0.146063896054243
5.09189060817785,2.97874956829025,0.30606448583302,0.0264126948205681,-0.38227340019245
3.10484721917009,5.27076782554051,0.532739499652075,0.946531205586263,0.310617432675887
4.13138776264971,5.06090240848795,1.11171354803239,1.6213720802856,0.553022906330131
5.3677488883733,2.85585759009904,-0.924616670694918,-0.0618141548529251,-0.501242664595475
5.36807378397714,3.14245470776437,0.135694409326985,-0.294070906004796,-0.565124815973605
3.45984257251858,3.16971667520908,0.275659919062188,0.500122491909818,0.0692347654395392
4.18900873592398,5.27454674049237,0.903422828467744,-0.180631414506893,0.0177674745019307
6.19935986517645,3.43133381959636,-0.326986193694265,-0.995572173921703,-1.60094995463541
4.31385445117093,4.71503961539025,0.301997799203091,-0.762812504643479,1.22241588291189
5.07671361747174,3.38163769194101,-1.53066066584925,0.92477810059846,0.110821309645675
3.14896250652112,3.55025802707564,-2.09989481883553,-0.75886459050142,-0.0799901047331731
4.50506478462223,3.04892791411645,-1.07071088783352,0.528695815867639,0.978869788897315
5.43380798769025,3.90120333220046,-1.02276591712639,0.827733131668251,0.823654355998649
4.04132495889279,3.59567650841275,-0.965748934735172,-1.10026009177075,0.309006814388855
3.87290599953438,1.76574267161424,-0.521361119753901,1.15120396252988,-0.0536441097109739
3.86996839421631,3.5084332089674,-1.13433790309823,-2.49355028057722,0.745245589531499
5.4260828081142,3.44310768697049,2.29080056610231,-0.31702420742096,0.381755599010668
4.67792969875782,3.36252546750183,-0.52506796617896,-0.644298968242404,-0.241026040135931
4.78280615007603,3.91302140099606,0.218676800325139,-0.940568882674652,0.235214229722673
3.67921634806652,6.55041511768403,-3.91779337361381,-0.0641232623315331,0.6587161626305
4.6741480159368,4.95895821578704,0.448715233553908,-0.957757637218873,0.733624461488975
3.35834153438204,4.64937125833466,1.85550024703528,-0.28169679668833,-0.071935770639914
2.18992160768444,4.34150826010546,-0.124508308670618,0.648210598140502,-0.360500541630986
4.26527567305609,4.16638915006547,-0.442180262422004,1.97920566530384,-0.770774525748098
1.9344140929017,4.79056979309284,-0.890225190462394,0.621967847868854,0.0731328247502845
3.19664894980839,4.60997774277398,1.02445569035938,-0.604138252611458,1.73894398470354
3.1821890200563,3.62547641020904,-0.198571657842304,-0.851717492955675,-0.972266192280199
5.02062317613627,5.8408825307357,1.15974919670118,-0.0342323991204227,0.238245885889828
4.78250272144272,3.01613822135343,-1.34822954405737,-1.55389619780964,-0.168831394436159
4.63159818204638,2.58181735060247,1.92090805165407,-1.09478871891368,-0.408625041750304
3.58053926114848,5.0713058031588,0.619079823338925,0.146512242430723,-0.62237746182165
3.53960839684121,4.57497815366363,0.228822114976956,-0.0598276934437485,-0.760978673726424
5.49516123887695,3.94697236874151,0.406888003637299,-0.128995469193268,0.238259745428352
3.06514021766861,3.02396144739181,0.872663842649556,0.134091608739151,1.18103464277845
4.59882550238417,2.69991265316003,-0.34308934709429,1.51257718374283,1.29760168698731
3.66855290034922,5.98500144708395,-0.620378903111725,-1.0094913894357,0.678061987828505
3.89682447308091,5.58182641157647,0.862723665619559,0.927421229123599,0.758461753956876
3.7707664651785,5.08006909400199,-0.717150666754768,0.464655460392866,0.392144640801173
2.81144499369369,3.10709759325988,-0.231001311051964,-1.79730430236513,0.0681745737419786
4.48934685900287,4.58154795453344,-1.07771068505474,-2.16241982953588,-1.05107174989431
3.99346031352678,4.07907449004079,-2.92291307161771,-1.31738137435663,-0.141778780580177
2.58608255418644,5.10408030232502,0.10309814856258,-0.277723815677267,-0.7006925979475
3.86715199836821,6.97396396879516,0.710156744794857,0.672762862457747,-0.996114803917369
2.72396362458378,3.6781271797971,-2.09873692212675,0.0137444820848183,-1.47180652349006
1.71528686570425,-1.72992123476567,-0.808020207623094,0.507594655355055,-1.60175968643799
-1.14392091149814,0.831597136200353,1.39766888030668,-0.591529768734278,0.911237294055709
0.368966082885485,-0.214836351293292,-1.18540253437795,-2.8105153093343,0.154843987090809
-1.06250563647667,0.672048424605902,0.319346927085337,-0.530594803488441,-0.923454988167792
0.583960850440921,-0.482376864093313,0.52033105934884,0.818460981065679,-0.195192491865485
0.86256214728449,-0.312412546740331,0.842366792758241,0.294364009138428,-1.24837686059461
-1.75840073652528,0.648083259932908,-0.397474375616795,-0.781859834114064,0.887805707715841
1.92078829038052,-0.85112665696131,1.68988973068688,-0.245102299973893,0.0368575789936573
-0.22845897986893,1.12561217193202,0.272042271549434,1.80083436814755,0.965734642577791
1.23261392139373,-0.747522587248983,0.799484059586071,1.67121143322899,0.132297908071763
-0.432898827026007,1.20023253952659,0.049172931446454,-0.604639726988599,0.0853704865615069
-0.118240307814724,0.585479859334619,-0.209797154045179,-1.03924606248948,-1.24650423696841
-1.94921779682916,2.25255899236883,-0.0308980724059403,1.35180857489794,0.0230153320600665
-1.15086403501923,1.75483646837065,0.497673889646236,-0.434961604787358,1.05728728217477
0.767221425481541,-0.577355915203693,-1.52818770605082,-0.0966849604694484,-0.58719848855651
-0.246603269987144,0.693690398542812,-0.286166142393115,0.699434930477723,-0.273091537539472
-0.791436804067228,0.0851515336363294,-0.617742620482371,0.461616732136873,-0.532646513186459
-0.151183504745385,1.05446051036544,0.688537877749975,0.269309504021796,2.34047591868529
-2.27456920402342,1.37410539523342,-0.0278163104508089,0.282930951453653,-0.883596244353603
-1.46324015612862,1.35408583496636,1.76297629625373,0.646131621456682,-0.400356788503429
0.330559404053603,-0.719460732561837,-1.27564246322701,-1.62941833909611,-0.755770859499543
1.92357807614073,-1.70763632892351,0.942670289243484,0.31400124948519,0.644901483731379
1.18647096904261,-1.89343608521385,-0.757031259842227,1.1413461747887,-1.28531241256678
1.03737884491168,-0.696310251833973,-1.23134159536758,0.506800925693096,-0.889443374048602
-0.430895457620983,0.331623964081823,0.193047185269635,0.520193134526031,-1.01191173387819
1.9792560922538,-1.19881115231964,-0.726320261834269,0.617823127318783,-2.16862710928377
-0.546561573941964,-0.347056569334378,0.176172708680355,-0.658807951948594,-1.9014079616779
-0.0293248365748536,0.539867016583785,1.46295410012238,-0.169198793636956,0.481257574007868
-0.506447016230422,0.918130337604825,-1.00730403541593,0.0150007306268261,-0.91244993252223
-0.556523720529179,0.535806631541519,-2.36961552059118,-0.229409313190716,0.459393924690308
-1.29058894550826,1.56658650064884,-0.862781096401422,0.561851493264368,1.62217348396958
-0.52456067012669,-0.00802554812145995,0.393347963673376,-2.54444402741865,0.373654665824582
0.110364801812877,-0.210574585140741,-0.273769318838114,0.401675217862893,1.32770783974633
-0.167927999705486,-0.213963616335808,-1.35272931194662,1.353805336616,-0.190207833647285
1.16523033679839,-0.630180355890426,1.16804385198249,-2.07076649427185,-1.53645006311623
-0.674111260713762,0.653737958290372,0.219645048012515,0.599054817786666,-0.364657687332948
-1.06385752795977,1.90967552212373,-1.89842131841449,0.556797018295675,-0.948212516290966
0.488042774630514,-0.54605820540339,1.12978979655874,1.46479204811729,-1.52651148085706
1.12185659139971,-0.838827614512118,-1.49684985807693,0.0244012443061953,0.436741221104519
-0.851982908103683,-0.0526989386829814,0.556201819070001,1.69059638775466,-0.25270951231978
0.479645407790104,-0.931933526660753,-0.589786437534681,-1.0178381496976,-0.695821243143814
-0.277130515111139,0.922321151656132,0.999348689165192,-0.35486130509425,-1.59192526812837
-0.012426665766897,-0.0966680748295156,2.29094723508436,-0.251702006587043,1.12834282249013
0.269659873142441,0.0500242548325026,1.28219206668152,-0.400353041111888,-0.517341657733084
-0.998213307012384,1.41125384283114,0.490106069041401,0.11565802288583,0.982671811195098
0.479595422087635,-0.363758612036482,-0.182587182170656,-0.0730326832266657,1.13308372305755
0.395475785479532,0.292307585989553,-0.277046956462904,0.57289828511092,-0.112293834299306
0.792512345013307,-0.368967363835655,0.20295749874355,-0.946418410057399,-0.822601694586775
1.60475334382054,-2.3169078390955,2.1098056829946,-0.344266245515986,-1.74611164251904
-1.39331100731358,2.21719861111451,1.19787194948755,-1.90285793094327,-0.418409246210371
1.21498767132102,-0.119135964400311,-0.637280483284446,-0.826261652274597,-0.0839871405910703
-1.25508530288547,1.08792628668334,1.64463075166955,-2.47235165202681,-1.4943272288327
0.382421317820207,-0.160450984601418,-0.621738711853817,-0.840204358667661,-0.623320891337962
-0.318339023244099,0.063887931285896,-0.687336665346646,0.156169230759082,0.734730362751371
0.236032580004456,0.0113026048072683,0.282350329717761,-0.0208659963079668,0.456075290838489
1.34589475985743,-1.28580517518647,2.54144680129548,-2.37008822493495,-0.024904852634886
-1.28168154912758,0.884074600575049,0.313993868439385,1.88352661770706,-0.4772884760433
-0.449284322774084,1.8770723842724,1.50621519659158,0.507415900732033,-0.913098914952362
0.863758932513565,0.047242465608041,1.12968466953278,1.66348542974904,-1.31283963581741
-0.500030176363848,-1.05098848417669,-0.831398772598042,-0.478043873878038,0.175595026451644
0.0268280480804367,1.06090040260069,-0.844028287462705,0.869142919097687,1.01799894975435
1.34591214043666,-1.89571959171143,-0.482877012347277,-1.82105448487425,-0.805903442863868
-1.31146881768771,1.01282908080412,0.112028058051256,0.031364904995095,-0.684934857833087
0.920028126797625,-2.44158476185936,-0.615988986005294,-1.36988297729396,-1.02844240340347
0.268732052136561,-0.0666733394513149,0.549058573346587,0.96023410047365,-0.13358802652168
-1.32021878673908,0.722442204681717,0.693760924301373,-1.98626458785478,0.738760906995893
-1.21800883282728,1.29223631127679,-0.770193342678583,1.50185452922713,0.493087681729936
-0.341091785869959,-0.74914484644738,0.915019008060754,0.576393941092122,-0.419955102887414
0.417850319157904,-0.209846843728396,0.404436852130971,1.64474997060253,-0.939293887506093
-2.09477841608272,1.78461912785262,-0.249648477925546,2.19019865504214,0.0531500830469484
0.160000445910783,0.513241289947705,-0.318081913660733,1.12571572039888,0.762530118907829
1.0372135207326,-0.316730417183429,-0.404145783203032,1.10532892934701,1.22192190298178
0.441235177260013,0.536961379077199,-0.942813295466921,-0.225011515504795,-0.293492476694704
-1.37775567644214,0.413909491055357,-1.27813412513577,-0.868820153814451,0.186413199533866
-0.415471600089207,1.41065476238656,-0.052792269504399,0.174136219582787,-0.175572326925264
0.412281988935673,-0.469312855403257,1.04229254955049,-0.351431795081725,0.150537894332717
0.729330293411153,-0.567214432689797,2.03950426690604,-0.138822451336875,-1.0546171110283
-1.80632415442007,-0.264776634023351,-1.26537125214155,0.952313296294075,-0.206608862495577
1.07780956301546,-1.91709047396681,-0.279397776522209,0.202162073904937,-0.82990266634952
1.02336247771679,-2.26149267691827,0.79888136222893,0.911354598597817,1.01078596994878
-0.498765688573279,0.234372386999934,-0.888633428718832,1.90365810817463,0.886557961985239
1.60555278448408,-1.4222727429081,-0.336322897628426,1.46522918240568,-0.806293844085417
-0.643414389343627,1.13110140198186,-0.182281899738275,1.26797854102136,1.29534137462551
-0.548650360208378,-0.796888948612621,-0.934735353906677,1.3341379001312,-0.00456200829260106
0.549340063748934,-0.751330434362976,0.0896967180939963,-1.14224850610858,0.604342024349023
0.091910704038744,1.42175759229561,1.62841041022824,0.422535026996563,-2.24566977331135
-0.656643717887292,0.475769658567786,0.959376725599444,1.05950711877922,-0.649457060069851
-0.191339907076806,0.554852994625062,-0.193382541093934,0.200703655622647,-0.670277104724835
0.153765036341145,-0.986015936061441,-0.0855770203830552,0.610998501019577,-0.630833309335416
-0.968062021623138,1.07394946792423,0.438705570463501,0.0418193027823417,-0.610826560741602
6.4578265668351,-8.33457237556234,-1.90353837677398,1.21570264852867,0.101407610083223
4.06846907591834,-10.8674079320291,-2.20946312137264,0.962351625864626,0.668939415826855
4.35947031622883,-10.4323560702962,0.675782323252078,0.575466794684832,0.994018327050445
6.15886836672895,-8.71533985850221,-0.141672766910097,-0.816312648687522,0.533361721975493
4.04354718146112,-10.8502133003143,0.0663069012024191,1.40948944988807,-1.15448542344748
5.9072923050203,-9.05979407739263,1.0826021302143,-0.32554873628955,-0.998731940332166
4.67930441537102,-10.8898773493223,-0.139480481138593,0.034391545628451,-0.785397174727694
3.40240905488468,-11.641603097032,-1.22595502982328,1.38427722818182,-0.402141856775224
7.33087616238266,-8.91272906350021,1.11202554576194,-1.39045047255866,0.535790107430276
4.45644410627799,-10.5945515324062,-0.261663278478472,0.410143578977862,-0.0731027242975776
3.41515623584265,-11.4376404769445,-0.834229462687882,-1.05781448076271,-0.0124358987373493
5.26104935727493,-9.62087352354147,-0.884567619141291,-0.56246114631282,-0.598141088329656
4.49220262586986,-9.89639250472587,-0.976137115473147,1.29612754421778,0.359113336287011
5.69322578343374,-9.53595788892587,-0.660499867313586,0.126567444221668,-0.393814127153737
4.20426715838309,-10.5963254739152,0.320076347481994,-0.321756993876342,0.353492411302637
4.9403156094365,-9.4481134902938,-2.35753833602282,-0.809260279084393,-0.46038828883811
7.4640165056604,-7.59992877503947,1.54627525128151,0.0546731979351112,0.719143130316032
4.59126094957581,-11.2437258013519,-0.106753074630384,0.900133257984616,-0.707729504950488
5.6335076507912,-9.5049634132799,0.47660912359316,0.818118287345584,-0.604053968184977
5.17049325231592,-10.5365844474976,0.382508703982367,0.264077905846826,1.42958188015781
7.30417628851766,-8.06579279364266,0.342924907780795,1.04848610613493,-0.484229570289324
4.45775360659802,-10.3188566660275,1.10112227061785,-0.413385366443648,-0.661307630721386
5.10504456926743,-9.64145789461987,-2.26137091093343,-0.688905686261077,0.642323279532119
4.81214298281177,-10.4054321685334,0.610296613756296,-1.11419098142746,-1.28688892860547
4.94214676192654,-9.49912401807372,-1.35346964688778,0.721264564115363,-0.951573379446715
5.67251765043467,-8.55165632174652,-1.78204914997833,0.185633503789714,0.2785042690142
4.96954062674725,-9.27600016250448,-1.1478546171412,0.9024175637246,-0.323374961203474
5.60252683620801,-10.3182592631818,1.41739267645373,-1.48380775621786,-0.497141939337899
4.85406263191693,-10.212573876941,0.689590244132423,-1.00388942700396,0.330311247551579
3.99710285656534,-11.3885796533903,-1.56433622883316,0.119534860620396,0.590692304786348
6.0353005368536,-9.0865358226182,0.522976816933527,-1.73865863034196,-2.40491765805617
3.92755449152304,-11.1368284012551,-0.0356186887549129,1.19984394857557,-0.0304389378367138
4.11871090499936,-9.97000303119898,0.00892880371001589,-0.260957402889849,1.69407329331862
5.39512463770059,-9.57313250825906,-0.00683476578202594,1.92760119294924,0.926581163734556
4.19474279131831,-10.9008960074892,0.337513146839978,-0.834133407276015,0.666980744067771
5.76031849258326,-9.90455124395404,-0.773760758699938,0.950021343349347,1.08605715716494
3.17426029382813,-11.9399158479416,-1.8910248328844,1.014193151174,0.304911004216934
4.20364515848556,-10.3655788682168,0.84200070431858,0.342562827540754,-0.36966711784628
5.06832741045276,-9.61367538988614,0.502017579969437,-0.928353907653005,0.802075451495451
5.17603856189376,-10.1047415322565,-2.16175611773593,-0.460002843041466,1.12598566598049
5.22978679432784,-9.16874866102097,0.59668505003193,1.59554071428323,-1.16830852228078
3.63501001289573,-11.2258432060961,0.110154883195932,0.835907305865325,0.104191334546372
4.8366486735248,-10.512568711533,-1.28012670181496,0.370824773099436,-0.333792386334945
4.20777609169693,-10.9623730083687,0.475179579240135,0.802651714219505,0.838914576776333
4.00351637207125,-10.7652929913416,-0.298509302323719,-0.475070669716537,-0.926250238346727
6.24131548707677,-7.99024399402779,1.52693245807715,-0.95839689021119,1.19937835303293
4.5011647562192,-10.1873803263798,-0.959679098105231,-1.71010385832757,-0.338539819948942
4.32353959779573,-9.98198648764828,-1.82379010714468,1.20764105639009,0.951553573164331
4.13166269174294,-11.9268694864689,-0.803028693641258,1.95300658200678,1.53436730507977
5.19005428890553,-10.5669273722546,-0.835553016389972,-0.635099124952695,0.277650180410458
7.2396585736458,-8.4099115560384,-0.507099772597866,-0.0759337070340307,0.10588073541702
4.7722989982847,-10.0848092691585,-0.60390727522315,-0.0543900251029617,0.670707558065607
4.36367962457206,-10.4818789426024,0.358457594887376,0.530563590000828,0.615677981735719
4.2202930498556,-10.4686855515606,-0.518449187566398,0.594508930184996,0.133234727015389
4.12605373316227,-10.5764498774871,0.764919505720719,-0.106166512925768,1.00637572185679
5.85710890534435,-9.4333041701876,0.663173116945721,-0.206375710888434,2.19459823690561
4.63381880718322,-9.42930059145042,0.264638102334141,1.3776143678985,-0.358678542316878
4.62347003374613,-10.3883714994222,0.469274448039118,0.227555486605532,2.50891129903262
7.10955473680599,-8.01747113274763,1.1197332299148,-1.52073609119256,-2.4996250744169
5.79043093872514,-10.0151411276801,-0.173855393855476,-0.984322403311342,-1.27097125972092
5.10780028520066,-9.5953856765955,0.291473336322857,-0.672573991971037,-1.54751530065143
5.65286214476898,-9.4963048018397,0.25336762748482,-0.326628020660777,-2.13943876971177
4.71460496929824,-10.1197426894666,-0.772106352587234,-0.423880461725191,-0.679229551188222
4.68519118022343,-10.4031709858837,0.405488566122742,0.170476141669097,-1.2027177120432
5.20845094048664,-9.54003340633849,-1.05274754914713,-0.0817258307057649,-1.51332582226198
4.68001620893067,-10.0803240329824,-0.71235798224354,0.41758163026466,-0.428003159922472
4.04033567641153,-11.2854166647864,0.982188486576064,-0.104213271728762,1.13111689076735
3.97492834265709,-10.6700585038464,-0.410684838996296,-0.817733050180283,-0.958034959138801
3.64415340816665,-11.8188724857669,0.718355189902536,-1.26302079495408,-0.149386046287834
5.21760024143076,-10.0625117917292,-0.49911425150824,-0.667202922808037,0.523250869555102
4.51526493821812,-10.6149651140875,-2.15394205591828,-0.316200187336168,0.412224240041903
4.91230027437769,-10.1841152288644,-1.62804557916439,0.902864031653651,1.30877377190154
4.44362081640641,-10.7827947975368,0.324634512273252,-0.843734573946981,-0.100653602076583
5.70797526120586,-9.91944901290676,0.0297040558052384,-0.34634609872384,-0.630133075362848
5.29027936553186,-9.99295175342665,0.0212016131588639,-0.508280969477323,1.47690545463875
5.7100385462802,-8.82432176312967,-0.827873076041686,0.0356599561981887,0.682785237554515
3.68201397844816,-11.8883445532444,-0.031785011895002,-0.0949462091245806,-1.51035513802072
4.24217773105407,-9.87521026831531,-0.875596231376375,0.39247381177946,-0.178847522271295
5.8152564276335,-9.38822261554999,-1.06132801049185,-0.722183983717169,-1.52262817728868
4.67420659575558,-9.49581281531012,0.652671615363945,0.524054367274589,0.626291320465561
5.27526484334033,-9.81104208106993,-0.99877270939747,-0.457537554774591,0.838571875624841
5.90477893412626,-9.12920449143387,-0.45970011631691,0.499969852741443,-1.77570111227079
4.83332549439996,-10.1400115269774,-1.34482920629764,-0.28799396391425,-1.59706160275352
4.52475904583859,-10.4992236258347,1.4216243963363,0.692251015620909,0.654523316933104
4.83601057330781,-9.98044544542968,0.78466002397457,-0.0653175384882737,0.395074868382602
5.61392491503556,-9.28263559689268,2.17776687806565,-1.10435939448812,-0.0764481865810326
3.26453746903127,-11.4665727182364,0.180533596085582,0.550369170298352,-0.926327693482353
6.15566530400388,-9.11517587269234,-0.544568557070611,0.266296802770016,-0.209333339001827
6.20012863803928,-9.62804837486429,1.99771248310017,-0.625396988224389,-0.165571143911507
3.48863748431771,-11.961336363114,-2.28511092161879,-0.927241833207311,2.10160410426386
4.88142520480608,-10.0785034769369,0.0353861720594762,-1.36687245133751,0.22376009879763
4.71069811606143,-10.9118533901719,-1.58969656864557,-0.288600386192061,0.45707879643513
4.24347956406837,-9.63938807058131,1.50511900288678,-0.286125504739946,-2.61507225963574
5.79074877810277,-9.16445788214615,-1.45125652941538,1.18785908602472,0.157932726544847
4.82986781580782,-11.0351892146488,1.90937578323868,-1.44726943055221,0.377419105403626
5.20444326090094,-10.4417077278189,-2.21602368415097,-0.396753383134837,-0.774577453885949
4.4818010012345,-10.782895078455,0.852001633660593,-0.139344819374176,-2.33922419063944
2.97081186358316,-12.0255898386211,1.33665066149718,-0.630684355736181,1.05453956231966
4.9962180171328,-10.145409746371,-0.0247322048646485,-1.64331232627204,1.10600049747287
5.48588522630931,-9.15672410603983,-2.49524664184466,1.240749187423,1.53340238068825
5.49444515799401,-11.6086412116443,-0.52617790859378,-1.47996857175288,-1.16230195650196
4.99488288320796,-9.75618100241583,-2.0387724002777,-1.044712867733,1.41518431733281
5.20515109457177,-9.97329431904072,0.0595945516374143,0.956081271028942,-1.45656293934684
4.28835017816941,-8.62522964853057,-1.50502550421532,0.133717944226818,-0.990637125075942
4.46503263517574,-10.1284012037674,0.614158398561255,0.118573205847988,0.0833791932894834
3.69769796292895,-9.43918614339709,0.65791583919185,-0.112841555774997,1.7239078423733
6.01265724976105,-10.5744848643731,0.521443134986339,1.49246643656188,1.41754602217915
5.42235798772683,-9.78841834176567,1.73815530360852,1.16269037290994,-0.478242600457223
4.44695453990645,-9.24463419133466,1.33045697513637,0.152032254299276,-0.25737521964187
6.67776173219086,-11.6071627257519,-0.823042446531285,-0.787389039197658,-0.48409048110483
3.94908829846966,-9.5528563262681,-1.17502653901657,0.4401726038618,0.650529895182995
4.43257068993696,-9.2069003016403,0.37771959796313,0.686794282847108,1.6892764537711
6.3275009830231,-11.1666941490275,-0.379735602411878,0.243951600460292,1.74908935102623
5.23515239898396,-10.3660108316252,-0.830304463639942,-0.335255541852747,0.971394870656081
3.42242409603292,-8.88466122063501,1.99418996158212,0.292060396357889,0.902315745701091
3.83743098941335,-8.465994472672,-1.08607979999285,0.449182887854284,0.133686703418298
5.67275518187184,-10.6041869829348,-0.456836257425508,-0.489914259252065,-1.9979034645618
4.4566330894741,-9.1727114836004,-0.584751647496426,-2.11419819021678,-0.040805369694214
4.86988517732997,-9.36346872445409,-0.58038284915642,-0.00428466058477411,0.567827685132778
5.29027685824837,-10.0165430260158,0.89423617786414,-0.0551472328141223,-1.67013486573017
5.03719826784546,-10.1514106818811,-0.770185804459144,-2.09714414218152,0.734911589459325
6.72511117788853,-12.0483761644411,-0.543654496294793,0.913142344326348,0.53482660982137
5.85554772736843,-10.7265251965668,0.238094768427363,0.308747032223628,-0.285701756994715
4.98087487566234,-10.1390106667163,0.505681367806904,-0.152654165229204,1.07222791640102
4.65823085420104,-10.1559404243704,-0.132851064080976,0.480339755673615,-0.606959741631273
5.62574075891064,-11.2324210830502,-0.262747355283565,0.0776891653664509,0.704874539361962
6.63413479882363,-11.5933164784056,-0.0795546643310467,1.15234633203681,-0.277291304949748
5.30500600199342,-9.86649454165082,0.21275166375331,-1.12374818919342,-1.99749244031658
3.42828964365751,-8.63455564085341,0.250157009535166,0.747187679411077,0.779927750106056
4.6516712947244,-10.3396571659262,0.325792351330189,0.823792200994393,-1.18626510861957
4.60129750191992,-9.61538551190531,0.846370786425832,-0.216921693870598,1.35218016100878
6.96970377138812,-12.2780910425619,0.844215152235053,-0.928758783175963,-1.66570457073736
4.07623647614268,-8.89686464582491,-0.0351173263879302,-1.57824097327903,2.00314129910212
5.45555016184333,-10.545009285219,1.30090844838647,-0.428185519894431,1.1146423777762
4.55147163987297,-9.07232684770688,0.301463609229587,0.173673246349169,0.10555064982913
4.50366717948312,-9.51112893212563,-0.0442174902658441,0.898637801979324,-0.868151674134006
5.73352682554514,-10.3447550039279,-0.529448310750513,0.631605880070453,0.735096783818297
3.55201573101169,-8.8315962613317,0.0741302887382792,2.5209228848187,-0.239018944544617
5.89325447633743,-10.4081184436145,1.27561142019484,1.67472106316411,-1.26208267487301
6.13592604258479,-10.9664651100436,-0.370301199232314,0.678699545046417,-0.581306338426054
4.76600688866602,-9.22075636134597,0.139125049413831,2.20945674939989,-1.01375813638214
4.15935035975188,-9.41876195788008,-0.119214009174418,-0.929271529754065,0.55643600719095
4.13026835677958,-8.55699635147155,1.17181606215075,0.441396876184682,-0.3923643004963
5.77984543051963,-10.1938489010633,0.425679437026459,2.04293550476363,-1.04625781801297
4.2279697238427,-9.50507600127687,0.693505084178151,-0.500218797917336,-1.05156159544333
4.96914733881207,-9.60369834293538,-0.515575927977212,-0.603995048077047,-0.92113625898606
3.53838098796751,-8.51913727229159,0.359505158012881,-1.55270337118707,0.452387463197063
4.23401536681439,-8.79147028418649,1.68996948212802,-0.206474639290054,1.14848173412456
5.34698532044487,-10.2034460093609,0.122273706915183,-1.02956477287366,1.20323993926622
3.76881085974951,-9.11802048338904,-0.277829431071069,-0.342978223696057,1.34900960873896
5.00208019463355,-9.53968161480518,0.595600957280271,-0.230848708399955,2.29578220067825
4.71751886835716,-9.15300223138936,-0.972954293231249,1.61195030322849,-0.308392118081495
5.15927226097055,-10.7425762415858,-0.335884136232602,0.692491033295573,-0.549524010195017
5.58637783349076,-10.27946471978,0.0903140486552275,-0.242152384643107,1.02322933371163
4.60757414946378,-10.0496293225244,-0.511302116801553,-1.42491983202882,0.0379665059695393
5.26798820461971,-10.4357622854312,0.279898067008062,-0.143643095964693,1.18636633283135
3.38389573035118,-8.55589240002278,0.694307127169005,0.860234157978578,0.700197152136596
6.39708139866193,-12.0738996160401,-0.882328140612738,-0.860456582833683,-0.441261976673855
5.08000446333696,-10.550193249127,0.502349672612039,-0.630484951904197,-2.80705197542393
4.94672138154048,-9.43919072825714,1.45197664601898,-1.28786680439444,0.294379611655206
6.42999672734198,-12.0368292774637,0.789145330938817,0.883787884888322,0.104736617540079
5.22312796852019,-10.7907743941261,0.704154289460545,0.228850157176935,1.40958379665061
5.45190050306778,-10.2256494133007,2.23274117251629,0.692690432608445,-0.828556095550872
4.45575720966782,-9.25720249939211,-1.27054745916334,1.08524701576605,1.44933954765791
5.57766512910589,-10.5094526168995,-2.17976119006967,-0.589726507727864,-0.746872620721129
5.21279261191793,-10.608107703117,-0.398189023592367,0.0448615152869278,1.08638997774056
5.12958107907517,-9.79272385183283,1.33822596002125,-0.093510473524848,-0.680958922428463
5.3605468153172,-11.138795473454,0.48885109141762,-1.24843595013848,-0.624091788847672
6.01653565773757,-10.7864176943038,-0.868649009807901,-1.19054634658196,0.887190195200497
4.07216728800803,-9.24324879033721,-0.657673753968251,1.23413385194794,-0.196833922232238
6.13743916698694,-10.9986467038825,0.394359813313182,0.897202106162803,0.342900450942898
5.44080004828302,-10.1955136491493,0.361476802745844,-1.86374506748147,-0.27137553900276
6.93677674894179,-11.3919430245806,0.965776737205424,-0.0407153445035705,-0.988300959536293
5.40458335504943,-10.2052097186586,1.33471521650219,-1.36280615615246,2.3509506846553
4.46302233112681,-10.8719342183679,-0.430538572268263,-1.13755836249464,-0.724460708798403
6.52717981137608,-11.1107199692248,-2.16360647748289,-0.327789209457332,0.353672739412684
4.46088858841441,-9.28795831607258,-0.493603523128565,1.01679422141901,0.460603690284754
3.23064979965608,-8.68730489575937,-0.692391994801122,-0.630458287732898,1.49690366468037
5.00567555026492,-9.95667137971125,1.35149348213597,-0.0808964187408463,-0.906148544604618
4.79273634697934,-9.28322210379195,2.37126563236589,-0.203693205869229,0.549708060831789
4.87668817835976,-9.95815559105865,0.634050095310806,-0.506195917586338,-0.293943464009684
5.28940755096381,-10.8555340007833,-1.00739063537324,0.287936791776476,-2.12175261136881
4.70700297357983,-10.507459909218,0.265811136833399,0.0829267938719422,-0.631647348723022
5.2479879991931,-10.1952953042125,-1.72240339023011,-3.2107827617691,1.77019569190884
6.38345818770525,-11.9344310336758,1.11896953265742,-1.50648342844835,-1.08218855426036
2.08921241315594,-7.2526965135416,1.70481313381578,-1.32693639244347,1.59269621074368
5.56574124593962,-11.4108931881434,0.544438892744302,-0.0722139034001633,-0.458915619177751
7.0866207884747,-12.4908057946155,0.756188519643584,0.520763546001123,-0.0588833463902987
4.96421660423833,-10.0644044926918,0.41577869539842,0.326811025749374,-2.28647171998104
5.29421288900372,-10.5588916766637,-2.57369911313048,-0.275876159391637,1.22760893628072
4.44007652379966,-9.51124924374257,-0.23468593697896,-1.46980691564389,0.341132618531888
3.98155802577357,-9.21180492688597,0.0948056031265973,-0.0373490576818553,-0.554757855099369
4.95933917471386,-10.2723907271421,-1.55676661540273,1.82344571625852,-0.564180963276323
6.12853669528243,-10.2821786500948,0.165344780655545,-1.44785822794859,0.110600484602744
4.0854619080999,-8.28976601453088,1.88078202594086,0.219853726374752,0.444204215109354
4.76032954544613,-9.9883361546933,0.948693773867932,1.24936430118538,0.884548171561881
6.88458057685768,-11.7090805041209,-0.747092942467437,1.41270707437064,-0.093961096462561
6.44600450436435,-11.1784176101091,-1.22897991465176,-0.460657505731036,-0.90676419689882
3.4625833609109,-8.29788588101525,0.180659467180523,-0.585548444052891,-0.914254971848489
3.93238824255869,-8.48933442091399,-0.0758643178899373,1.41036486772533,0.762330340876846
-10.0283447412253,-10.0109798584211,0.605132481643494,-0.192903685231738,-0.845360274375586
-10.227685740007,-9.98241104605121,0.249796128545626,-0.318318113883926,1.14501824132945
-9.94765088317553,-9.92277746560293,1.3992657850535,-0.0285514259942649,1.1827436881071
-9.89993457852467,-10.0692126902087,-0.445558441792154,2.10907857089939,-0.473517783994387
-10.100967298249,-9.98815444735779,0.964140247796584,-1.56828908183953,-0.543438585682386
-9.79353749075668,-10.1674557271999,0.774520263823192,1.6071593630422,1.11795035770658
-10.0166494813423,-9.95985568867261,1.64097499722291,0.90160178409689,-0.671139340700581
-10.0980246972448,-9.96463412959134,-1.54189314541808,-0.703479819223715,0.693515126601437
-9.96156961717207,-9.89808344330457,-0.0448680066371518,0.254706750269248,-1.10949641774417
-10.1324096615449,-9.94372479037056,-0.059987981029124,0.973016643247048,0.735175680323165
