-5.43694682767068,4.32321483822478,-0.579700683516853,1.17861681776234,0.293369664843811
-4.17299404216942,5.63913505034253,1.62820186176624,0.551734193211242,-0.156871183013105
-3.09055328156365,7.59961522780421,-0.95960526135944,0.320397766497762,-0.655628675764148
-4.37424449387673,5.79323411234971,-1.42211405349872,3.28975018827632,0.330368285898887
-5.90208637560374,3.98305823985005,-1.88105440949816,-2.8475296461639,0.266469229312755
-5.45857955056827,4.45216996131335,-2.03462648892473,-0.626395653905285,-0.735343463614488
-4.31028584517126,5.56438981777308,1.21349886324257,1.59009332212182,1.23529948624455
-4.28687434881228,5.8535583088145,-0.568819690141539,1.71255809155677,-1.07654448889897
-4.08239785672412,5.42326902686402,1.11863852594379,-0.0842929672471922,0.222193867623998
-4.36664256401091,5.65020466121891,-0.339595743515446,0.760722026721565,0.171180621742568
-4.81540838616866,5.36221564337914,1.34009491933816,-0.966897480297479,0.179730994495279
-5.26316006735952,5.49668822825187,-0.486838448665242,-0.800352257056114,-1.03238415668299
-5.56294614286188,3.8020514005644,-0.573912600202116,1.3223368780343,-0.14758010229181
-4.94762849091043,5.05003120915796,-1.85396578259106,0.37267487180395,-1.95067036895454
-4.66647516734329,5.65594485966646,-0.0689661490078427,-0.609909908171925,0.329138236006939
-5.26333694008023,4.84870938394728,0.889717643479696,0.177786399991208,-0.86687143454725
-3.38650859157417,5.66533581050786,0.620955041490415,0.563170532827176,0.20294448193117
-3.48136000123753,6.31021595218702,1.56222529413545,0.0565978812124209,0.612680712678703
-6.26220605865497,4.62014246515244,-1.0200803535663,1.41735518434449,-1.67224834728616
-2.82021753203833,8.26861657962712,-0.548382017092419,-0.504649922233313,-1.55033138789257
-6.18486298245171,4.32595253409108,1.15963718760836,-0.667156501511757,0.587072278327246
-4.0898050774269,6.18683565104633,0.193495647002952,0.271677129079073,-0.290993719392724
-5.31242244881297,5.03998630430543,1.00678108278445,-0.341772946668198,-1.24726613370023
-5.20349407176549,5.03703910288212,0.641971893147019,0.805559964737284,0.509970780066468
-3.18618690427737,6.4784068254681,1.47220555190931,0.557434949480512,0.505143043817651
-6.43853446703697,3.16699929939564,-0.675023399499672,-0.672114390047449,-0.681254979751153
-3.83601158242969,5.18064380803004,0.773395682800863,-0.266399100155381,0.313033223483389
-6.38065617797577,3.98525364033923,-0.166091505487662,1.20897408230904,-0.163971360471522
-4.20330868010965,5.28360747695026,-0.499191443220266,-0.621307608730136,0.580714037753652
-6.00563961449809,4.50467133894406,0.717238588846313,-0.254254529038654,-0.90097610860882
-5.91556492274638,4.52706538516622,0.0457255704062367,1.19971533813535,-0.3180928599036
-4.01394262624499,6.84280385419407,-1.17764845946467,-2.36047203103726,-1.45728753676327
-4.26213392867222,5.99354835316214,-0.163970322285987,-1.46473817910122,0.620839018437742
-7.80116324042289,1.8180368398659,1.76763084913845,1.49849525183408,0.0872433511524134
-4.06205544095437,5.96771611406308,-0.7765429270306,0.712375268633911,-1.04721426093471
-4.28887788055192,5.29024285081798,0.236843429466013,0.767962952361214,0.888043032280347
-4.74449808744843,5.17031989785831,-0.900548294192239,1.11639317117123,0.54286429737182
-4.75707331535988,4.97662381507566,-0.460279885271089,-0.945463008820312,-0.402219575785631
-4.79472626169848,4.65769987189768,-0.637379448747238,0.20365850933295,1.47308501161159
-4.29233691843702,5.45890201642114,-0.0914713124965024,-0.578021676540671,-1.03588189708208
-4.09697767669101,6.30881287445608,-0.888016780841071,-0.147775763437861,0.576991038959891
-5.98376988949246,3.85301296670467,0.668920931133165,1.48691850971463,2.04714851007056
-2.84694694260898,6.89430740489101,-1.93415174449107,0.13456261619743,1.87653060418491
-4.94416193707075,5.31964670933774,0.0700738562418797,0.358355711964603,2.62956720834157
-5.23637056546625,5.02429425328992,1.33354091520986,0.807316477694747,0.813893614077569
-4.20100463977377,5.30847547821392,-0.908433911563238,-1.07911972904969,0.233101917765057
-4.55068756230199,5.31524953009401,-1.1092664063257,0.257566915708588,-2.44266678524091
-6.0680033900341,3.94763612848777,-0.363722914786173,0.818574872535909,-0.904643004361214
-5.6603153265541,5.09535036730222,-0.021664563383665,-0.803015705021763,1.5078774770966
-4.47361798992319,6.0291984962818,-0.6061533926478,2.36819247652573,-2.18172185525014
-6.25918291097784,3.42054195514194,0.926021567881745,-0.254264304230365,-0.0813261093317703
-4.71528397358071,5.23791422811524,-0.867119281290336,0.733382427592743,1.12539206231366
-6.13353628939869,4.74416553273344,0.612138289100743,-1.63946276436109,0.242865729589553
-5.05089177861165,4.66792104967084,-0.609266532792688,0.474366705631495,0.427557516159478
-6.16640481590176,3.36862133180105,-0.642261564947218,0.0687563992933338,0.609512767854372
-3.53572926224014,6.6854484512364,-1.87449201283548,-2.24945604685368,2.15284419221842
-5.00449701977149,4.74761045717746,0.208105172274827,0.478452262683753,0.585399251870788
-5.62470134109486,4.52547109590037,0.423354403307492,-0.0401153060490686,0.952824101417044
-4.20807137007403,5.71561338097032,-0.384861267958772,0.443096171294573,-0.215800202235903
-3.64853151497729,6.6643188509852,-0.154997110492547,-0.453394473393783,-1.11721910532289
-4.86751046239434,4.74896225318954,0.215529556744416,0.665972851523163,0.307393488175115
-5.84499170242181,4.04282114869146,-0.82365916999249,-0.00615570412064869,-0.615216874325231
-6.2236862202981,3.04399757475446,-0.258533970079243,-0.579319031971627,-0.460099817396143
-4.80317806808592,5.56512125617801,1.16513605545233,-0.243468419855439,-2.35485313745703
-6.40759235765256,4.24937275521732,-2.21689032358256,0.595027913759914,-0.810878867192723
-4.543389356104,5.923709751766,0.191794371068382,0.230047216713606,-0.487572538934102
-3.0244471920263,6.20202785993997,1.4626062654478,-0.0694246207872093,0.0290337199322741
-4.92593354861111,4.43137451343625,1.11380847777989,2.01696723036625,1.01281733984838
-3.13232826960934,7.54558740679186,1.74229719723354,-1.15110415128571,0.131589021864689
-4.31154900841233,6.3023447498048,0.339323239811472,-0.310006410367958,-1.95762153089939
-4.1436566294285,4.86766537558091,-1.15016406353105,1.01125438245844,0.610384420080766
-5.88494619512099,3.93366539275963,0.436123420393412,-1.04770941922781,-0.281691679431922
-5.49332721391824,4.78623552294425,-0.563955327305109,0.910429866992598,0.631837642494882
-5.6249480917083,4.61779339360133,-1.64752386919235,0.486489905858692,0.41656809792938
-4.39450995478463,4.81004292695357,-0.660406589175117,-0.0650976389164463,-2.22448496971722
-3.54934438182738,6.87271494369084,1.20924119378369,1.41095964511056,-0.261250285807216
-5.46276754176448,4.44388879316562,-1.34195808890092,-0.523571421529131,0.743069020931817
-6.90134299708895,3.6973436824215,-0.171737727176894,0.61660238344766,1.26333014227634
-5.46658413973084,4.82099098944322,-1.42930598464122,-0.764959882415358,1.05206940988267
-5.07611738819809,5.47625154634553,0.00523957724803572,0.692532850085747,0.00829399440559663
-4.53499219176376,5.22434053733861,0.898282566181949,1.4585646945354,-0.663357962320457
-3.23549307517035,6.89061167046083,-0.382234825157689,0.241319695563607,-0.490093232970549
-5.25526557006004,5.57421446237631,0.080185581675911,2.07219534315186,1.35192718524968
-5.44388995207674,3.92654885831441,0.458707342634355,-1.85517738378531,-0.514809304878818
-6.921910265194,3.48439715345857,-0.29083425638063,-0.211804014563538,0.938244350455034
-6.49473958338228,3.15586482515441,1.29811923783469,-0.0400025638236789,0.00899008495150951
-5.89358440350543,4.44836971333015,-0.190545261314581,0.917745816443881,-0.704140093769509
-3.8192730218681,6.24108383470881,-0.799066848784816,0.384255564219287,-0.293526720586236
-4.2810582297962,5.8401341176568,0.505834908673195,-0.388069142218007,-0.535625226010028
-5.68870201062379,4.33997600362555,-1.53613450509344,-2.06737439039881,-0.248472809988243
-5.74506089428632,4.00307459504198,0.345201931430137,0.622483846022841,-0.513941375128974
-6.18822713099074,4.51414179848675,1.41072819224546,1.8086330183556,1.061061142061
-6.1711312698065,3.4545529972206,-1.04540739140497,-0.541739030703027,0.0896033021144675
-5.1545385540363,5.2376459109231,1.38278859406607,0.927185391775524,1.11914755482114
-4.90295703609022,4.76917462854222,-0.490745822727866,-1.06152766418715,0.788836517075552
-4.29863891788058,5.2454945440992,0.713091314719315,-0.6584502191501,-1.29767688686083
-4.21086729198858,5.76278966268701,0.358232540908623,-2.34035172405035,0.771909122304439
-4.72229667521026,6.29480397196226,-0.205482000827911,0.623576601437973,0.247110078747732
-3.87646197363535,6.00105327013074,-0.412402177630378,0.203492565797574,-1.58721051616207
-5.20576719747413,5.05082332585695,-0.065537950230511,0.294898205393114,-2.34418302608649
-3.53387036370833,6.32210512713792,-0.908389019423738,0.300316819928874,1.31711401877454
-4.46022644351017,5.21382460919583,1.13465655135463,-1.02760474269796,-0.651904685423106
-3.22750869939231,6.31532623901766,1.10678331299394,0.285155498852346,-0.975957211359412
-4.45945984124758,5.33945238342696,0.100636850049055,-0.482248067123915,1.27458107042753
-4.80499667542269,5.21677573605836,-0.541539477421299,0.867647314286446,0.604834247266878
-6.56003387949996,3.83262997490656,-0.870516585245639,0.248687409078226,1.0354497219419
-3.92746939428096,6.10021870568841,-2.55969085754857,-0.408717816263421,0.647541065240716
-4.68419471502467,5.41974697793166,-0.940535781149434,-0.713896784036163,-0.0269920178257672
-6.6553319834083,3.48276577864479,-0.622252507990876,0.542537181116226,0.0838911107965947
-3.87418843816469,6.2805786117217,0.323552228087692,-0.0978823291620838,0.0576380915520674
-3.75514256875555,5.84276023407613,-1.36143852259322,0.375813049172152,-0.648335852069728
-5.66670730641354,5.22158008134223,0.464502021220536,0.0972986045097758,0.418168033207579
-5.44162623584388,3.81849710511083,-0.501793059209443,0.841815496404705,0.246937432241909
-5.97478709201739,4.23582883500093,-1.15927688913127,1.30395106993909,1.40884169115094
-5.01170032672662,4.90339479235909,-0.854394266809784,-1.96562671631153,0.521613493394251
-4.85582392615255,4.53441940037031,-0.923507482470289,0.810171992000538,-1.27832674244976
-3.43228612155165,6.51260789896383,1.49486907585351,0.904922066843528,2.53153803018296
-3.75281955908415,6.14051418683434,1.76086725191968,0.538341552009929,-0.348105573948562
-4.94636045669033,4.92555249437221,0.654363145930818,-0.5558999085025,-1.32528396353612
-4.56126641710572,5.39713690844541,-0.363135743810612,-0.948651566465307,-0.692842738217803
-3.94299070407213,5.90850559471727,0.64748702374942,-0.809921950448553,-1.30729866157856
-3.95237456390111,5.83369694452555,1.14863705940687,-0.191701541576149,-0.540463851645559
-4.78897234088316,5.30142332555163,1.25352987088611,-1.64473025463331,-2.55925954730684
-5.46467269730961,4.06063461894277,-0.767512321064964,-0.235689925338469,-0.591276545076837
-4.85429183585112,5.4905715130025,1.1613102740352,-1.39578344972673,-0.928824235063067
-5.57597907513197,4.7461001338409,-0.611027360001093,0.0451640578347837,0.374284999038381
-5.86947082426952,3.98437750709576,-1.51855689415632,0.72219465622438,0.890162139989758
-5.04525909860283,5.03670799375546,1.09474800761665,-0.486982291545808,0.109839678435665
-3.83124042625805,5.8741990570331,0.0749175369408786,-0.363557410980489,1.62045641711165
-4.31869160447301,6.14501815804074,-0.171386843286103,0.0952751768334215,0.770321548314204
-5.67360720639833,4.72236975636905,-0.476758642016325,-1.31833971195875,0.390001633908572
-4.35960604738232,6.10427988535291,1.27891778639014,0.757433710663188,0.517386991691072
-5.01202940608014,5.2387789824539,-0.73476791827629,-0.6181962087344,-0.52772318448785
-6.3234315009374,3.76610820954897,-0.134360288309078,-1.02864966352584,0.748888729503913
-5.45818835377334,5.01311585590372,0.943843810772374,-0.0625398908971576,-0.052036482535571
-4.64470718664644,4.886161291468,0.645623151476819,1.25637707934845,-1.04298820437926
-4.40244424264583,5.37935288299522,-0.99212152931166,-1.06862957426993,-0.689430516445058
-5.98308286420296,4.47497840521837,0.34430032944525,-0.835404174397518,0.376721406662671
-5.54300660618181,4.82076618347499,-1.41637947015703,1.00852580712478,0.27065219211002
-6.22420345501001,4.43631588643801,-1.38859268769802,-0.853002120977995,-0.333666997088427
-3.44312928111699,6.78502747817075,1.91072069062204,-0.256705740398597,0.606394686451146
-3.7224302418918,5.36397657013068,-1.07436122822514,-0.184838925063307,-1.75032352132843
-3.97631730973222,6.56714443037832,-0.431869537979956,1.25825847963853,0.249325823765095
-4.17370940570321,5.92724579026526,0.677597533735133,0.193085336346403,-0.420871286974259
-4.46486519231744,5.55247394728518,0.0749413833750294,1.05309503916721,0.821847432446541
-3.2594425382084,6.73322985355089,-0.988743997192043,-2.39152367417805,0.00635771228532702
-5.49144621983107,4.6292380569956,-1.46012577750072,-0.00770023389977119,0.327922531029698
-4.75714443743773,6.0165190785499,1.28967506313696,0.631367451352819,-1.39929724846375
-5.49600693264056,4.0134688169587,-2.02924915204659,-1.2038690478155,0.319968154716092
-4.37421846178422,6.0850112209328,0.49050840181047,0.852311675073153,-1.05829181789893
-3.25769367092983,5.98221633390012,-0.3472531294964,1.72997135504014,-0.722143290811163
-5.36076356282736,4.31864714529037,-0.108632103129821,0.756901688684481,-0.405566897436318
-5.072715681327,4.69842217330039,-1.88009160173493,1.56314775725934,0.539724551155739
-5.07613836775141,5.33441193907462,1.44347356727132,-0.710579703631054,1.34268495595379
-6.19724920247421,3.99555147813839,1.17834585229801,0.294861929727928,-0.229604787247927
-6.80157376018837,3.23750376590446,-1.20213323429378,0.5842806900489,0.977812225783055
-4.32815200109061,5.16342989333939,0.162827768122289,0.912852535099928,1.21296153741211
-6.44950375299062,3.600967027058,0.0475882184534873,0.558586448897024,-1.42342950568237
-4.14659390341523,4.45529950617169,0.506754289142691,0.591168622260952,0.66884019647263
-3.44652792943132,6.51975681780951,-0.166755818521189,-0.697394520610269,0.695642228753505
-5.00403699996162,4.53126320714165,0.547444211870449,0.010849565345902,0.388151378671058
-3.81552398822159,6.23774216618533,0.536859660969289,1.09400607865843,0.033555371898896
-3.57341991055659,6.14863612183448,-0.900621862467689,0.502342413398371,0.785218732031461
-6.36236369725677,2.74107248792787,-0.0992998789322231,-0.835029049761314,1.20745918974333
-5.20593095911957,4.63199288086044,0.227896587865269,-1.43649986003772,1.22297829168114
-4.05187459215813,6.75700906343199,0.553829401526584,0.262594354289324,2.0767468271668
-2.42413881789467,7.34964086769953,-0.0634011548379767,0.73198065088444,0.429675581948383
-4.68822243187061,5.08244699554549,1.50947532388435,0.488850390391171,-1.60825721127147
-5.00891584294116,4.73750915587605,1.81820080664737,-1.00563239851786,0.834667495525409
-4.52221952978555,4.98638110138184,0.116699108322697,0.787283743961802,-1.01778668409723
-5.71567115546612,4.77926360616071,-0.713303570026285,-0.588268854735676,1.81897147994588
-4.8956143470329,4.53760668096418,1.00999574950005,1.21990102362072,-0.562575587595693
-4.66502679631229,5.921290572932,-1.20803525545174,-0.209281048534547,-0.690646794170253
-4.56204694643195,5.13291612033931,0.632513372391756,0.116186034723356,-0.780430263855489
-4.72079636552715,5.33140653953095,1.61362349206963,0.243431119552028,0.282759092694681
-5.36737164735729,4.74454432658714,0.256935572600123,0.466030784244539,-0.257507046667509
-6.44698639408339,3.40023406496996,0.543682736247341,0.890915284553039,-1.09975117579735
-5.91091656581517,3.44867294897302,-0.315676348257276,-0.106531245400678,-0.00667034386442615
-5.51156344026282,4.25031839611745,-0.411221846054792,0.403838261114211,-1.48727347189281
-6.4665057789868,3.52051320011373,0.779453246087832,0.532877145467559,0.155524268752305
-5.66741496110397,4.17063694534219,0.0766303447045542,-2.04902571112953,-1.07605544856627
-4.8753947121247,4.29032782295983,0.994016120581573,-2.0021115418435,-2.04781070459595
-4.63402181067363,5.32633777000563,-0.177686553421096,-0.06751729248718,1.05456879988771
-4.55948003556207,6.08720174869688,0.0788702230862073,0.327561623049915,0.367655415273707
-2.72599519298831,6.93802373731234,0.0795517593976113,1.01197991493797,-0.664879690805956
-5.34153017243788,4.72866720544497,-0.432739438989295,-1.77193032693299,0.727536884208678
-4.46541349608689,6.11354028449064,0.982943703332604,0.435559911801035,-0.0457230499634354
-5.26615901995858,5.05861566504172,-0.0769542809546411,0.0582053235912435,-1.22031072476684
-4.95571916533319,5.56592684275791,-1.91541951063421,-0.487052112385314,0.199394393995361
-4.83043842663723,5.36970130739988,-1.98316699190555,1.26148921649633,-0.123905629220239
-3.9006700510045,6.19217141568884,-0.874748769371199,0.437326448390482,-0.445431019513861
-4.68062394191619,4.63395733867117,1.40430445452994,-0.146822716541306,-0.295849520553212
-5.38481364366281,5.23440251298261,1.44872164048996,-0.930280206962785,0.587539437529782
-3.32779374021142,7.07646156869552,0.703911781943735,0.631246286022805,0.353814842610369
-6.18626744418757,3.85986688296753,0.938370892521974,-0.628227716075421,-0.534855003477891
-4.38811715749409,5.8724490521665,-0.175309912237383,0.483251965592164,-0.458854311823474
-6.20887530828293,3.46391717405647,-0.472778508332677,0.810655573631432,-0.804151241345934
-4.73515755769821,5.38140986643135,0.329105377065549,-1.1775174887054,1.72576404553673
-4.05408220986744,5.84650510485367,1.79627829811012,-1.53925287232976,-1.46886341277398
-6.53137538202153,3.36095564570795,-0.592133871622133,0.25080519172458,-1.03865865500674
-5.17613982863558,4.22648386885496,0.534247837990896,0.0464742644879422,-1.14279950836775
-4.1476826072855,5.85474552175178,-1.29105102414477,-0.974151466694083,-0.085894151448107
-4.1061585483914,5.9258753824964,0.736512942668863,-0.305152781495279,0.776937162444028
-5.16078909835789,4.85524057264068,1.34987938132275,-0.246703786048537,-0.62060031026529
-3.97663776956834,6.35336721456506,-0.595149540035839,-0.227168325225944,-2.24297315803184
-4.73653889076952,5.34354925934295,-0.141565344344096,-1.96940573544728,-1.7820107243957
-5.15479352685636,5.1698874045018,-0.311647093206076,-0.986013348952166,0.272001295856326
-6.03747161047739,4.78796753183091,0.197482909226128,0.50228354123929,0.82919708927238
-4.52702409749276,5.8856224052371,-0.863756640346333,-0.950918935480714,0.552837426266224
-5.27267393701082,4.80306262079382,-0.397224673623173,0.704393374299182,-0.347271350931306
-4.78473141800605,5.25700560283755,0.743158627578466,0.0211485581388519,0.726843844701487
-5.38739231658882,4.5578383582727,0.570320058783105,-0.141054715983531,-0.423936775402257
-5.68242256606523,4.15279796115107,1.42687530758891,-0.720053074100051,0.126028232383548
-3.63482088745333,6.22016001364342,0.17468629299598,-0.691921846641196,0.561294788812326
-4.14470366170403,5.69222815275366,-1.89950292967393,1.61468140348437,1.7408830317018
-5.11900879841259,5.18263272204437,-1.63238685642701,-0.243198841639728,0.163136953451135
-5.08872907838984,5.10011630018444,2.05122788177064,-1.4909877893675,1.33274798953529
-6.24353341553276,3.62168819903534,-0.84605068435595,-0.609953243811606,-0.310237502575062
-5.17234026812447,5.22574890670037,0.765436308711093,-0.591317572840667,-1.72095349469507
-5.20817755368281,4.3925456813087,0.927757916598831,0.173419889498845,-1.64264587489228
-3.07313525913429,6.21987936276171,0.275997818336944,-0.52237471387564,-1.23384384311145
-4.37472557957171,4.8025080368747,0.468620232374074,0.847415720220989,-0.923751803843904
-5.08174023990464,4.86144770213728,0.544448935785857,0.273844366109361,1.04813368300185
-3.97932692560258,6.52617390851624,0.683520129272931,1.18610578175726,0.510523818516711
-4.45418331896233,5.88867648893378,-1.43181412910224,-0.179385957373411,1.15030352532836
-4.54919069787793,6.03530851642338,-0.60843555630213,0.768581986440893,-0.0322533559362942
-4.64940611597576,5.28463727395164,1.35525699941372,1.02997100260241,-1.05295247717466
-4.84274061848593,4.62192525737455,-0.738440125282477,1.44665764589979,0.146269019788922
-5.59795879344382,3.94766204339123,-1.76856916349448,1.49772033242093,-1.50833583946647
-4.20468386162678,5.49187758049301,-0.987892320540536,2.29319694685626,0.458947351613017
-4.00813027714131,5.88102520396987,-1.6196682430315,-1.8770964791184,0.960245561420859
-4.22608296935311,5.37637149414196,-0.455141991952492,-0.335225409402895,1.41022328379001
-5.50283212551287,4.564399416443,0.585030651396239,-1.05109784032084,-2.16052565130787
-3.91244873599717,6.17436394542741,-1.53931696115544,-0.53115399150692,-0.868623915400414
-7.24442051693889,2.75582996786201,0.900396598398399,1.28855994968619,0.669489197767547
-6.17648290818826,3.90004891595638,-0.136633463701466,-0.300564402846535,0.954315566823524
-3.57892081670934,6.8675927604309,-0.927962811308696,-0.968848272903808,-1.06726241580323
-3.61728532036808,6.32918859479792,0.348401554021184,-1.18819929574676,-1.68707605078111
-5.9729652455776,4.32401332194914,0.111013385213434,-0.833351255005589,0.739842365318214
-4.50863377210949,5.64170677121477,-0.684139920702642,-1.16900538403032,1.94922534288289
-4.73880905787876,4.82072051016108,2.31319862302792,-0.149112343996526,0.0853542200938652
-5.11263119926125,5.44183363661139,0.23054352628408,-0.576030372190603,-0.20592874502025
-3.70648179640807,6.59254515277305,0.797850317154798,-0.294076278800828,0.094499018351822
-5.33008299975612,5.2715593656494,0.95354468052729,0.252767383896474,-0.437545411025721
-5.07409832145864,4.89135243563212,1.84721488562496,-0.217575746762414,0.627814878150375
-5.66511017958756,3.86299529056054,0.279834736062239,-1.31500387952351,-1.56021414577236
-4.62633564188731,6.1553359796024,-0.547166745837063,0.518484753277601,-1.1763183319796
-4.2699599994755,5.11208979967176,0.109040191408364,-0.366536029359328,0.652150211658065
-7.13460817082201,2.36115348023159,0.392641164631166,-0.508505283182716,-1.49408759618083
-5.28070824929338,5.05240202639741,-0.939818317720401,-0.922327661638553,-0.50982062828569
-4.9611861865629,4.78075251712489,-0.47837010396231,0.143535557704912,0.350723520879218
-4.55061123201493,5.90840643041991,0.287579038059864,-0.0744032857144553,0.866599580603747
-5.95240870442121,4.27734697454759,0.170153350961932,-0.373270181267743,0.498387988199623
-4.45031574165007,5.33065614024733,1.17342044881981,1.60290040110189,-0.511032747384153
-6.04011045461712,3.90407128779406,-0.838403971061121,0.124122641929777,-2.37259951052819
-5.7852995522716,4.64670049923812,-1.57892703709674,0.822216863807138,2.19005061896201
-5.0836019244165,4.7539413956649,-0.487286374183191,-0.85267722395408,0.0140282585165148
-2.76175566032214,6.41026571126796,0.48314092355013,0.222368382597608,0.721424202586968
-5.17404838769347,5.02549676222959,1.39310438238698,-1.01196577834984,0.39244773682249
-3.31421241945495,5.88271351330733,-0.359986224391386,0.524128437160324,-0.709114324472813
-7.042397824768,3.11299404064549,-1.16363712719465,0.039829896307452,-0.697715923787117
-4.6058974849516,6.18149759809067,0.399991353688373,-0.247031822148732,0.0977738130367209
-4.25597437157,5.73915049946228,0.352165608610242,0.834253144997582,-0.884634353783392
-5.86596471699998,4.12799678025203,-0.8770091262194,-0.623043338216656,-0.680141712267772
-4.53784236219925,5.06254046809192,-0.510623350473442,0.985173724476806,0.938192515467106
-5.6522898663566,5.03481135179981,1.39866580120225,-0.670971927462184,0.254281905472435
-4.43268832151597,5.86328801507994,2.11721130921744,0.345130878568996,-0.335056373763586
-4.93265748444411,4.91997118698755,1.69896384074862,0.619926497511489,-0.893866378584474
-6.43880639562922,3.37927006019037,1.88558685911078,-0.0426964614278745,0.173650298554489
-5.08865100729353,5.35295361091779,-0.956606469306644,2.04713914727296,0.7429052244874
-3.68977970374842,5.94744742582427,1.07272929119363,-0.0925671383824182,0.378934170370441
-5.81537092274593,4.54513740389785,0.590443320080253,-0.0536964272500565,0.679475059448355
-6.4004212513135,3.46312018060742,1.63904472690362,-0.229821714250332,-1.06419587644389
-5.52046736017208,4.20727944540794,0.357912466754104,0.712765156594207,0.653469152853536
-3.94116418421221,5.09503343757466,0.437515541009541,0.16994959351572,-1.58911786889876
-6.04401331883109,4.09277051268843,0.136509447021116,-2.33739017311401,-0.0111145549930798
-5.99733651622311,4.19450141136427,-0.45546852814537,-0.929849778508585,0.140944004258067
-4.72128811320587,5.08544258099376,-2.01650237373394,-1.34259173357488,-1.64189441626305
-4.6388467348303,4.6830037364438,0.134798148719814,0.480826087954964,-0.305942253338
-3.98514983827401,5.60049853505463,-0.631628150083839,0.456339521135692,-1.24975418400587
-4.9664662250091,4.2645218793452,0.512184742863306,-0.802173524336115,-0.852641512319267
-5.65178315103932,4.70874343480472,-0.399462957404765,-0.543115164045963,-1.50561654434017
-5.06963297618686,4.79037792091839,1.36993672479975,0.218021004146537,0.659667523885352
-6.29890919414148,4.26331299933561,0.515865891023957,-0.128214083288068,0.735657874804922
-5.45026843354284,4.45824692580615,2.09185114963181,0.101058159089798,1.81831441424189
-3.01221534661879,7.17125708506843,1.42205115287793,0.69296859352763,-0.242073076882852
-4.43230352809034,5.89518797954789,-0.290298790765312,-0.493871031790832,-2.64973736498444
-4.82259647187469,4.82450875373676,-0.167498014666776,0.0621154151985104,-1.03387986217526
-4.83208855730062,5.2943831178695,0.251067873258947,-0.533177101189889,-0.581171461424739
-5.9751670648556,3.70704666713436,0.577244990587473,1.42527138750984,0.754214946044327
-4.53989891694562,5.50622975507316,0.734923675244975,-0.418497379362095,0.490059289427461
-3.77070898084212,6.41462747080474,-1.01147677534844,0.0197063473821792,-0.349902905969453
-6.32969501121263,3.05520184147708,0.807874320286171,0.0282801090981366,-0.134625455697886
-4.51513825222459,5.87834357594087,0.622089437749497,1.19886378236157,-1.31123860041448
-6.74254891305891,3.51218161407815,1.61670960438871,-0.784817295035106,0.997471500751653
-3.25628953843766,6.28459289562108,2.20246396056851,0.97761843229792,0.736090713896328
-6.07299138064548,3.55703055425291,-0.843602834716912,0.973641557345862,-0.361466000121462
-6.22708277362109,4.45772965302575,0.597864019917798,0.264193854355139,1.53295865056849
-3.80799386245502,6.07086974057563,0.331378387251494,-1.61824265202276,-0.253524647585455
-4.62594695924889,5.12730690115565,0.0582860275475237,-0.399797321667229,-0.184084925037984
-4.6432607082918,-4.67008562406871,-0.687253654475187,1.34454029191396,0.376723825828075
-2.99802391550846,-4.15067129036126,-0.267166124292891,0.41924539551311,-0.118214612101817
-4.44032176809922,-3.88156773348784,-1.13512556663732,-0.331817219055673,-0.530609145398758
-4.17636315751317,-3.71711795798826,-0.3795630163672,-1.17603486725095,-1.04783979586357
-3.65600650240745,-3.11796127578488,-0.16329778676985,-0.362204944772308,0.687969196139383
-4.24736845345331,-4.11967050529419,-1.41684191685439,0.48764748046255,1.12078108776997
-4.77832942093336,-4.99694280984961,-0.852196221816074,-0.713392222989004,0.139230664807227
-4.77963323490806,-4.64135893142093,0.0670153743742439,-2.53947144747476,0.744897565821609
-3.79707474170406,-2.34492128945671,0.806219170044605,1.08790082230192,-2.02965408968477
-5.14240122549169,-4.81183068811043,-0.602827914387714,-0.0920781363389112,-1.6852529007112
-2.19893357868363,-3.3822624351536,0.154931778733835,0.0626719835846991,-0.934106029934499
-5.39648497466957,-3.858964724873,-2.40410502696333,0.20781723647028,1.17031995571896
-3.64018992225842,-2.91174646770173,0.567071361931282,0.714907533627556,0.882715877886494
-4.16070826121587,-4.95744351341932,-2.2951763522516,0.162099732831055,0.612573387410545
-5.4493024387482,-3.43390705768724,-0.259052149476369,0.0187114924865936,1.36241898749936
-2.38860779813384,-3.76565423864207,-2.62906008744867,0.864559890210694,0.969351141154723
-2.94507188715128,-3.57948518376757,0.337272959215152,-2.66967283959468,-1.89748856001395
-5.18434227253339,-4.02877479787331,0.648995854685165,-0.155064207441613,-1.97117238284726
-2.46831536398792,-5.0417040401053,0.301876657432946,-0.295869868310301,0.426593109708201
-2.63676088590415,-3.19812482988642,1.30458119850887,-1.28372834680441,-0.906066186015515
-3.91043520782877,-4.21643419133592,0.383382652606077,-1.29319264780387,0.0899186344091097
-4.04876619095712,-4.47659864097348,0.160617804953689,1.29457748719813,1.29096930890851
-4.40426769376643,-4.75008827651978,-0.619133862248524,-1.54749360915303,0.0583458313203436
-3.6826342271376,-2.18712815148968,-0.587673829398931,-0.0226947333699997,2.3992814159328
-3.47306630829693,-5.47761397639727,-1.94192628295048,-0.203175451567361,0.538472305546426
-2.59152688253957,-2.92983496460335,1.21518443488227,-1.10670349810461,-0.102158164255853
-4.43668668328343,-5.57408755234634,1.03559456058361,-0.806546035134114,0.937510364644556
-2.64717479630611,-3.98078713242405,-0.337933400368102,-1.48294066416696,-0.973782977904362
-3.96023069676425,-3.38949180039509,0.529694311027951,1.24073826724058,0.108815173940932
-4.01941868034014,-4.2308357294832,1.19667359181841,-1.08585435852551,-0.0648557417930293
-2.53826832065443,-3.82953476330701,-0.0079168368231858,-0.461162903318355,0.0754867856807263
-3.68206086200195,-2.47288769963361,-1.35269470713792,1.87166901656323,1.10950458849932
-5.02681966713603,-5.0545322559343,0.695151030943923,-1.94691165389675,0.44735808936938
-4.95125227486247,-5.15068174302084,0.38423909232244,0.5082360940783,-0.0404610534497082
-3.30464822864747,-3.82083692882942,-0.238700428425388,-0.81252763978019,-0.116300490207435
-5.35229726105007,-2.87835006526275,0.629725459654382,0.170640475241008,1.35914210504076
-4.32643731925558,-3.14287440312192,0.161923293106229,1.44802742796543,-2.70297450995605
-5.13486081899097,-3.24753400489253,1.23859640687305,0.636470982089199,-0.291250443387139
-4.02473798148991,-2.91143678788714,0.0496630674145619,0.418431968094299,-1.36632679178666
-5.08763269899216,-2.96410274658455,0.607821393767707,-0.229552574496226,-1.70684383986021
-4.15410136487719,-3.97119820705672,0.113191129501006,0.0555375237124713,-0.769339052229767
-4.70098704650153,-4.75675354739235,0.282442421717122,-0.0490289253400105,1.53765851285707
-4.4077234980639,-4.83646485839186,0.543543652086799,1.066906349022,-0.979376151255581
-2.69616921685414,-3.86407134964594,0.158647341263298,-1.21228430282107,0.677050600007974
-2.99805987671751,-5.26132341315653,1.64085262821086,1.92698970868738,1.18200097092114
-4.72153309644098,-3.2445683738497,-0.353697831359155,0.920405611469687,0.158130489707889
-4.04923686447174,-3.63937019036819,-1.50186739828421,1.18647605925157,0.71506873393908
-4.58979329099256,-3.97549203164555,2.06552526736598,1.66472142713671,0.621715631142991
-4.14874537542862,-5.50917846381236,0.384343004350932,0.76131710377135,-0.795626440128115
-4.47150025382861,-5.00218116876306,2.28230439630372,-1.45514396797528,0.569782053555945
-3.76711691335901,-3.89705040211823,-2.09802400745938,-0.453058152835838,-1.54696469840587
-3.52324469971127,-4.73200866560825,0.682527438889633,0.249342590893408,-0.154482947865762
-5.18754068088701,-4.07245140540971,0.793603294955524,0.11897593149224,0.874373069134057
-3.4232880236266,-5.90538407746498,-1.38384637778502,-1.98135113484339,-1.29403790295126
-3.68268171785191,-3.70747730320257,0.479861960353733,-0.265283323234193,-1.39000084263255
-3.74369619521718,-3.78617965461128,-0.290198898158376,1.70353257269031,-0.279010843323238
-2.64271944462606,-3.76850024458549,0.465062035268051,-0.750116977282191,-1.18108772176225
-4.58288520549139,-4.97222674653805,-1.47716918295615,-0.869959054005063,0.532287618409862
-4.17197377418495,-4.24287004406117,-1.57149419603703,0.254082633690023,0.296105081290825
-5.28085699414475,-4.03862860856542,-0.662875281747678,-0.0992378947833329,-1.09603990351614
-2.8804808189272,-3.06971302635418,2.37433799182922,0.617462078343661,2.1003076170345
-2.80521426126778,-3.66066225753393,-1.91412894899423,-0.74252097297129,-2.12924095496613
-3.10736167327438,-4.79530130747641,1.37776024841079,0.418310919920222,-1.67659619029138
-5.32468139558268,-4.39544987464002,1.17958609484521,-1.56298507652077,-0.27348621812307
-2.3218497269684,-3.90470873369186,-0.922612714575138,0.983795769050878,-1.25668982500979
-2.44181168284424,-3.31547405400404,-0.661436310520857,0.293338368944038,-0.512130663539519
-4.06109980439641,-2.2338090274154,-0.22163900157441,0.815402159589378,1.35967835337598
-3.51524079912787,-4.37637860679082,-0.412361443186807,-0.790382277425328,0.716955317776263
-5.06748052961622,-4.80875931095139,0.170605198302826,1.89054208723905,0.171940212184809
-4.20569631617284,-2.60872139940334,-0.8820291929096,-1.64725598468291,-2.16012181655854
-3.50248421685852,-4.91716689670616,-0.257856032104069,0.144797787250512,-0.685346718116734
-3.92351345524173,-3.70434818717818,1.01582722847171,0.607231626621379,-0.321178650136818
-7.38815646392355,-5.08147957977295,0.878797843160922,1.03135459857992,1.27055693640233
-5.61968622957746,-3.34299671894465,1.55147396418353,0.162967800351423,0.763837592619724
-4.20923495677159,-4.81692748361691,0.435818757957333,-1.16968591998106,1.15459341293293
-4.9092687730004,-5.14880070197798,0.327010214305236,0.651240676663485,-0.632571502748345
-3.86118778630451,-3.33416160989598,0.688167289664091,0.369524339565514,0.304922221837842
-2.14527563772002,-3.90041859951325,-0.417636026011558,0.944809246024663,1.43924500102272
-2.6106489900205,-2.75851397196479,-0.510379465475148,0.312262784842391,1.22805622725907
-3.42844052038237,-4.75728670614278,0.785287303696062,0.942150512478118,0.118026042201081
-5.93376851309774,-4.77088260936495,-0.325274783735398,1.13657795780716,0.00197894128612681
-4.86878075205942,-3.59997458282551,1.3015817908711,2.06213400100283,-0.625307640184917
-5.32157207542697,-2.10193689587717,-0.0697697561097361,1.13681340181427,-0.659300567867484
-5.3039566980811,-4.59474250330031,0.706778165904012,-0.657407955163035,-0.573841345271327
-3.46768170254625,-3.34026456120436,1.81622629932066,-0.223638200360665,0.0518282247252601
-4.28454849860687,-4.7472669472105,0.269075933872622,0.300721160926788,0.707375932424994
-3.97897552090814,-4.86514291135566,0.44594242979065,0.844536353582343,-0.736363491398299
-6.78151659569164,-3.98968262756091,0.645064376046558,1.31385012351825,-0.513949105079703
-2.99006655101765,-2.59220190743559,-1.4351162420489,-0.160125262742439,1.08305409718748
-3.75042632370789,-4.33753809603237,1.39375273268868,-0.0906054300343681,-0.0330427421555974
-4.76362902132195,-4.19740338012554,0.330473541281219,-0.671903397057858,0.565546646468078
-3.41256655929658,-5.58589138712546,0.696423096604225,-0.127906719202694,0.513001064244746
-3.99832764972583,-3.86654862651491,0.471165352271664,-1.17386943626311,0.511534090218987
-4.82388633259806,-4.79514037413374,-1.20167278888369,-0.375956537830334,0.153975194052133
-3.15410069361988,-3.01729100887768,0.820810975074512,-1.21841756444795,0.748413546681439
-1.57176166052516,-3.64296211416107,0.539887575654577,0.0705434285392262,-0.286670686306095
-3.73132586309917,-2.82610969175761,0.592507425687022,1.52222982022258,-0.729832333014019
-5.78901937376489,-5.67735096141733,-1.57021847927789,0.295789801642718,1.1206372410361
-3.49602114100798,-4.28529112171745,-0.246222907564766,0.613044431213553,-0.942945362711633
-5.66641891237996,-5.03513461157638,-0.0810209057522774,-0.842714614408499,-2.23568581221917
-2.94223979216974,-2.81622204938355,1.02236883552487,-1.24780823693103,-1.16728990184966
-5.2580760318072,-3.71369892006449,-1.61162811721103,0.0372931262284357,1.18097426179051
-3.0620120315646,-4.51234307476769,-1.06426988809478,-0.811651121904455,1.06121095075627
-4.41325607418266,-4.88710496932111,-0.289088976913204,-1.10605063377207,-0.700677656300888
-4.30273038235367,-3.46043400193343,0.222610783120211,-1.52898088283238,0.650173559931749
-2.33024572363693,-4.51801480890772,-0.64327328652209,-0.499247129252336,0.42531706629277
-4.32229029621461,-5.44782862334072,0.76246694216662,-1.07528106514201,2.01658911250607
-4.36533067925019,-3.54166030091121,-1.29716812513284,-0.00610273038104081,-0.428375668109481
-3.22607194347068,-3.47253569340274,-0.201800832901694,-0.786535014263757,1.36540483613407
-3.42024519794797,-5.52621861181128,0.706314443344696,-0.50202940591672,-0.758833580573086
-3.67459640033279,-4.31273163674912,0.542093722047377,1.79755866623463,-1.02523270058394
-2.86165297332161,-3.93345912391692,-0.540202632187084,1.32794754455682,-1.19969555180623
-5.06264095857044,-3.41396794649933,-1.68529500580605,-1.31131719764521,-0.41452436975136
-5.69756997568044,-5.43911408665458,-1.63389232235296,-0.138338633156333,0.381354160552118
-3.49547902758225,-4.96715147766848,-0.970369512821286,-1.73318461414656,0.12124017773025
-4.81944183697788,-6.6042267614737,-0.350756766618984,-2.27570985397209,0.0345649559868335
-5.51879006563982,-5.48027104360644,0.601033659703421,-0.472682804659269,0.0401325104849187
-2.5567644586556,-3.9094400089566,-0.418760076184503,0.63856602464738,0.64460449447477
-4.7053039238846,-6.26033192239068,-1.58287580238652,0.158655319104486,0.717135362579026
-3.67460850423468,-1.77205800766088,-1.68430424761955,-1.04553587778407,-0.219691396548272
-3.47491961257906,-4.88584336982684,-1.08601454421701,-1.11730017144276,-0.117760998788939
-3.48202325347237,-4.2251197384605,-0.914389809021166,-0.383189204837734,0.486098718413267
-4.61329468904017,-3.32709008259005,-1.52827112400088,-0.413221593345139,0.44522422475414
-3.3712500230406,-3.99701385601629,2.51482802485696,0.354931180296532,1.57248013358083
-6.82038018476699,-5.07943702592392,0.0244275711477795,0.961351766121103,0.210026757107293
-3.08663929871355,-4.30694780523318,-2.00297933049871,1.44421598743388,0.688110592896822
-4.47362309621537,-4.82358555009776,-0.530563448331796,-1.13574551872951,-2.15869439212884
-3.14626557236641,-4.09698474884222,0.176771508726136,-0.775025921060132,1.38374731302501
-4.55957374491487,-4.42150409268274,-1.08557365408668,1.27350605910396,2.25891814892893
-5.05576876291896,-2.91186432159015,-1.51735856007571,-1.08208927196845,0.822815117951234
-1.84484767984075,-4.44726386228578,2.78404030230334,-0.829594525492499,0.0243216320560908
-3.97417923949766,-4.39237337147607,-0.339225566758015,-0.166980906072871,-0.520197771305344
-3.92352068434922,-4.59774488636344,0.00554712814077535,0.917042939514491,1.77234467564255
-5.7309177442843,-3.84291153106782,1.83855073309718,0.263092164962539,-0.575926982285303
-4.3122935926715,-4.24210638274886,0.299050883931415,0.41752631446712,-2.65252759593774
-5.30238067418957,-6.36259270756529,-0.433108968574564,0.0158442150656486,-1.35533668818633
-3.65086671032227,-2.89717692113358,0.424583444107427,-0.939183358135678,-2.0503623186107
-3.4121421112,-5.92603144872048,0.948176335780602,0.0961132033122272,-0.63128043032352
-3.99775172295293,-5.71209963714715,-0.0581482394592576,-1.13235175321403,1.65899050458005
-4.24042341594842,-3.47929585330383,1.13833564034913,-0.419944548666605,-0.395927828225589
-2.88274881722598,-4.64765548622995,0.155222828127855,-0.996203140432892,1.61549004528458
-3.04064792098265,-3.7726101544782,-0.160905019106169,-0.129198971346322,0.100648023588946
-3.28244470117306,-5.74152331421022,0.401335817675968,-0.000235118079328801,-0.0563441486650591
-5.7302618326313,-5.67786072063735,-0.0491006607964288,-1.05093199512595,-0.502749266513822
-4.20106631564834,-3.3388498163829,1.0750664017051,-0.303837414776906,-1.68986850177677
-3.9200260088888,-3.52696838584398,2.21053505161622,1.73321940994777,1.6000175964485
-5.17349531108358,-2.7635535990477,-0.37812099484542,-1.36222059954197,-0.882357221179669
-3.88922853719177,-4.03382712249332,-0.0728706253994604,-0.596665631146291,0.858506380589577
-4.78991539982479,-4.04857503087616,-0.288505792370921,0.709046980478472,-1.03699654706755
-4.89064497059353,-3.79515722162754,0.394281311521667,0.563064151161067,-0.796753437800942
-6.01793312683844,-3.94735317925943,-1.79550994117493,0.419698481649989,-0.369996361507821
-3.68077860650764,-1.92507312469246,0.376339006044959,0.325403791185552,-0.589608921371218
-4.26892814621222,-6.02970584254819,1.08961576069643,-0.986129705619909,2.5564705358406
-3.27538881175052,-5.07814638382848,1.17150399587383,-0.308606997608646,0.744035574833733
-4.74588811760424,-2.49278569854538,-0.975574605009081,-1.68614096872595,-0.19091963358667
-2.13066731105139,-4.29245845185746,-1.15047508297317,-0.493383729491023,-0.915873644932542
-4.06897422121721,-3.99374081080137,-0.1570393010183,0.404614168939966,0.126017336785837
-5.14881483551045,-6.17842005198787,-1.136442288369,1.44348961637021,1.22277084589457
-3.66865082851371,-3.81587442515403,-0.476071082185928,0.973716004302165,1.08768122673076
-4.15688036997703,-5.00971372004743,1.69947562602569,-0.735851015400451,-0.0591310320615871
-2.70961234223504,-2.11248622822943,0.0990614435280939,0.536974202841139,-0.048769613032188
-5.04500257614885,-4.10832721498084,0.546518967111531,0.344426600223775,-2.26088477068994
-4.91481034950596,-3.53343982391969,1.31616101753198,-0.450727297237151,-0.918041489917092
-5.95104151339074,-6.93353850699482,0.199583682547033,1.80962423795462,-0.289984636059824
-4.32737267988476,-2.96424906558314,-0.554318654152547,-0.48914777184988,0.239387305041621
-3.95760128704283,-3.76499003444944,0.644709264985708,0.181690452355002,-0.294373548996886
-4.35516192624749,-4.35884727332595,-1.70615994837661,0.144160963090605,0.6542123275578
-2.24487765679733,-2.66375245955728,-1.43092369634406,-0.644840612813102,0.730550220317344
-3.37662570962758,-5.69431169920508,-0.723890975925832,-1.73595766265314,1.32243170932017
-3.43055368330332,-3.09036467288367,0.700672484394283,-0.419263378889222,0.07175025281198
-2.969586784898,-3.99676685277476,0.873822386285517,2.20357522208787,0.949106250765112
-3.56637554704552,-5.15375151003951,1.07635996141629,-0.621098541712354,-0.817440366994357
-3.17566087773818,-4.59988067611901,-0.433797158426766,-0.242527471027723,0.752986416661972
-4.42017641776928,-3.58752450380162,1.06677836166036,-0.352716715712286,-0.0456152390170475
-1.6980629403495,-4.76740227385963,-0.228763103947443,-0.482963361168118,-1.81448716313865
-4.501324364688,-3.77480789858215,-0.0429027235561512,-0.593155448863779,-3.69914569390996
-3.77786877048865,-2.86938686208736,-0.862194073644679,-0.624665847279126,-0.382979992952078
-3.29365309494956,-3.87560985186432,0.308911043286717,0.74524002757055,0.265652315170273
-3.58927662709946,-4.93402178073863,2.57767296780552,0.362384085935209,0.326522745419411
-3.58565713221436,-4.20266580805224,-1.80802956895873,1.20704511020728,0.977146188599396
-3.86965348366856,-2.71400610188824,1.69378586376396,1.41038517091435,0.189375775672388
-4.70100024178333,-3.011141949063,0.0742079843479311,0.99860723530056,-0.509426767232705
-3.68571451156198,-5.87763379158658,1.32559832965438,-0.789228759210684,-0.73874606627022
-2.58144940113706,-3.99097163186478,-0.434009773916453,-0.687265020542886,0.406538429214068
-4.30861547915372,-3.24559285954896,-0.110697060014924,0.554369698045281,1.60970196248928
-4.18183743720755,-4.33141701341239,-0.197812683602245,-0.154791085324036,-1.30620868976184
-4.53625752895757,-4.04681439318881,-0.508126446087747,0.44042577474207,-0.187095576906295
-4.61157587747151,-3.36671020430302,1.59743539451715,0.83592058898319,0.0225911990262738
-4.61413618258208,-4.068487996779,-0.413984110604886,0.0993780482011717,-0.680516020206275
-5.85944317816923,-4.9448355214531,-2.38084801380933,-0.264440095780861,-0.0123758798648061
-2.98194445778805,-3.64376282961142,0.528909874740694,0.91587985520041,0.682892906415798
-4.48038167566031,-3.67437906603032,-0.115624083029578,-1.1735033078189,0.0415313512201053
-4.40216135868881,-3.84645792345318,-0.705696801130657,-0.573779772193737,-1.44861067653205
-5.45903456579135,-2.9998164139361,-1.28029035901253,-0.33207388029619,-2.31765670665293
-3.84721961988701,-5.12988149222755,1.38863011860758,1.41941326619472,0.52465731704914
-4.70063629986183,-4.09599371534841,0.517327075550992,0.43271541978938,0.139871456143367
-4.66673967975978,-3.61689390710829,0.562479022351069,-2.33224840834574,-0.233858334161662
-4.23505812658385,-4.61390845332402,-0.411760326436235,-2.3600704245352,-0.860646477309279
-2.22464931086882,-2.88787540600399,-2.06076784551451,2.03654690354031,0.20044249897361
-3.26091545615354,-3.18889000517462,0.0211655812466191,1.14683870137552,0.130052692164778
-4.08063381123705,-2.11500903370087,0.0482199414803453,0.432087125043738,-0.403905034460653
-3.52254699250982,-3.49074524207733,1.07308619978395,0.330344334786692,-0.179009748585057
-4.81941886404597,-4.86528336375271,1.5186316373689,1.58031603857013,0.200912047142763
-4.91988646850467,-4.26875711271737,-0.802858040404222,-1.06755416531778,-1.39470326777913
-4.20248549611884,-4.77047720414822,-0.302724002822049,1.41176813746203,-0.627451188810628
-2.39044522291063,-3.83362924111078,-0.525730636721517,1.57705418795634,-0.171414505106769
-4.39920186877732,-2.69607983892294,-1.72826992509474,-0.448181526668371,2.2024270746569
-3.96515115044836,-4.57484432084615,1.02697919359457,-0.0886815911126792,-1.30353454566506
-5.53791510233232,-5.01424229694045,-0.611847517954902,1.32525150129067,0.912833115849626
-4.75391402421391,-2.52081483224264,0.960028690602337,-0.745605758627854,-0.370824527203397
-4.05394441119535,-6.8452774371459,1.21087673315954,0.816455081165462,0.471944826434922
-5.01605538251471,-3.1862270324542,0.494772715431832,0.186546723174731,-0.602147405173121
-4.30836541742748,-3.29941496803419,-0.807739781948091,0.578383693601104,-1.36219405683416
-3.6251437614873,-3.67056516718641,-1.07050359701823,-0.95912534075624,0.756800337289667
-3.90219588663286,-3.08946236777596,-1.0613299465353,0.342988607073997,-1.34821110362655
-4.58819743328004,-5.17127376149532,-0.746878050633439,0.194044445814933,-0.276408992772686
-3.64698093321912,-4.68571292875807,0.877314407683569,0.300116489678805,0.306674808087728
-3.5208788612174,-3.39075864233206,-0.382741655150392,0.252807852219596,-1.15245556940603
-6.06033165212146,-2.46825098641027,-0.247229610141894,-1.93350489399827,-0.0817184426194159
-4.36812774138365,-4.67026742853429,-0.135937896769443,1.1419263114715,-1.92910614213616
-4.13254103160709,-5.31219592819787,0.331958069296046,-0.252489439887975,0.729826353154028
-3.39088422635883,-3.17873679054419,0.465855104792649,-0.185875179634691,2.34657158365795
-3.47908919729547,-3.53315497793244,-0.251790274574982,0.176622423708804,2.01194433353839
-4.58729882508844,-4.59454473510498,-0.109328715656416,1.35864048880516,0.183154922652222
-2.10421108322278,-2.49793916464651,0.604148702234178,1.06406128681039,-1.02446060903034
-3.03477811573003,-2.43321763222782,0.621937060166084,-0.405120488459421,-1.35182438902647
-3.20000277387156,-3.44810992491386,-0.894677133791115,1.7328451411075,-1.69153862736759
-4.50380463507483,-3.91450763530889,-0.866974592025222,1.83154996355955,1.02980811568397
-3.15826883490004,-3.4110329631943,2.04012197924123,-0.658790902363161,0.620072145263909
-5.31588603002487,-3.03871395304108,-0.343224949526182,-0.875748600018719,0.717314820270279
-1.05709830881323,-3.55464879188758,0.786855968390414,0.310157487012358,0.660460891982399
-4.53671126288872,-4.65274211046631,-0.188100198126451,0.662594229417768,0.220266806983771
-6.46668927121273,-1.9260784703954,-1.03490300089402,0.0628900412328769,0.122350778220513
-4.32958367503972,-4.52173288102315,1.79751154470042,1.37177183594845,0.668871301536016
-2.13362843693629,-3.21536871381186,1.18566539153798,-1.29277713657468,0.705517874187637
-2.98565965774179,-3.49987332828627,0.261098009553788,1.19152233559164,1.25328995165463
-4.54167247550927,-5.25612766446771,1.90686831418745,-0.207692213416612,-0.285152488203369
-3.84690333619477,-2.5540443985014,0.341169720439527,0.315122124517109,-0.592520038876659
-4.7210668365705,-5.14088496023055,0.268636851154775,-0.367770778977787,0.146942050856711
-5.42493006573667,-3.74858912128819,0.179731015228795,0.206271869452949,1.82707022919091
-5.81813208949289,-3.2111303823638,-0.257716773385979,0.0522626555302626,0.455318664830547
-4.3761522661748,-2.96931671611594,0.204667581968486,1.36937283292904,-0.49340079057526
-1.96921559090928,-3.86871504740183,-0.326032818051143,-0.362351268381248,0.496009022298771
-4.50791324559965,-4.35039398660774,0.800378574556984,-0.667000562945739,1.11023876148768
-4.27415942834992,-3.02100628671634,0.798958443189524,-1.98575392219244,-1.75409386378534
-4.67815960812079,-3.39435027579375,-0.8614339077349,0.394109138669106,0.778877036764833
-3.35856659904572,-4.74612491007568,0.669596536171455,-0.0327581405874065,-1.2596787745188
-4.79166293952432,-3.20066861851922,-1.451735515165,0.366241819415067,0.355060259202998
-4.19028178512606,-4.61868034421728,-0.75000671263755,-0.0213341505066294,-0.0116229634000638
-2.43892090333318,-3.76144972385017,-0.808413384414379,0.939603862689357,2.55399006377827
-4.74601996162408,-4.56246328330867,-1.06515939373003,0.710400801769119,-0.312111967984172
-2.6201250537906,-3.94786891674632,1.38191794737951,0.799600746735484,-1.15349755042958
-5.9099204944384,-4.27135666069301,-0.316988862972122,0.546074944882489,-1.04526739006566
-3.65142139512492,-4.63013240985868,0.683480688218379,-1.99738990082468,1.04662833906115
-1.546876496909,-2.95500791878087,0.425705155145224,-0.693885571294138,0.365503549010548
-5.89155149727443,-4.45550271975097,-0.0839238139229533,0.347268090767965,-1.54442491748336
-2.14412347046443,-3.10414099775066,0.960848923137385,-0.451316710260828,1.11234598095943
-3.91831635223063,-3.70323325005318,0.333372999742576,-0.623981572024125,0.656886721696227
-4.51690479192893,-3.67133441979076,1.14825739050274,1.1616348572782,-1.09903486645603
-5.41527095810344,-3.93875594971297,0.841359145372171,0.394711397829635,0.318577671620298
-5.67177716890168,-2.45421961150605,0.768721290730365,-0.194272790556578,-0.739487130956117
-4.52073668088475,-4.61425774520037,-0.119690213119701,2.15602965773677,-0.97794768828072
-3.77450061236366,-5.40895324632239,-1.39383090027841,0.170440485649168,2.5904442012697
-2.72867323288239,-7.15799914027082,0.659988976889243,-1.32141858182397,0.871568539981966
-3.76506671394561,-3.0066204156502,-0.90508800497045,-0.538180657941448,-1.25763917142649
-4.72403150239334,-1.58038520335078,-0.576174026903388,0.559521884851586,0.637693190095947
-5.14679883139898,-2.17295144026892,2.5633247157738,0.956907264421341,-0.624954862631564
-1.93295197990087,-4.31197605909179,-0.59803713755561,0.0901688631428284,0.842349630129339
-3.6486190796811,-6.09816481332516,-1.67434576116447,1.07161187826434,1.53807832973825
-3.16898380134394,-3.68838821610442,1.43466582320806,-0.710752629513647,1.81077747343857
-2.54889628756746,-3.51228642119789,-0.532199780986688,0.350723327042056,0.13840842254925
-3.25345229045622,-4.0944566555252,-0.700099963116776,0.611760813519229,-2.22516871649519
-3.20190559358648,-4.9855826970133,-0.398748569827977,1.29835738832821,-0.640327295215075
-3.85843042661244,-4.7719005229099,0.00976405954314063,-0.74873280846817,-0.553228725959845
-4.86923834499986,-4.12890207418598,0.969464063211623,0.4430550911449,-0.521131522798208
-5.85295210661144,-4.69272694038169,-1.05562922622022,-0.829615351867944,1.01517963714968
-3.34334481868605,-2.17207605438695,1.15241249895712,1.24226917814966,2.37606366365081
-2.91286008174961,-2.9325521679601,0.31465693248548,0.775174856112064,0.238804183810018
-3.29176481907086,-5.52676033196319,0.167764477285612,0.366382327533321,0.858819566809675
-6.24650822525911,-4.16975009267002,-0.170903152533167,-0.597335895521891,1.12916083287982
-3.7900279404333,-3.93976212741492,1.42121296622209,1.78723178712727,1.15986704086098
-4.746993801716,-3.90180690158001,-0.687542552810213,-1.8750646068215,1.73368169335577
-3.66697832826805,-3.53064400910459,-1.04128452929869,-0.689848724846209,-0.194064660264977
-4.84336193336402,-5.88234438408352,0.306709366793057,-0.824431150171514,0.0232811630316761
-4.39198850702474,-3.59048929738755,-0.105039332969093,-0.129263619508432,0.706936068293952
-5.02160724719702,-4.77415283371475,-0.182341383682699,-1.0692139465786,-0.404282822961288
-4.50909074297738,-5.3320959519168,-0.12190506909203,0.510960781161566,-0.482824590868458
-4.22455320204359,-4.19905729367846,1.42502871605392,0.892615950413775,2.17495925380617
-5.93487811460502,-3.58672990018495,-0.511462117677478,-1.40354680971261,0.614910110847427
-4.77685832776645,-2.18034779639053,-0.408250222918203,1.06723957992741,-2.23298694019933
-3.55294239806749,-4.41930354356988,1.93056221483808,0.571772853464807,1.66626209923053
-4.76882738317454,-6.32064883741904,-2.22981362495346,0.228050730581238,-0.332279133880478
-5.67024545572839,-3.6173884939471,-0.525045100212262,0.970760135956542,0.154745139468749
-3.50910092727654,-5.93576771306111,-0.803632125816942,-0.181853085500694,0.195329476195989
-3.62735072484391,-3.95857046891851,-1.10860269203656,1.64621928420139,2.86033985598402
-2.50326971923344,-3.19753485631691,1.17760908303065,-0.9996778778137,-0.105914062364785
-4.61584056991543,-4.62787549253206,0.190227897620363,1.75368286019941,-0.915420427075902
-4.82150054756781,-4.62628017899246,-0.900640222470094,0.770725265519404,0.114893679205903
-4.78994423168705,-3.08414129235651,0.0317689929437713,-0.352949627302367,-0.25226807659507
-4.62897343701357,-4.05466374840399,-0.704534297801729,-0.504921614159486,-1.95006659229765
4.74412378472777,1.70898617723831,-0.377457790506021,-1.79279578137122,0.562652292915357
3.92979905968379,4.98694120736853,-0.0855574208278013,-0.675154177923623,-0.577581845484401
4.56122086943673,6.14770820746181,-0.741858616325615,0.606183951660883,-0.628400998141649
3.89626053785245,3.31945166017394,0.608676035673539,-0.22635059314767,-0.830082858421847
5.51264012011753,3.20798937010137,-0.935012191277216,0.242003112161414,1.86411760090836
4.12387190717741,2.56044999510008,0.578337797285929,0.14171842444068,2.08431051701949
5.79897459775722,4.80119692443951,0.267809531432606,-0.521629637031959,-1.60395658406974
4.49032219983164,4.26190296821388,0.670851918235226,0.664034293470878,-0.830685046922158
3.85047914356561,3.29389455656091,0.822902254536953,2.32139923978395,-0.798400424591624
3.48324498858639,7.01694898182753,0.0620130131515466,0.216780543897659,-1.99432121659962
6.44930591779891,5.13607755509727,-1.33970229931418,2.15203757016976,-0.111650878777371
5.19408290825545,4.60329338807553,-0.281805314657163,-0.551638619573319,-1.03289521816695
4.29980569098183,3.90973914834722,-1.68335445266943,-2.00446893015237,-1.05391175096669
3.62464724413337,3.94493235115137,1.39847712653914,-0.860729668803107,-0.327493285112201
3.21769013909836,3.59906624060899,1.82649973467547,1.09584544735716,-1.66511518522772
2.84704222705957,4.22173746386726,1.36279468307831,0.555392176432101,-0.790532568023386
2.86883881723629,4.48888008297484,-1.79498988171948,1.34160649529904,0.0520668773987828
3.88309345404856,4.19328870655688,-2.44381761671621,-0.273995027990798,-0.511155914355998
4.65584964789025,4.2056562255439,0.0476081924585862,-0.200223756107823,-0.539908039614526
3.93380454432096,4.14741959382751,-1.54107407116382,1.48986618666594,-1.22740418900523
4.24702498186741,3.52462895342842,0.840192040151229,0.603840767618798,-1.13940476914699
3.58388543578326,4.40712490219639,-0.453497334601539,1.01678264065426,1.85732619159387
4.33817521024402,2.18522498777538,0.258855729450862,-0.0456600544041655,0.358797062124372
4.26811516840696,3.88959027504246,2.26738209539341,-1.19704065043778,-0.975704444576993
3.90122008781086,3.54024450608614,1.29933501644259,-0.484522458308448,-0.365696002308058
4.90955659090883,5.67891216271435,1.36610128618634,0.305206491993666,-0.132345649202555
4.26387828728146,3.29096009417656,1.51754326260309,-0.580478383600351,-2.0489453306342
5.1599011138657,4.21731396969549,-0.0890253800053006,0.21043376905674,0.136406437634883
5.48886185278018,4.35269814368856,-0.799720742306826,1.58495736549135,1.00639000408216
3.74154125599789,4.40992339531264,0.501181751734823,0.923957006990742,-1.50984273159673
3.6393768220443,5.36811423522962,-0.675776902650481,-0.161784276045861,-1.88017831431638
4.49141042042247,5.72371802009338,-1.09756441211534,0.115350766489253,-0.113398421133411
6.13715549701108,4.80500945426046,1.07410292705239,-0.275264379035857,-0.336558347486379
4.11771331086342,4.30557492962348,-0.467535330886679,-1.45118638944878,0.44045662078329
4.48424078654542,6.18436801088705,-1.09767367430195,0.233976854363481,0.173057611197832
2.76702171222244,4.7062156628902,-0.0367780345423503,-0.172820146794464,-0.683480013079062
5.474782195056,2.86300226272525,0.362971164971317,0.0608718592986277,-1.26358106922374
4.27815077520804,3.81681239869695,0.953006973190367,-0.0548518182364602,-0.542466036837049
3.94948705710919,4.52218256435936,-1.70713202597281,1.61604705990094,1.48445367757046
3.0675488963366,3.10377630298068,-1.84238391771019,0.293900113670259,-1.19975498249532
4.79381837935841,4.76871876681675,-0.571878654191228,-0.773232509544194,-0.134226494847769
4.63704081342505,3.15508882394208,1.19767668188747,0.296972975842782,-1.59715872188062
1.97971110841438,3.1942907706789,-0.148409849477695,-0.179122776016168,0.533021171931023
3.42860599902826,3.21836684700668,0.0332027957112529,2.06698488673408,0.478261126659163
4.84122522627995,4.418181337546,0.202891138321033,-1.40726175106281,1.19917897703196
4.16942155647994,3.37028683173654,1.03820559732864,2.57447920919522,0.122353985292617
3.4670080373547,5.88952125163373,-0.0694840976482023,1.0260394618655,0.405423016182238
4.16034604856596,5.01712308638893,-0.205092997834996,1.0478583149159,-0.868737211775365
3.71316649338888,4.83361857072803,1.00932373278699,-0.736451347148059,2.22600564034269
4.28406362651892,4.34447169546656,0.0173457176279873,-0.122351573110734,1.03692903332585
4.40162619160383,3.77148762592997,-2.53534063561268,-1.05203075776989,-0.520280685358395
4.33379609635234,3.12003980800185,1.2190838492099,0.785902134536358,0.225958670789781
3.19338191995032,3.78522102341309,-0.306206624854479,-0.720898599992039,-1.77859245976584
3.2872071700274,4.94086580603596,1.89226251043651,-0.275405029233213,-0.635340515198097
3.01674481117904,3.74478903973384,1.50642969349203,0.512061478755917,0.394832036104016
3.35073514735447,3.91303787227888,-0.0171057899168568,-0.10434568776541,0.506367955229669
5.33081181598608,4.72252376888427,0.775083206971236,-0.00349166861327993,-0.768451952475714
3.26102879484778,3.85032337948015,1.34093351640557,0.404459314173677,1.54653455471352
3.24598625343435,4.07407966252576,0.802826940290155,2.19742435989735,-0.288827834375944
4.30094206741391,4.08282973557631,0.167883608657858,2.22746328953311,0.869551253996261
5.70772280779849,3.18890556053875,0.710152608934101,-0.503367488816233,1.4894261029307
5.80093137640947,4.84447412758499,0.384001552491389,-1.56771199725425,0.655706856061825
4.15093923880991,5.18286241669211,1.35328783595631,0.252006832660825,0.814003925777157
3.17811567765001,3.8232075882141,-0.268360302521102,1.4742597120517,-0.706462729509639
4.96149981810953,4.95393643747589,-0.0275023299780506,0.43931207991181,-0.931144853263607
2.34834708520382,4.3681654040027,-0.288173028284573,0.20671065779563,-1.35405603613433
4.67542805403984,3.58247502960162,0.866409078217634,1.54392408876278,-1.09493787453773
2.53067590969852,5.44488416275003,-0.794925246279476,-0.448087749969379,-1.30048668087759
3.74334366779307,4.57065872999703,-0.447171961779133,0.107497133266588,0.558995706339826
3.61025889101174,4.27721394736457,-1.55573549731331,-1.43452312059187,1.37641520015411
2.43816907040829,3.27169426518152,-0.97331904985303,-0.00946898622613903,0.755911004695454
3.61357709211089,4.32646669589113,-2.24507766193216,0.0489723005190216,0.886839769553535
3.90527304453035,4.74906474199852,0.538063681906727,1.7983462050345,-0.477539563279968
5.70445656395192,4.61401842693375,-0.120514444693267,0.529669803827317,-0.760746708361543
3.64730449286071,3.22908276972273,0.196022608382124,-2.07948462811847,-0.757622404551966
3.0279607336294,5.33192881038514,-1.84540499421797,-0.414493555169571,-0.371478399405
2.83730177802363,7.26874222842401,-1.20825907175196,-1.80072100201081,-1.46859124341124
2.59791417182267,3.83150770315233,0.652103475463935,1.04303838144314,0.319823304293698
3.74457823371073,3.2357045460353,0.464843801778304,-0.718359371183686,-1.51632395945723
2.9460762377717,6.30944326063001,0.890905100671889,-1.82639026991198,0.627584677919964
5.39199952750453,6.16883744720617,1.37583347389772,-0.463226129155692,1.1410148021819
4.89480058044462,2.94728333238688,0.781491303571291,-0.56501650794596,-2.03626888725292
3.58221281323633,2.59146231945861,-1.53340018119068,-1.01399797758115,0.925557561048078
1.79455941371402,2.85460507173617,-0.62755644647042,-1.64115437427637,-0.116898734239594
4.89190835037715,3.66397303169862,1.88625297445021,-1.33669978888691,-1.37339267788335
3.6010026978823,5.00267095065064,-1.77409355256142,-0.722997808267081,0.586737928427761
4.66164227586489,3.58472280224638,-0.546201868378435,-0.175736354660738,0.445214195767123
4.52160859427939,3.51598362442908,-0.798981061960267,1.12481009056389,-1.11625034809425
1.59330804680047,3.42244205978334,-0.761325093205841,-1.71747428770198,0.326408692320486
3.22628413272388,5.62226100395347,-0.175910134018668,0.870135251526506,-0.754231377544873
2.9741414761324,4.0510906347726,1.4869652754425,0.0626208926953823,-0.221689843070721
4.21729112400015,3.61604339128491,-0.0907295026500866,0.776233749439375,-0.369282374644285
3.58671613174859,3.60384666760301,-0.778536163678074,0.17252873288186,-2.32506224981072
2.79753786011175,2.74987099752094,0.502704835366137,1.32835829490739,0.0392944995047873
4.95403860610716,2.82421563584576,-0.456317140465164,-1.04977228707351,-1.18934794544658
3.18941826946097,5.24714393162667,-0.153282436737044,-0.480206594019407,-0.764898202721045
5.71071640420935,3.51627804363858,-2.68557245530954,0.107922847547463,1.11976714910228
4.89177416690317,4.40558216149159,-0.0856673224784981,1.8811898346095,-0.34891183974653
3.28556507950458,4.59111189128732,0.918579574481148,1.01399494231943,-1.13200099658275
2.45046368578222,4.91452832042328,1.54527736019514,-1.56314417673347,-1.07072506756194
3.32458836970491,4.66158647553626,-0.277946204023624,-0.0482012055640058,-0.841516027839886
2.48666793575082,2.65063093518256,1.10202202178061,0.0969685654054268,0.701911590131094
3.91567731057873,3.82522327118102,-0.380705791290897,-0.355512869236028,-0.648876372823178
4.97245251719815,2.37019996575007,-0.150669978659364,-1.83967542486072,-0.571119469096159
3.94450878357666,5.05382974268524,1.62830208670839,1.49184918063096,-1.55371988759002
3.55925606902021,5.36462489279933,0.924429967404769,1.36728378602703,0.104794836725111
4.42557483084801,2.97424312831984,1.09197397152379,-0.146750254213715,-0.464789188688983
2.23294720622993,4.8312171671718,1.37549831914915,1.10227024302525,-0.701757446806407
3.96466166283416,3.48057229393766,-1.77688826527327,-0.295288468109767,0.984758738581144
4.18281844701517,3.96758586446457,0.79331014203157,1.35646832130547,-0.160085302589541
4.74525248310254,3.32194593242394,-0.656276657713727,1.28829769302293,0.302932315112098
3.75175123647543,4.8345435621853,-1.71188647700838,-0.301341136610322,-1.38054217104527
3.90092093189551,3.30344771971038,-0.420459638367258,-0.425762255553999,1.12437137676286
6.05168838951883,4.48388606930415,-4.08946589390506,-2.53933086106857,0.597742702586814
4.678430329912,4.13704302037048,-1.40353893522686,-1.47998785271826,-0.983331110646055
2.88611517987782,3.29770717937521,-1.58362547176793,0.94518480670791,-0.80178891875561
2.55578244834096,3.89929756181206,0.0129683564820775,-0.106301978608783,0.306609633204453
4.57348707899208,4.67729510402691,0.101548598451343,1.27165292403593,0.572387705517558
3.61338084714596,5.87807332658998,-0.484196500196453,-0.217349766708174,-1.00364873043372
3.81669852387467,3.74464502132318,-0.525602016157895,-0.731287000897284,0.11388455192464
4.16415509477621,6.04105509705881,0.655859525790799,0.314297975433448,-1.08478718390874
4.82095046357889,1.69784402113132,0.51378670079415,1.19821532146724,-0.545988166541365
3.13655263771124,3.95725882244109,-1.2336569230225,-1.58838017204836,1.47674911537178
3.23565350716412,4.71649717983454,0.136971679177277,0.200164866517279,-0.154936079402831
4.02752700769084,2.85772628185791,-0.405456084794467,-0.108893184956193,-2.02866686260747
3.91790805795498,4.17963611393106,0.909404293853166,-0.938953144635003,0.306093059235954
5.4568602505728,3.08264675173607,0.396790309946761,2.38136428711792,0.111285003916252
4.33948593568735,4.60936155127,-0.0574166369331677,-0.827828130141905,-0.919693614426826
3.30634502946626,3.57735439259705,-0.175949317045613,-2.37434580652609,-0.706070143554662
4.91744587738871,5.27658863751385,0.0511634642544044,-2.50229275669436,0.665967355024719
4.39770685126248,4.93524974029156,0.154087029312815,-1.01708127494654,0.104692614493624
4.19147129104684,5.24761944758374,-0.0771040067706594,-1.11381584139338,0.495798260460674
4.8151005599196,4.12203975462113,-0.728322307276,1.28979220502493,0.820820554405059
4.13347422377611,2.99090009162677,0.0406995736084339,-0.477648628842046,0.487724335942284
4.96021150788515,4.33567190205556,-0.545685630904845,0.480023229404011,-0.967660915849383
3.20344514452569,5.14135817358423,1.16933997859902,0.0213901316761701,-1.23478394787849
3.80918383255867,4.28793555968666,0.636146820356581,-0.487819578262399,0.2637310391464
3.52979674729655,3.70908794683408,-0.282082995983757,1.80474870537971,1.76284015654206
3.38336722297644,5.15333777514159,1.19760436713818,1.89384867871353,1.21553417611556
5.49164690563977,3.42291865951167,0.295581631974521,0.468931242074819,-0.0364664301928631
4.71910516344267,3.29680803392923,-1.50105198069301,-0.204704082567907,0.144715435940524
2.96391475189526,4.56861040662419,-0.740302059797647,-0.343457125048706,1.33132503267138
3.50652057197731,3.94281296958867,0.320340891555244,-1.5542075231098,-1.93856835248509
2.94744701870619,2.65080452114975,0.936689867634569,1.23458421870454,-0.61140248983818
3.95179833078651,4.80971752700309,2.72506356796283,-0.748471046173469,2.42504849391996
5.98877701049835,4.15364484702873,0.829190387497439,1.0927061299054,-1.096131112396
3.29803737019357,4.86459615013631,1.30452517005023,1.61459570368867,-0.9724192914087
5.15848906115612,2.32718157572653,0.466878878671662,-1.41774146706824,-0.41409498028938
5.2544016760026,4.80658733724366,-0.915655568337501,1.38275637983142,0.0598106651582187
3.78033633317542,3.90347175922157,-0.0201838336883075,0.749480335877395,1.90787919851815
2.9233304170415,3.57009705886075,-0.249084640676268,0.094293062672888,0.499905289451217
4.0539196765483,5.2267460922687,-1.20492351163149,-0.993999063508298,1.00168240181035
3.80512501827989,5.25746077515164,-0.754659489523121,0.634567882072936,1.63031078876466
5.03753989974505,5.21315526017411,0.259100177748231,0.0408062494121749,0.766376970394806
3.61761276464091,5.10177646470007,0.409486363509987,1.15278884808624,0.293941897925867
3.04106361454914,3.93895592707829,-0.912905402101899,-0.48550604535207,-1.78090909545824
4.26654381823659,5.66371430895564,0.143502515217916,0.544305880239255,0.745831161730378
3.60585320585885,3.90416068216897,1.70382869165977,0.328916399801412,0.722796922064642
2.42326826458872,5.23278622899204,1.38276336248543,0.742464741982278,-0.266000033148036
4.90856813390045,2.87747151410547,-1.30583469212891,-0.98891348184949,0.097876822172373
4.75594435959963,3.06026305129533,-1.00306855453204,-0.923717015233246,-0.217618210845585
3.39169173185118,2.77636422700826,-1.04290089219427,2.59736495205642,0.476880482399269
3.05651126700694,4.68287850969696,0.951085482590773,-0.575705868933631,1.47456664628498
4.38748560218041,5.01632389943207,-0.691553261857994,-0.962530477149739,0.295809630616875
2.71406577462567,2.0800233037825,-0.922536960137525,0.782153403077437,-0.890950536721452
5.94792030088705,6.74304820973321,0.0652562865731594,0.775176135111789,-0.803423472774199
2.69228046691055,5.55226966009429,0.763790219536558,-0.122305351970956,-0.595709473303246
5.21936888701516,3.66620013605744,-0.590817476585265,0.114732155636973,-0.973823911313134
3.35982954527896,3.02136440241405,-0.455161764481536,0.880617299039791,-3.34695511460523
3.80857092359627,3.22170291987429,-0.015410715139854,0.597846432344522,-1.04546177662037
4.9437942815275,3.24552854148621,-1.1514621088983,-0.60826588725988,-0.871106752952763
3.77843584521046,4.51266511193095,0.333164360153694,-0.00268411221308782,-1.7012541292197
3.19759013764083,3.58335206209841,1.12749192684716,0.809466969472351,0.197301929872665
2.4294435419056,3.88076353548243,1.45346246345482,1.58038598860874,0.199114094238987
3.35396530281996,3.45067307537928,-0.924449593847508,0.735737715473961,0.307551305024582
5.23962064112629,3.89299609126609,1.69994178991813,-1.91185364534333,1.12663374617519
3.4659300868705,3.726618644811,0.492939195785607,1.3701426143973,1.28622983857637
5.23809367404609,3.75741549432155,0.223398190192052,0.103154100064982,0.806068344102506
4.30636464944455,4.80413732557649,-0.989499810095573,0.219918198876816,-1.46431587844743
3.91882682491511,3.47778605088651,-1.05295897646893,0.498255055367567,0.399897432665774
4.86562220851056,2.99840658575568,0.604736187539296,0.408009059519822,-1.80419074782925
5.68086195500726,3.01997367437082,-0.616574891581268,-0.592780991565588,-0.00691343116071555
3.09796637123353,5.30673123254944,0.26529564725556,-0.494613843509349,0.424333236832887
4.72382633705259,4.37978436271505,0.779010190328473,2.00923272495483,0.465021904073496
4.68711152530445,4.0334365041495,0.384462422028528,-0.51097352058298,-0.419283965813557
4.62257676850242,3.48028933016146,-0.798094209961376,0.155638207818774,-1.47988937805446
4.52944960170221,3.04931755909027,0.620092051785645,0.0582591102287037,-0.210389139907682
3.59168146548835,3.72368757531523,0.418457912027585,-1.45749836121967,-0.623767752475998
5.44681880944904,3.70926747013025,-1.40371541960759,-0.249669342686855,-0.419384594932831
4.33019463347142,2.97534549941835,-0.111425266317731,-2.32710188914607,0.128940483755717
3.63356491777377,3.89482115930196,0.416562318471849,0.822059877751539,-2.82970467364395
3.90195569394115,2.81013504119491,0.888250158052902,0.0147572670392695,0.398092803482239
4.74136774317833,5.6849131185953,-0.849966974782909,0.0765139118533605,-0.934653195638962
4.98198607921205,5.24621253996347,-2.7531014167404,-1.0073087444494,-1.88200571732571
2.34593857187403,3.05881682946111,1.2240838221979,-0.371528782718691,0.23202481723744
3.39427971788859,6.73559230266419,0.614999134445224,1.31612702792835,-0.622356030395368
5.70785441727503,3.78890003254953,1.18709496899873,0.603262021166027,0.0174031829915331
4.04243973817482,4.63945185038605,-1.04422820561407,-0.669499068134647,-1.00144919940357
4.91461245873356,4.75261864802746,0.442129406241277,0.186951583986999,0.419795151387261
4.05440427202557,2.03240515266238,-0.957680581678759,0.922499099918677,0.625022107564084
5.02461109469684,3.09614207811717,-0.825322936407305,-0.101402530553784,-0.143889712557991
5.50163352857484,3.9329694076877,1.33335715351014,-2.7528522781376,1.19744338606708
3.95149912391552,3.15999026202538,0.343227386933926,-0.0987091007846665,-0.706532848540075
2.5630962527233,4.47513608436313,-1.91384697340126,0.605746379324548,-0.604811347217281
2.87121313848797,4.94868823586119,-0.505958985032554,-0.885573774722753,0.136997881553456
3.15074435875902,5.26949740495726,1.27471038631291,-2.06186165648723,0.742132133524185
3.33664119864863,3.68053425900633,-0.0366462974398387,-0.556627365400832,0.360112016348499
2.40258537288495,3.54442213620514,0.672178062889551,-0.321283310915558,0.521949313402373
3.38864440439957,3.98959935495132,-2.0619037611885,0.766339454948035,0.647240944154624
4.42870969047602,5.6395701545015,-0.867814275836619,-1.27933913429184,0.897947939215341
4.03782261842883,2.71802790111241,-0.0881673421259715,-0.90720879268675,-0.810222803602686
4.60736348105371,1.98267478885239,-0.736694380304321,0.431906827182243,0.623631275912547
4.70870855418696,3.72094994490231,-0.148252434222967,1.10198344936725,-0.182809732240572
4.50221439432957,3.64127602197624,-0.567286334193771,0.108009992316483,1.62793090435082
3.53050594435781,2.59465664847302,0.21185758506318,1.72583126463872,0.00220444487767004
6.61721635387036,4.38342655835456,0.0946970491731706,-0.138647043470986,0.991189844546854
5.44995344349774,5.32748025626491,-1.63349236949511,-0.691649684020648,-0.958197947693071
4.31928016935042,5.36993895102592,-0.974343838720658,0.213871257999552,0.417703068251298
5.32470737860492,3.31913819283722,0.109750460063059,-0.973310079625996,0.62045115956255
3.71551381624176,3.91127430872854,-0.876606080678258,-1.17111247698686,0.138541299140507
3.03403907345839,5.18576756053064,2.01914694436358,-0.867595665840515,-0.201578130895062
3.28030960942537,3.81066341345873,0.471803190754418,1.29004230623189,0.0253333553354574
4.26245158966826,2.07556378947525,0.231781986977196,0.722036917735699,1.01285291331275
4.07298917029348,3.02941762993187,1.3146106890619,-0.271774438191297,-2.02964331107097
3.64851894691984,3.49423918940508,0.188500216575663,1.51446124012559,-0.707321659990163
4.66603745516046,3.91529913132413,-0.828733952441809,-1.02150758613757,-0.910195226157606
2.90883468211189,2.99321650217632,-1.80867030775649,-0.763779234135871,1.66693334885243
4.38630304868337,5.42423443981565,-0.3425311597916,1.22695902250552,0.571792982116987
3.81193050940117,3.82685721617502,-1.42031378329911,0.399623169279085,1.21657484796935
4.41666854616193,5.0750615700864,-0.376699143094027,0.661471864817249,-0.830279169917787
3.55139711166282,2.99417904015322,-0.0514506580766468,-0.0493050924972778,-0.15870642544453
2.46889957330838,3.66062356473128,0.900069075821674,-0.0164351512829341,0.176652252243949
3.28708197069323,4.11231907891585,0.0588896720746886,-0.0389757995493263,-1.17518969536255
3.37838925589363,4.62320799516784,-0.876958170858229,-0.889950305936915,0.920528375246998
4.45213385983145,4.05311114112028,-1.24968845520625,0.595381003253842,-1.74222506187074
3.27486076432991,4.19937555002705,0.893827015795197,-0.0337612689130045,0.405957706658766
5.64594001984968,5.00157868201857,-0.126611524134474,0.782793094431937,0.967575794277347
3.84541978682912,4.08044039325591,1.80369961511305,1.87327427665533,-0.999357588188585
4.69063507870866,1.59454612506918,-1.47700387179896,0.132689106142716,1.58149577605508
3.92815789710624,3.26858727635419,0.261524299496529,-0.065951505773668,-1.12470281020231
5.06791738594415,4.56306706310961,0.162555676210113,-0.0806073654680772,-0.17510156642624
3.74024425395008,4.22286614698019,-1.95999422324768,0.510189035592938,-1.23433046239646
4.15523115533781,3.00427154592653,-0.978856055792035,1.04078584689635,-0.0715550463903579
4.22781328373255,3.45632974800985,-0.581385932591407,-0.279596790670462,-0.16559656167607
2.02966685550779,2.59162435398612,1.21396953368021,-0.748119255111344,-0.377689357561276
3.9558099003465,5.14189553019488,-0.155606604234378,-0.113744285710215,-0.553629949861815
3.15597513190992,2.8173802133978,-0.28881222134914,0.786049590115417,-0.231928100432537
3.87526475437499,4.30027198116696,0.805111732093975,0.59669997466328,0.761977313630238
5.02747618210936,2.74795134727834,-0.0164460363878783,-0.58410885968373,-0.736593073946297
4.35428874996777,4.22413368452313,1.74512809904478,-0.852015092663813,1.73984742459163
6.03344781767584,2.29691121767803,-0.283772577353131,0.456216766783989,-0.508568523251992
5.90843897860567,3.67915514478065,1.70141569919837,1.24100023954211,-0.870372065196792
3.65598130738648,5.19813763945237,-0.841489438091154,0.453249432033831,1.61893836096105
4.81930492799101,3.2395767924461,0.440992546282683,-1.68851414074586,-0.620895750875458
3.80775645776381,4.58190527348197,1.08288334972855,-0.537141507197583,0.802174538962796
3.28396254364828,2.94707319379541,-2.09903918168064,1.47123259368759,0.242315553045909
3.4248487236673,4.89204292741186,-0.616830565944037,0.614200115486644,-0.366334136732078
3.11396304235214,3.73650204328298,-0.131054267008859,-0.189897905234308,0.162049353099646
3.4905270212303,2.7309665133436,-0.691613612301438,-0.496497051246768,-0.370142093015917
4.23043890035154,4.76561211494656,1.00947792400866,0.490074861318407,-1.11059959865707
3.65018221678761,2.6620341712895,3.30232827721774,0.415414098323531,-1.44730089375709
3.13450381496859,2.79809945293899,0.295659764764765,-1.25221888287174,0.0863196056329166
3.67040159844884,4.97542028906387,0.161202204853326,0.140531788780203,-1.05408291695733
4.73635917569581,4.01512078184152,-1.68563121641098,-0.633789427872319,1.76164334756527
3.4121314291928,4.46706764794458,1.82335483897601,0.515703096244397,0.289689244484322
3.75077050264088,1.79273541812561,0.605073953138214,-0.49760853146159,0.0643916446296559
3.71070556304527,4.60891401148713,0.0247253563887847,1.01572734945929,0.84243659698745
3.36431069505568,3.66928314926674,0.360298999106218,0.000355361050888857,1.31553581225059
3.61274520076482,4.69104596463889,-0.268630820736601,1.22534088746689,2.03879627393063
4.40269136006835,4.38094560730983,1.13457219130649,-0.52215828678246,-1.06001136597433
4.90869066791667,3.46688955068636,0.38094459881815,1.19224493468442,0.0990197961097148
4.8004715687587,3.19966021988695,-0.8289701456967,0.786382534145487,0.456824186455397
3.70489886091821,3.92627375556138,0.0587467101916889,-1.15839841021937,-0.0344980107111723
3.49086167144188,3.43805069213935,-1.23872191458391,-0.065098488948534,0.352684098395121
4.24134615984549,5.22740732490281,0.638326224924265,-0.294746633563325,-0.299396993473616
2.55841685669546,4.71543530707684,-0.77122951384743,0.854178418824328,0.222731262897624
3.03350007760627,3.55371789837685,1.15341759616592,0.328401575798502,-0.790499118736245
5.80783813928855,3.79486590171179,-0.834076981025238,0.490960901842486,-1.9835019162864
4.18656809669941,3.90761933583248,1.79848135595828,0.866573519652067,-0.0950647778927182
7.17199019911037,2.99642178827161,1.73854128975854,-0.000708975697518241,2.10620095179538
4.94775284880856,3.45044520632194,1.91837013156672,-0.0339648674014275,-0.928897872495273
5.26962929055439,4.40098107554447,1.40068449545875,-0.616434026958442,1.07204648833835
4.66209849249126,4.76494648653556,-0.34827129071435,0.754063401312288,-0.210350761643061
3.97705993173834,3.18637092628836,-1.34231367675693,0.574251462866726,-0.954575456048619
4.26154207335232,2.88178488729452,-0.210213595588406,-0.969566450390177,-0.312493717748788
2.8489367530876,3.23763519653127,0.156441655342134,0.830993499166863,-0.584590555040512
3.73447719981335,3.69797858527262,0.743177994097029,0.336098005584139,0.379415705200465
4.90331494600447,3.40090414703106,-0.996613566698256,0.7759711759459,-0.487216723096538
4.0976248525995,3.72116309007991,0.0725026000733949,1.77503783727485,1.08283586315606
4.05313783322582,4.20049766968308,-0.0941792178540553,-1.08003172483119,-0.930663517263065
5.14554393022151,2.77343336239342,-0.990118842082769,-0.613472911587323,0.51030995633989
3.75716530994783,2.8600048316096,1.34064033752231,-0.627318408364465,1.14511713103029
4.97036790116596,3.21451115533259,1.2973948584704,-0.0789812829589317,2.43478183862887
5.00772466128654,4.37434527774747,-1.604569302832,0.0612928978698884,1.32177280622384
3.53398767295427,5.18914150911193,0.166454123359163,-1.73748159308436,0.512894922934503
3.36369467613668,3.64554869090241,0.430421483201175,-0.619792641355821,0.462668304948978
4.87509232464892,5.38466781793631,0.831222816229638,1.33655601574442,-0.164438830737401
3.43510225894871,4.438850478281,0.921350577179911,-0.28899222458903,0.330584621065123
5.12175702485454,2.19521347449452,-1.79023262006679,0.196934818977346,-1.21944137075916
4.36932921872969,3.63206382066787,0.698082577617521,1.86258659651553,0.194812691640858
4.85776592649474,3.71434275183592,1.19139083375667,-2.01298315300692,0.850173718451791
3.43248220096608,3.22486446271433,0.276534084057335,0.463126468147782,-0.706483807700175
3.76202170916053,2.52629955530527,-1.83539683860453,-1.16797261827516,-1.15744867373636
3.1686171099468,4.17259400933012,0.174360652855244,-0.167737753354643,-1.98966570608808
2.077257125775,3.22071785880066,-0.935207609479881,2.00354300608633,-0.794120652296182
4.78271522432748,3.65515541029378,-0.456302860300401,-0.453686950860302,-0.37381330262306
4.08435636959382,4.33967071483311,-0.640329869174028,-2.0011666699377,0.804896228763106
5.5868063158589,4.19256042785608,-2.67591018475031,-1.47612387578988,-0.449949105168668
3.72312480801851,5.2175535094172,0.70671285841722,1.89927862766779,2.05066412596123
4.9120931100987,4.91244489691006,-1.38259785875597,0.521796275268648,0.364359381155596
3.30932951100567,3.47071777142979,0.39448304089681,-1.40582433647507,2.11505528927048
4.3245143564084,3.54318518794907,-0.766423864830598,-0.0716444449513454,-1.14238437586651
6.74860778608483,3.58481137245159,-0.239979288521316,0.555718686158389,-1.34707370150698
4.59721275240564,5.16700874783678,-1.8396209315293,-0.970920068440864,-0.569708499979932
3.61738363691201,3.6572242721577,0.35904635026161,0.00227649469776785,-0.507927564446545
6.16993038208875,4.09160271357184,0.237320537656869,-1.33714559634088,0.778019866587498
4.2048235114647,4.35474108125241,-0.284155741181028,2.36635589556259,0.961576767568486
5.53161013959052,4.86419471489781,0.260154260568234,1.36374048640918,-1.07854344199775
4.99647160632849,2.30733409913543,-1.06937406098344,0.619089846626487,0.501624782845322
3.12450804449415,5.04458236602809,0.85305670715394,-0.47153981403668,-0.601329072849988
3.55695463835102,4.49706209112185,1.09662330547581,0.266578721282973,0.629086582341413
4.07553129823348,4.96477933664797,-1.22254302697678,-0.923659667007344,0.928860047329027
3.70863477227813,3.51274306070988,-0.487332514575072,-1.33160744762893,-0.954883588848313
3.50563887387713,3.71651252488045,0.466818972839774,-0.549147344113299,-1.10070683683644
4.99000211829351,1.95724810165616,0.645654733523166,-0.64001080850744,1.31694533065567
6.32921534458453,2.4066178227298,1.5122003010206,0.293405258029239,-0.863270453613064
5.03663993160391,2.77245552299988,0.602589845600544,-0.0516423846522955,1.92739875876018
4.1562922454334,3.74949329708007,-2.73117775897614,-0.818848816509061,1.1136344451122
3.11511355288694,3.73130298241076,-0.510219936361196,0.684218625668122,-0.0668932863502631
4.12494346310659,2.93914926616093,0.67880788257953,0.310805433260566,1.33950121065814
3.6053478644083,4.05535327771095,-0.423999058236516,0.461232918023536,-0.00871933602397804
4.61297718227229,3.09614414921662,0.156610437228714,-0.507594140715019,1.78215853285338
3.1974984115749,1.52661008621768,-0.0262608101502762,0.358677278160517,0.502239814210744
3.22167229750608,4.84063333499991,1.08720527082681,0.143457208516444,0.395894924152502
3.31399591362003,5.72246348352825,1.07218825051773,0.589868984081601,0.620523054874758
3.49032309629111,4.11541762030519,-2.36686761891018,1.31720714049674,0.917425554121455
3.06591135287523,3.64780467157054,0.540368654114999,-0.123907659332842,1.60572541840158
5.11512715587119,3.96081677118313,1.22206559595325,-0.375520385718191,-1.84366002580114
4.06378184660345,5.14970247554291,0.23608583315492,0.898802812412853,-1.39115636535416
3.56033757759371,5.53280945478519,0.428388721111594,1.21865900765679,0.0995195758725272
1.76486832442591,3.38435923557539,-1.13588886215443,0.0941836060900154,-2.16836414850344
1.39890167578312,4.47152748698281,-1.15855653206662,0.133047480700783,-1.19594493562419
2.8895959727974,3.00365019797083,1.39902589724479,0.781279090860714,0.23837675761515
2.66499188328755,4.36578072974526,0.108546731796282,-2.27420948393369,-0.68605311003354
4.62063357773195,4.17774513941806,0.65152480910763,0.606696311383395,0.332640614304005
3.63448506512508,2.60626194167755,-1.6675952086126,-1.84152534643964,0.292239288049664
4.31458999117117,5.02283472325866,-1.02147297864888,1.2224358780803,0.96621891087851
3.27242589581925,2.54117030597894,1.15167448466304,-0.571716414732288,0.659935901479365
4.64301715098917,5.04603628767026,0.415384500539053,0.361533887889483,0.254417476501018
3.94964519135067,5.16247847009711,-1.60176768191912,0.160967925926018,-0.249264556026125
3.18965131911689,4.74699551051158,-1.25824050958824,-0.196006651039906,-0.263743280414155
3.87046321048521,3.82322624376902,0.427657431509869,0.042137807643658,-1.12139719092581
3.42087824267621,4.01450212015662,-1.38413337342968,0.152593804417131,-0.59929314508263
3.11728818026571,4.83455085063718,0.640179622081589,0.241031617165924,1.86650973331411
4.71788799442772,4.27350174591604,-0.358705346203202,0.0737342251280688,0.556733538396181
2.84916124319164,1.73720893282345,-0.43152703915528,0.123387258809579,-1.20489981697598
4.27686379874588,4.84507202527046,-0.626588512601498,1.0192407200968,0.425559842587312
4.22728487710021,4.65509892465343,0.232654003909948,-0.317354827687074,-0.759044254298791
3.76480291231269,5.22881607663298,1.04658402896586,0.256688332814022,0.768367868937141
3.66656605961712,3.55680068389151,2.11004874341994,0.110035885196102,0.00340267369227295
4.0953087629323,4.59394292616477,-0.0312955390363995,0.936645706462021,-0.130014202857034
4.89237662859254,3.2356107307661,-0.524390510904495,1.57679590123318,-0.516616070923247
3.86777750556697,2.89399539090504,-1.88819898243368,0.70150016766861,0.276921771920307
4.73251076195474,5.80365825313229,-0.637970370966369,0.445795333014953,2.17548099370218
4.29822872611278,3.20812355060514,-0.250487998184891,0.239058688370611,-0.180373670086584
4.87631810845082,4.96929969275311,-0.796594757557795,0.641474943236898,-1.84943103819582
5.33292924596681,3.26798627468594,-0.0228804898061383,1.38376429020535,0.716966868821774
3.854627735098,4.26684042599736,-0.00225220496167038,-0.495465917364484,-0.594144659433545
2.95834912911554,5.06320450115493,0.781238033597784,2.34785628079818,-0.347915717585674
3.63056997038647,4.2660504290277,-1.35493155589979,0.527195377296961,-0.407778509297171
3.31970031391845,4.00004677631421,-0.808291807932135,1.15371728498896,-2.48677316581766
4.73324186696781,3.03386826678503,1.13627311389901,0.369226347710872,0.437722156080604
2.94832806852511,3.83260826405749,0.582928358794581,-2.01361826954691,0.616053982704981
4.11967073503192,3.33562445351329,1.02617396766596,-0.124768215155795,-1.12965507494284
4.52228287740432,5.42737813377593,0.237176594649046,-0.0690666137682731,0.399407775813804
5.04048814696772,3.69561280968565,1.06238336298953,-0.536240047467632,-0.823722878447195
4.33545406018007,4.19291594241269,-0.111492489422468,-1.23098411718753,-0.544369806254493
4.29244297886464,3.35996279000957,-0.892203813717176,1.08102343983287,0.395449384714638
3.96969743351626,5.71325379616323,-1.34797855174691,-0.727217072691384,-1.77266632945995
3.71765435825153,3.44485888379915,-0.269736954632494,-1.26254311360509,-1.11398455125139
5.77882228588698,2.40766683257245,1.3921839660102,-0.0733952864618824,-0.0490394610188721
3.42809657359581,3.97783305920895,0.288502353605175,-0.15503904944584,-0.695535894681126
3.82569423959564,2.69421497883084,-2.06699512891032,-0.285026193950582,-0.847217939695177
3.65995043120314,4.54523619656485,0.212221764852618,0.606689515382687,-0.561159719258461
5.51896064000764,5.22527449110076,-0.276214881120867,0.133725026430135,-0.995768838876235
2.27353169707004,2.69015047364651,-0.758283071806997,1.15664035499326,-0.90738300477217
4.01990797927813,5.22607805634186,-2.15829711205613,0.0676616891548591,1.20923859866103
2.86376821437167,3.27575429486528,1.65874041461245,0.758422006842655,-0.550508130811061
4.74707267691528,3.6624514850513,0.0850407251248057,0.122551984035265,-1.0781431790197
3.97386276934861,3.3693837437039,-0.680689563313293,1.53699251717971,0.374725324450122
3.74427307614419,2.7430507728307,-0.300964846023078,-1.3345918032575,0.994819676844537
1.13307624527869,3.48056342614384,-1.12968180510967,-1.30095058140177,-0.63213738593603
3.68935179450279,4.02833514098279,-0.235509054732803,2.20957238097661,0.354119575649031
5.08358513065627,4.03646561375791,-0.65888330137863,-1.04730647315572,-0.49105459466726
4.29728007467797,3.61578671191255,-0.0688545454933365,-0.715210267759577,-2.05553667760674
5.0453581810823,3.14582294774481,0.302016765933279,0.539267666509055,0.511866507802066
1.67773646996831,5.90992077904948,-0.328195871148086,-0.312154200826302,-0.0717673397441146
4.69804586980463,2.87399298194924,-1.02523799679632,-0.162282378935836,-0.865656125506219
3.46802920434728,3.87013267741927,-0.503376456252568,-0.169236433215927,0.762114664874888
4.76118760096366,4.26132126510037,0.173060288786468,1.34971387108211,0.359762915731807
