-4.77081419350968,5.14833936394837,-0.133387888694206
-5.17536638262938,5.05539099803484,-0.571957097718042
-3.79219124620137,6.56986619302729,-0.702761434955872
-6.48812469667189,3.68472109816651,1.51061658714051
-4.74198332085862,4.8464022423202,-0.466236048252125
-6.14643248116471,4.30300023911737,-1.78042177036524
-5.23006760753818,4.08264303954051,0.445596712650158
-2.94142495818261,7.35115389645183,0.495963960616857
-7.39496853612042,2.51063389120458,1.66842498394084
-4.55913915054073,5.59040076856571,-0.184459839359254
-5.63589256506159,4.51775529059888,-0.216790753201132
-3.99684970066117,5.50423485436362,1.0747277627239
-4.50503156714239,6.01063020508788,-0.285348881168999
-5.24717682411651,4.86232444875129,-0.633726789935951
-6.23833523327426,3.71416972001967,0.984429885288695
-4.82694431184344,5.36486852765967,2.8208191114119
-6.21676065186706,4.69648780382095,0.310249215637666
-6.53038351384712,3.74621458863153,-0.855082607454626
-5.20230301834132,4.71511441698762,1.16727565186774
-5.08766525213805,4.81306398117052,-0.339376841062975
-4.61544013191711,5.12514659682698,0.129381374154232
-4.09318740398106,5.59028483614596,2.37239950561471
-4.09925318881368,5.61799876468776,0.427721876809565
-3.99398901506268,6.91001652878431,-0.825844290089531
-5.76250930082037,3.99106257494223,-0.273501026067005
-4.66117604103638,6.16827303882464,0.13364255565322
-5.24717542034508,4.9197047579311,-0.574970445012058
-3.76560297024521,5.95589268428595,0.344187768912502
-4.79512482322269,4.84771556710947,0.212883296669677
-3.16158227468775,6.34179170217537,-0.31036562548133
-3.74956016558441,5.8039239858435,0.23042229421943
-5.5359750536169,4.60418930045699,-1.94692899551053
-5.02581377653018,5.11552235607991,0.76396719638983
-4.51344426991258,5.62708387564383,-0.529452302441486
-5.61788275373154,4.81786789500439,1.94858316749373
-5.87665954144188,4.68754765878772,-1.85173615125464
-4.40805358028579,6.13599743063358,-0.0996629453063377
-5.02515638363707,4.63808284380221,0.29286379236631
-4.38977664565118,4.67478231734338,1.40956730382104
-4.62160904096179,4.41067543339645,0.735407806037478
-5.12436701410212,4.87015467774555,-0.46503673279072
-5.94464203778629,4.01565006846203,-1.23490825994193
-3.47773739277967,6.87594562938065,0.237984950392869
-4.39498333331028,5.47073946270242,1.1151275854336
-4.22472133676455,5.9370210649587,-0.0255713905775012
-4.36188167314378,5.51025793116498,-0.449044783821358
-4.10054479654031,6.37210613716323,-1.61241089192984
-6.94720143841452,3.80615981238134,2.53811495358487
-5.75014316780142,4.35268713157388,-1.93483028990729
-5.11975632769068,5.01209640745183,-0.0320430505637053
-5.86945811203803,4.32662755943642,0.187091733986251
-3.4705297943115,6.88140728529051,0.512840021242566
-6.94743547032889,2.81760074846045,0.529339766026678
-6.99259357310318,3.51196288446812,1.35772148182608
-5.03014502689113,5.05036460551545,2.06235950660659
-5.24052750921273,4.71163718785125,-1.12154375126036
-5.99580579581164,3.5562553234772,1.31733476886443
-4.31819324929043,5.25211739085813,0.671979163505538
-4.29940731454068,5.58467695170261,0.0397607664113662
-3.58047333469702,6.71653642638754,-0.674156344667652
-5.63300782165168,4.33557945436626,-1.06532087195227
-5.47938950234643,3.94274552542954,-0.97981417575502
-4.39569856249192,6.28780349150738,-0.966123044612643
-6.23623724994741,4.455676436845,0.326789845549001
-4.58616165317649,4.84186873712169,-0.505062256223243
-3.70254651390688,6.09365053375709,1.2595438362744
-3.11701733871746,7.20524901606519,-0.781208615381605
-5.2864519079574,4.85088674098425,1.15817526874959
-5.44877927626647,4.60447344960818,0.0989494543179297
-3.41673529191741,6.977145998571,1.27440118394101
-4.28180593680342,5.98408913920985,-0.42928026636527
-3.71236543591933,5.64102619823827,-1.38744086855736
-5.9857602859754,4.35902255338418,0.264785905561928
-5.94517069003032,4.09382786232228,-0.276993094936555
-5.83607680327657,4.48547380838381,0.361336401259554
-4.99644722849689,4.70112017654118,0.84421646586104
-4.25445111834937,4.75133040598307,-0.264615584685001
-5.45957548443313,4.36619217662735,-0.884107650467244
-4.17401528113896,5.23443595520417,-1.01424074876855
-5.97041370387662,4.01427418898655,0.616198670588144
-4.368948857053,5.58446970467162,-0.461812019534203
-4.98811050266701,5.30832603014515,-0.850155995995803
-6.91010386332256,4.04243802158155,-0.557950117889235
-5.02243586895792,4.51601497554623,0.829694369412923
-5.84528998646899,4.08818585200685,0.748066860966477
-6.47256454358427,3.8769517396621,1.04283249758448
-5.3522280318663,4.63538037697208,-1.32820837791949
-3.92645505010782,6.64494931826235,-1.4972505780618
-5.33831688016735,5.05652063170486,0.597595619787274
-3.00252800559301,6.46896953988773,0.204150129255482
-4.84357778138686,5.07312394893922,-0.174770157693636
-5.35297902137621,4.91389727984639,-1.09992970893467
-4.43475649968549,6.10035112180449,-1.91655589523293
-5.71757563243897,3.98173669019069,-1.5605376452988
-4.62183813948978,4.92683182776116,-0.380060907478564
-4.95881083327785,5.52457912888449,-1.39345120120008
-3.38721502930866,6.26387902824696,1.83992314126048
-5.56311547622899,5.42390322610443,0.208973635318754
-6.02085334479412,4.97534871045936,-1.13384348795766
-4.6401524966981,5.63573310966068,0.517175820933931
-4.95785902071832,4.09676118958877,0.204315327398878
-3.4029937390959,6.22336142751195,2.98775003920007
-5.29051609160358,5.00685176661903,1.02210041515361
-3.11617893853525,6.56352845499063,-1.79093468051591
-4.7895095822507,5.19086755672771,-1.42106331618899
-5.88510747660492,4.14000001294507,-1.10796091065786
-4.44064524042166,5.59839050107202,-0.951357807152434
-3.63897549629118,6.20532210777961,-0.978759888106575
-3.35772354492149,5.84744678238485,-0.814406144443063
-2.8088121529338,7.54380245485024,1.26198251048432
-6.56235068552625,3.09570773791797,-1.76522145959683
-5.79188893255016,4.59589062551895,0.661119739040952
-6.04250111491247,4.03968114909157,-1.91456247071686
-6.10785453537128,4.17482139471029,0.0582608089299418
-5.140011989113,5.39928985473305,-0.612035959804588
-5.42023540234521,4.6543452505053,-0.676996669960729
-6.05019522058106,4.21583581946341,0.577757041424148
-3.19500381600355,7.62060020433433,0.121021792916815
-4.35191551679814,5.69446192327512,-0.561220431841245
-4.8288663793179,4.76805236581141,1.11107730725551
-4.36485284030831,6.06045466756221,0.522603763675547
-4.02157063622971,5.98823825457993,0.76405454565253
-5.34365962493256,4.33904134923356,-0.0749449427014774
-6.7974971339735,2.92648887546066,0.0163841795512401
-5.39269407212666,4.59885434673892,0.329103966079644
-5.37986493323722,4.34987277653347,0.406872582398048
-5.65872716929456,3.95839084273168,-1.67913581879678
-4.26648021868716,5.84208180294957,0.0833536313209946
-5.23622820833334,5.57644332578766,-0.0600626431144636
-5.78314564922051,4.15214110822734,0.160135166277129
-5.80508204613729,5.03133873438341,-0.0133926692856073
-6.32054783326475,3.42623643026702,0.547211155057256
-6.11549281586529,4.42525820878327,1.73274757569415
-5.28415095193107,3.8879395646475,-1.58904759770979
-4.47064802036369,5.97298967774649,-2.50786202353184
-2.67489248488707,6.89367563141891,0.304088435668349
-5.77783887710797,4.31844350095385,0.18131815539717
-5.33303096098399,5.26260287168803,-0.347740211812446
-4.01611582268806,6.41468974138302,-1.9791941380699
-5.04194349753303,4.98781288866298,-0.891048224451659
-5.48605215013545,4.60503055311024,1.76520693929719
-4.37594375217996,5.78977370774735,0.568972387142464
-5.85995719169602,4.94416996715084,-0.528886541550338
-4.4547055365325,5.534483804397,-0.029127194684676
-5.28471870619771,5.29566755426666,-0.158979617053892
-5.85100699084311,3.53134383625952,0.520910204796948
-6.14179880189491,3.93900139952553,1.48301318719208
-5.26693769382601,4.82837484090082,0.709102517050314
-2.79912225320431,6.75251516781754,1.34754913294089
-3.55308730220447,5.88011589506161,1.2215457680953
-5.10833447138194,4.35711250649414,-0.269860758263233
-4.435788091149,5.01366550974706,-0.161326536523375
-5.16967707088184,4.81999939342421,0.0510101020326121
-5.50193184173152,4.18273070601695,0.296742873089995
-6.63322080464492,3.13655832125998,0.837560829190161
-6.04430368774825,4.31850326378731,-0.230200128129271
-2.60836846929232,6.2791684218638,2.57363746924316
-5.04432851995657,5.15842734647908,-1.16749349161966
-4.60602141150468,6.41674450578788,0.136074007378057
-6.53025180846789,4.3894192823422,1.74814987364674
-3.79322031358285,5.26087469800041,1.22778072841093
-3.08871900056736,7.43008955709545,0.330861407086323
-4.62260349631587,5.88570891303744,-0.0136558596743708
-5.7813295630672,4.90794200999484,-0.392947484815694
-4.70283043303552,4.87132269822583,0.412564865816542
-3.06613992465175,6.57234941500042,0.989022889997483
-4.50425703481241,5.28110644780104,2.09887875060487
-4.57329708369781,4.79983912498402,0.172687203239107
-4.49359333950474,6.14400671050846,0.416062754574509
-4.66205268584085,4.96090651264464,-0.321856839710155
-5.91946363298958,3.97587724609471,-0.242353471674642
-4.60804786023121,5.04696676555462,-0.473366523214092
-5.38610940667528,4.79693297450323,-0.137935898315693
-6.08428618854688,3.7845535652558,-0.464176786153243
-6.26307508060041,4.96568230546806,-1.02004914390682
-5.82785844925725,3.6306884640847,0.708819759165196
-5.03494022720156,4.42886447292539,0.372974232788651
-3.64381611936121,6.27338257701791,0.749275286071446
-6.48020984639998,3.44508278124678,-1.13771789154721
-5.34949527895242,4.40562671675989,-0.857198474368186
-6.7621603886478,3.61986229971565,0.609447060869111
-5.292922354433,4.84960118542551,-0.0822555399339415
-5.89535766533341,5.00852042924347,1.17680260112737
-4.95469617897769,4.90121610112655,-2.93495853079341
-5.79085731062743,4.35518074223387,-1.57147401763627
-5.53623353833467,4.94230716110423,1.98084927072051
-4.61389810887972,5.61279886722221,1.28325208345691
-5.63322547301731,4.00513620710621,0.461446193098011
-4.96765969622051,5.09482305854461,-0.917268238665431
-4.15563339806975,5.53543613042433,0.477078522302556
-5.59497719884879,4.68925479833199,-0.174528355783173
-5.23710023277279,4.5863008365892,-0.289121745304707
-4.68000343748226,4.64991276096159,-1.27699000580773
-4.48462129952192,6.47162685019522,0.401545081094645
-4.57609893838762,5.16326115062407,-1.44891962371414
-5.00025147908234,4.75253409163151,0.716369810334143
-4.25840769436298,5.57647361379834,0.66280265649089
-5.37061755483825,3.97226341310997,0.967153184728261
-4.51563346503131,5.36435991199073,-1.30830743545144
-7.07284320359757,3.14372185051887,-0.198691907738357
-3.4934338574694,-4.53914400266266,-0.961942607048457
-3.97502868776941,-5.1460135402915,-0.214532050997358
-4.3959837177048,-3.69010731591587,-0.372994063466383
-2.95327584489205,-4.47326087444421,0.0288075670082453
-3.90443123857585,-4.40246823383051,0.450700732473188
-3.13287747998743,-4.49981552633472,0.364278517091642
-3.36421578196807,-5.42156192345551,0.242414671705535
-4.42077932115215,-3.74942686451957,0.159629098353886
-4.69891980791721,-4.19946469206583,1.21618082137729
-5.75801207553309,-4.98869564537498,0.353074178635894
-3.96430606222935,-3.90009820802631,-0.157440079927423
-3.61954640916495,-4.9386206891876,0.155131709643804
-4.98615510549112,-4.06689809518422,2.75700245439251
-2.0487134614111,-4.72455499322895,-0.155373065245921
-4.60981509917403,-4.78169546180823,0.00370786634173242
-3.98284881489424,-4.57057291555381,-0.0438244359409964
-3.88072077138557,-5.03540605422938,-0.369993325633839
-3.3360491136969,-1.30030934216999,-1.12800512168022
-3.65853730201769,-3.19327437749195,0.468424608625699
-4.45624679848996,-3.36006733076638,-0.742526238723316
-4.30609136753154,-5.04803829169602,-0.260190517070148
-4.88334668173757,-5.88688255310071,-0.105969734862696
-2.79968241155389,-5.89181180329749,0.825732605355754
-4.87458184220948,-3.95252636912389,-1.85829659972946
-4.03135897479283,-2.7710892008182,0.718396115459063
-4.30486560757268,-3.61021878617391,-0.777654091507987
-5.83689529384909,-5.30596967694768,0.819519973494455
-2.98811837710671,-4.17026324958606,2.89148500473009
-5.023937457356,-4.06605427438948,1.67142286667587
-2.8195372809306,-2.93095268972806,-0.060903087360651
-3.38694244310949,-2.96660525448182,-0.705868340702331
-4.72811521000041,-2.37823254582433,-1.09292150336383
-4.4845417585588,-3.62978290852736,-1.02868547535223
-3.92236368858912,-4.20288396237719,-1.45722190715062
-4.13149718113019,-5.23175688879537,0.591790007663006
-5.92081323286011,-2.94589526467248,0.457130938451832
-5.75212814454852,-3.23273669034832,-0.233790099916826
-4.35740532441557,-2.36348302763613,0.648470578592304
-5.26341041172751,-4.29415096321046,0.96108369288068
-4.05205433156073,-3.23519918023442,-0.0626026895466026
-3.48476579257918,-2.53088522858032,-0.198034946782025
-3.26683891241749,-4.14945971219275,-0.634882789511068
-2.41922727466888,-4.58373390862261,0.634925185283675
-3.28565285442745,-4.43976015651509,1.57226910740105
-3.72355310152227,-5.35752966544402,0.416369356135501
-1.27326063189057,-1.56135711804901,-2.3656775516021
-2.6947241474116,-4.80471805501288,0.951662376878757
-3.44875778788155,-2.32229645667225,-0.152365522823871
-3.81374316821259,-2.99308765155525,0.834911200297039
-3.86518557974249,-4.55694908302706,0.490907395948542
-3.1812702339106,-5.15320255442851,1.35845149551329
-3.77305402768065,-5.79857456109264,-0.159898211802702
-4.61183585876659,-6.18439824488835,-2.88995265812763
-4.67068672507776,-5.57371739865645,0.738197937946968
-5.10173505502663,-4.16912836065175,0.633721998198329
-3.95521956541513,-4.21075022447046,1.12788496602571
-3.09455053173389,-4.53235728405149,0.263396078499208
-5.84752907583164,-5.94720845454175,0.25037893151412
-4.42481047911703,-4.18012570429602,0.699046127997526
-4.93330348501612,-5.92700913703844,-0.652644462543667
-4.30253111677827,-2.40693739091978,0.372991143749546
-4.04937345376351,-2.59652316154171,-0.457738438592313
-4.6139199016902,-4.09312337588527,-0.37717498356702
-5.32705795540255,-3.68951485282129,1.48566459909389
-4.05631060598799,-4.52619426016924,0.497187218450488
-4.94531382614357,-3.84287616910658,-0.427300530851676
-5.57918419329813,-3.89574552809413,0.919505694556651
-3.75211551958148,-2.12516641143407,-0.366047197055113
-4.46781901372377,-3.51309564656674,-1.89864132628667
-3.81360464319223,-4.05548020624371,-1.91545044127777
-3.80904116876107,-5.00400931987189,0.312473597722537
-3.23518362974541,-3.7337012368441,-1.06766909496127
-3.07381019844885,-5.58624162872257,1.05800642874516
-3.68056144396716,-4.26859962434646,-2.19195084875477
-4.06925246464157,-4.39043795048509,1.45501916264244
-4.15081445393746,-3.51247130851591,0.552452865187309
-4.99940697392308,-3.80055169360882,-0.374383052131118
-5.19375735717032,-3.68073504386789,-1.43656197691535
-4.23131748165089,-4.66809037757841,0.633159520714411
-3.82300870355918,-3.48096182821782,-1.29563233779113
-4.00393111016852,-5.09717518176387,-0.301532114235745
-4.21327260528885,-4.83064843206749,-0.676355181667928
-3.49325822706786,-3.19203500799821,1.81112609357644
-2.35216300505478,-4.80403813002044,0.457783195376826
-3.00665922606614,-4.43996461474583,0.122057595642605
-3.19723933040643,-5.4934559586039,1.04145457287236
-4.29489764078873,-4.04086273291839,-0.220195840004426
-4.47651900362783,-1.75161864340122,0.322864154877635
-3.33855994799503,-3.54212024217361,-0.981190861460071
-3.93487020951618,-4.52269592478696,0.719394581765488
-5.36647752589489,-3.53957463785851,-0.0202560739473509
-3.17643263125207,-5.81693740289827,-0.364518415691293
-4.1969125395222,-4.7099276998929,-0.0137660936424475
-4.06693992918722,-4.78022854910636,0.899254577981394
-4.52346501795852,-3.76525401428448,1.44536897820669
-4.09260171733723,-4.17200852688441,-2.32150870015718
-5.45730176419837,-3.29561220203159,-0.234930886317613
-4.76087181796062,-2.77074097406725,0.352039053491677
-4.67515303297593,-2.62288252567233,-0.556336703891053
-4.47212642268541,-3.85798457393612,0.871701999710907
-4.36364810173019,-3.87161069927446,0.0360976706826427
-5.11166213195406,-4.52726737935745,-0.242570150466344
-2.73612129444783,-4.20897377021815,-0.435996679306192
-3.7669885008488,-5.37074278519882,0.050346937096213
-2.36845002308008,-3.30937308956107,-1.44821809040026
-3.28731651325084,-4.15673619918122,0.498636386467179
-4.68594927764687,-1.67098449616235,0.235648627219754
-2.93607996872248,-4.31388953855284,0.585893225018117
-3.92925776541862,-3.74577308994519,0.00972789461377513
-4.67101800690332,-1.97476916351564,1.00609586432377
-4.96063465226228,-4.42863980746382,2.5568524454652
-1.88539017652727,-3.98843479813538,-0.317538736039627
-4.60661422996999,-3.51650031588025,-0.811114486693039
-5.78358672117252,-5.25987701273927,-0.780335394038883
-3.35228685784998,-3.08190644738414,0.217580599681584
-5.05182095381781,-2.8034900290765,0.190465009731824
-3.85703148304323,-4.20387221470771,-1.09079363865543
-7.10716224878144,-3.55698875469016,1.80513424377884
-3.52229551153232,-3.45676529977528,1.94639727172882
-2.68241832789247,-4.38608691037098,0.277564351908191
-4.61097872296021,-3.4938032689898,0.0449257075101102
-2.87700662242582,-4.80683576546892,0.0454292663476868
-4.90236235037575,-3.72119212624236,0.0481122212420514
-5.63088568312804,-2.05992258543105,0.00922484302851885
-4.83250835252994,-5.35748507180081,-1.14097990373928
-5.79257037639421,-5.88806980233126,0.685149700125421
-4.63582392018721,-5.24383263233445,0.617091840969207
-4.91466178508153,-2.68108131884469,0.560195618526552
-5.3757539419848,-2.05749255311535,-0.180669330820393
-5.1733337223219,-2.62771381362302,-0.401716205630411
-3.03655760433098,-3.47247510754161,0.0293558066872209
-4.8496476152066,-3.64537712089391,1.28990153663758
-1.79673704855505,-3.43214031470291,0.566147508462828
-3.84863546008708,-2.59415982813236,1.05552021403371
-4.31253633169826,-3.83110136226451,0.26912568776809
-3.22284163457095,-4.93038825263705,3.38421644517695
-3.89508603366278,-3.05188003008702,-1.85556278721748
-4.78711335045197,-4.04642041751512,-1.23170053465165
-3.0810918945684,-4.26250191120784,0.76431298103916
-5.67364043370755,-3.4665025984831,0.663430803880132
-2.32182026221523,-5.12502594189946,2.03494973095388
-4.10612734236444,-4.33981609233017,-0.411533486982355
-4.53077351492085,-3.25379324908952,1.43214905016777
-5.41180420466799,-3.58566463507088,0.412955761769974
-4.64079153121036,-3.79306729477682,0.529119808848371
-5.75692386560239,-4.9654176069627,2.20334359022082
-3.64275137243371,-3.01859648941449,0.75833679258793
-3.75113045696358,-4.28319677139715,1.66700236853359
-2.25935012934299,-3.36754868795148,-0.527775949923595
-4.48619572546349,-6.52326581402957,-0.0444457295390934
-3.60003600798451,-5.23470072749649,1.07116100928923
-5.45232958290626,-4.93519861306904,-0.0705079599613293
-3.58338731376875,-4.37578212709285,-0.548143846960934
-2.50689594993593,-5.98034420276968,-0.197837758938515
-4.992324530575,-2.04049387654106,-0.611196748701372
-2.86268872822984,-3.78068637261269,0.346088456022061
-4.22175727104337,-4.17025083797743,-0.628307637161483
-4.08309931457732,-3.97273211716236,-0.115165761871735
-4.04515945032478,-4.3929413993008,0.421246994571336
-5.21630968507368,-4.04412274306156,0.399677776736839
-4.06364967568984,-3.85648888371899,-1.19166774723317
-3.30683431684739,-6.27174838443742,0.741484964512397
-4.40227992835843,-5.30483931129438,-0.382355633281698
-5.25794151298654,-5.78147923559586,1.72196272930356
-3.61458780286788,-2.20149247372021,-1.79011030386821
-3.4722684998165,-4.20839115368169,0.394990923517272
-4.77209528560066,-3.1670268864656,2.27601618683145
-2.92487158344697,-4.03459093783255,1.72422755995011
-3.00790680160059,-5.73373008123159,-0.502806650718362
-3.25705312365235,-3.2127588633841,0.0877899900751168
-5.18359299775682,-3.16734758735709,-0.882877532472124
-1.60894050836064,-4.28382072809102,-0.421101779624566
-3.12214571038258,-4.33394271672199,-2.63730485202012
-4.69196485345149,-3.94802014023246,0.0739300046642878
-3.06623346506825,-2.54952399482888,0.0871910659260828
-4.28123687962427,-2.23929889038653,0.261641051402254
-4.96709159141608,-3.82878552821203,-1.48233123505451
-3.31610502938809,-3.59933276664264,-0.257560365504472
-5.20789328460367,-4.12820077096476,-0.346197565011626
-5.45488644425894,-3.05249999393219,-0.566269422472441
-3.69188174545986,-3.57502658826854,0.492717655881647
-4.76286974337046,-4.54248929971709,1.48698037629754
-3.1950060667024,-3.88575279205262,0.748962163511796
-3.19291731770356,-3.87778430155518,0.575986245742272
-1.99941945668136,-6.34354295385191,1.52836146981901
-3.5605362974138,-5.14942846375404,0.865138508755032
-6.20197710171597,-4.10028925604891,0.445129232394446
-5.45411237122951,-4.94756379985243,-0.370157361903853
-4.10126153498108,-2.71564079320859,1.96328630675939
-4.94238257148718,-5.13702189372787,0.59942603825618
-3.40129355195151,-3.08424450159952,0.882152918780802
-4.46158714922393,-3.96367116818419,-0.918242049167674
-5.03171706188323,-4.70747686028983,-1.10851770979533
-1.92692288782009,-5.22580822990844,2.72634692778809
-4.57744276350653,-3.45534595672175,-1.53469918253788
-3.66138565567059,-3.76589499494133,1.37926256199275
-4.04179750488501,-5.23642163997344,-0.463322131092831
-3.47839654815176,-3.07752364473327,0.790927673676269
-5.17236011967951,-4.27602756155194,0.765734956029976
-4.66503410766008,-3.48098994174977,-0.472166479207457
4.22741905350948,2.90071470380552,-1.48180984479306
4.03314192477322,3.54514932498077,1.04422274014554
3.90988860776903,4.14703128447711,0.896736429387231
3.670280569885,4.9411465439715,0.241046120607436
3.6383625375947,4.70138764021817,0.187004716123836
2.66373431905381,5.37231601848518,-0.594640936058343
2.76393035291921,4.61586138326429,0.394763886957226
3.562517116391,4.33229836239964,0.957333251390398
4.75823718371544,4.20121230294677,0.175664193553004
4.92994528512933,4.45514098241479,1.45410459066228
3.0084124239765,4.57942910072471,-0.991445924448755
5.22301170394633,3.34991670915455,0.467889127581622
3.22960272785314,3.94592603504238,0.876090085167228
6.57716819948725,3.27489322594866,0.35055914912824
5.4893880670017,5.86366164315251,1.72338374282848
4.51458488601338,4.76159997897517,0.201653096285034
3.38905478197152,5.9590119999887,0.555743318019488
3.53470501511782,4.72079216459661,0.615616413575308
3.14925983889674,5.56810899957242,1.60607278525052
4.25364445440335,4.86132124413075,-0.131229474621858
3.53604753979153,4.0979217898293,-1.44558234763494
4.74597124180869,3.66664026680166,0.733961978592605
2.80460461725841,5.10842389534217,0.0238131781253056
2.36955075295631,4.57504134062171,0.815195507972158
4.67125710149608,3.70857942850531,-0.668430346806768
4.42169622525839,3.12763831045224,0.192479470506167
4.44676524504623,4.27746149909388,0.0435463865726731
4.17541609481084,3.99621625260511,-0.186220469817861
5.32831123102055,3.91445425134057,-0.931830281343571
4.32083075027175,3.72898931950903,-1.14117772241296
4.15176458372423,3.51476070822964,1.40882733305222
4.84955862340398,3.14471846123644,-0.828954780098302
3.59509671029096,4.84064859811644,1.90951807521793
3.7465061649895,3.35122579298492,1.10583237048739
3.40768821685718,3.12822691420639,-0.726188487810782
2.69514355536752,3.01918544628758,0.958934249058719
4.82792882524736,4.94819445943543,-0.142200552267033
3.80466518015524,3.88473223374705,0.716099794779564
3.32833451359141,5.55350319989661,0.0742467864050868
6.16936135641878,4.3392755061448,-2.65198769724079
5.39188642564374,3.78722757163376,-1.13991571816556
2.93129987400272,5.41318384981947,0.38254182899854
3.44771938622677,5.76041831053226,-0.348390646396636
4.67125040580105,4.19911360375586,0.912171262446336
2.95259892164875,4.17797133805427,1.17272762703908
4.42934241201787,3.04096423578197,-0.82395737144107
2.662324752329,4.17932006055509,-0.364236349658471
4.90262030803418,2.95954629887723,1.97705827068457
4.76314864239051,2.3011449993264,-0.0931146177603383
4.65932542887923,4.32519716272793,-0.682422151503405
4.27385394378744,6.38220053870017,-1.33795537430026
4.1505867845635,2.80129120369791,-0.720306638201037
4.25637828370574,2.24790695903209,1.48407034824508
4.10410932921975,4.10793906909931,1.05146560737729
5.39512165281483,3.78126360603601,0.161901932094418
3.50606870214564,3.06253528546191,1.82747077259605
4.31798616712943,4.31984791415974,0.235012814611764
5.29432928278568,4.76136067541343,-1.03145195730512
3.5737588533721,4.78283726880602,-1.29419924952706
3.32654623971853,4.38484392933402,-1.07450843188182
5.97732187518184,3.53414954224223,0.970841377030346
4.94914158741948,3.83651994800758,-0.662953436125044
3.18844253783757,2.13878406465694,0.0845554290411517
5.54361811590005,4.37204742422343,-0.779683285910918
3.53888473868094,2.77619005229988,0.992280823979706
4.96416845469324,4.87813097887472,-0.630664070868904
3.39156638985174,3.89008127335778,0.270971747040277
3.19874401196497,4.3571799646158,1.40333565688172
3.32039939613844,4.64740553057057,-1.78024439565816
4.18077100101357,4.81223684908444,-1.56595546195967
5.0413820685803,3.15798408602866,0.847581846997242
3.83663359777113,4.319183587487,0.172306791011748
4.30683734260439,2.87116195487853,0.610395593281369
4.30048043614729,3.55363720998533,-0.186522688430086
2.3323310226372,2.49019088813974,0.115478453213629
3.72295009095586,4.18365179546954,0.668660184918916
1.97944840578101,3.88352301481598,0.459048742636696
4.50304494055338,6.03047480874914,-0.802957807648886
2.7454799041756,3.71614877529907,0.256184556229196
1.85841539207828,4.72243443693963,-1.72443086469155
4.21197221306771,5.36368110447453,-0.652936654509796
5.52844125329609,3.88739936382006,-1.48803069186361
5.39036138378438,6.33301740079787,1.19839347106985
6.15890389049141,3.79460114200231,0.0897582592028163
4.37776211767863,2.71147105784833,-0.771743986774331
3.44370224112774,4.50930323088324,0.286954838169325
4.40776462785087,3.81264820322648,-0.815644643628135
2.80887070421744,3.93019053387633,-0.244032902397097
6.05053411179541,3.60088636600898,0.61578355696685
3.28340143449039,4.81167359472934,-0.0458303166843703
3.61129208237257,3.31651131965003,-1.25338475106927
4.31026733269257,3.63539386928523,0.594592437774678
4.82510690822011,4.07193176684169,-0.356158539323768
3.65949580534318,2.40615963618061,0.585899959385329
4.51790808664892,4.37953381932675,1.21385226941112
4.76334413761414,1.5987373251814,1.49907072706356
2.95047131703457,4.08607483777163,-1.21001656412673
6.29668178065788,3.18271434351455,0.764513087702105
4.10494234783782,4.35052148091305,-1.45418347559124
3.51649398780118,3.70755517712809,-0.7231894784371
5.03864812569816,3.36251671611975,1.39662076151626
3.71158429290103,5.0074286818569,0.208729784838181
3.44276887723622,4.04287600896923,-1.60172475458483
3.34630865752578,3.27593806488789,-1.00773449225666
3.59427869918765,4.39732574749591,0.681648703347323
4.01177730470904,4.61674081478478,-0.488386670041502
3.14916253136328,4.61308828879844,1.92009261259888
3.41997895300252,2.28591663218663,-0.895431679746421
3.69509000405493,4.8473803905992,0.980206724555589
3.5652124459067,4.28055632794752,0.379164042126515
4.64483183508757,3.31513397004887,1.16540689402579
5.09143778155435,5.1727543671279,1.78022263480975
2.5877067820185,3.81327208004537,0.75271813608739
3.14293699233194,5.19464915831602,0.428809974270511
6.0198040006497,5.68840286276536,1.19169426845678
5.33061830612451,5.30272724093836,-1.55283080607813
2.33460987885694,4.87681614306517,3.33254734132291
4.12437279813396,4.00576630086554,0.798497151717241
3.40154176376993,5.82093339707111,-1.36400355109061
4.75550548827047,4.33610683471094,0.986454455656148
4.18019945769259,3.12142398654424,0.978069308363382
4.22822057783323,3.56767517805509,-0.342422307011695
3.81255580167502,5.24636853839076,-1.52218101565411
4.91421509999877,4.04516754882035,1.06088791194897
4.67803924655411,5.02025150188019,-1.350547870631
4.14807110915101,4.0948783126612,-0.755007503965262
1.44574080921652,2.63966313899745,-0.679781249084303
3.47949708194877,4.56545013333165,-0.720155643824164
2.77090318577123,4.03703142160195,-0.90956301805662
6.30963430030482,3.13292115139667,-0.0958235385592183
4.64343209719434,4.5034520450566,-0.163156669768843
3.92195896246898,3.05255651243141,0.35782125921073
4.03948652109136,3.95332742181847,0.482412032903762
3.91818030865654,5.13780709000483,1.59570043774242
5.40566539735999,4.69671645392593,0.863785095926555
4.26869483958457,4.21910321782284,0.105222163231977
2.07502447068885,3.87301993499939,2.28053366571948
4.86433451645756,3.16147733768661,-1.08038347677883
5.1005012578071,4.90201026149323,0.936357626982097
3.29023959461153,5.05771808861511,1.315023529554
5.10942800501913,5.07014174013284,-0.262418317392614
3.12032353739336,1.70163623857608,0.371509826963315
2.54190309806281,4.74864907808539,0.164584062880622
4.34262847646835,5.29628464007594,-0.878561162307382
2.98141649295284,4.76064904323503,0.620560049610687
3.95668775508596,4.96221137739495,0.215105300449247
2.10219715179718,5.32307383134171,-0.748110298519882
3.01862245367039,4.3427057749365,-0.182649345480927
5.18604604697255,2.96028471732341,-0.0205700559243513
5.05176305263053,4.35917821061963,0.824351560426851
4.80078739518807,4.57052756974289,0.176874371712041
4.05288416133819,3.60871459612559,-0.510999920596349
2.99798349239234,4.92827162821586,1.31555324181159
3.45806089793538,3.94091622405224,1.52091843888238
3.07025670613456,4.46749422090556,-0.96185857098242
5.19734171167051,5.35131929936984,1.30314075415676
4.17183313478743,4.096428837658,-0.557824103393296
2.6771329546004,2.0359350920703,-0.587029141012866
5.08414306935564,3.62746414095733,-1.55654875391575
5.13097184983123,4.44293915582529,-0.789272932398621
3.92565368470093,3.65173316529669,-0.181835263441465
2.50304716373686,3.46609397792704,1.09166988592973
3.81388184338642,4.58241847481501,-0.347974010281868
3.50489480291615,2.8937279395598,1.03699285280208
4.46524920185398,5.30157863218087,0.78448760404722
3.68605291445989,4.57972990699286,-0.390399094403754
3.06409355018562,3.07782820651032,-0.821672578813409
4.98442341796883,3.2716581521436,0.18612441370654
3.49240308927547,4.65860554084451,-0.831264883019312
4.46651942173736,4.10315124459106,0.122415587261101
2.75863970846947,3.96581974089834,-0.903466902250808
4.48386225543884,5.31333817867353,0.764321136942952
4.63892796085008,4.50870408633873,0.106427250582796
4.40588551480628,3.68368473680331,0.718499998371498
3.47663732458668,2.71198771008957,-0.682057413620034
4.72694115830145,6.23952148741726,0.0308616963769876
4.43348061835565,2.72183959551473,-0.764871871997486
3.77002228106242,3.77069211684914,-1.03581264326355
4.15380896910914,1.94292508798963,0.516551092717607
3.67096116039743,4.18891730198565,-2.02169833969302
5.72822933732783,2.74671387935369,-1.07152639636947
4.39430549526427,3.9454990884024,-0.50804984387102
4.00240832738747,4.4003525675591,1.11334733016694
4.70815038793358,4.6853468822362,-1.6389676911189
2.72658580894209,2.33392338827953,1.11775739646175
4.34388802994494,3.82891150111202,0.966679583062973
3.62969070647507,2.54814396572585,0.835053195981848
5.12704465327068,4.17942127569564,-1.30276832501982
2.97005358589902,5.10453033074309,0.138184333496216
3.77184994593053,3.07478419289035,-1.7487234591883
4.16379069155517,5.087526277057,-1.4870367828514
3.47204058268869,4.09227565663597,1.78084927455456
3.83986099774003,3.4471507662681,0.667868681249645
3.81165577070307,5.15120754073446,1.82520966964015
3.4687173383891,4.60360853551735,-0.423056089099908
4.79150300875926,4.57781126249183,-3.56005747993438
5.58485097263662,3.48551585328223,0.575804904573717
4.78826902139109,4.45676284880465,-0.119623845128638
2.33637815882762,5.88741761836018,0.900833797176246
2.6914259073522,4.64770585117963,0.639341588227356
2.72881373861151,4.33153047001847,0.278544017385683
4.25809058735631,4.29569537120532,0.752255276458999
3.8664254477318,2.54791408669859,-0.423312852946658
3.26203033930853,2.40241401744575,0.59079890610394
3.88761522197146,3.95339767230508,0.873642002253681
3.32811463576168,4.68707129358611,1.18101239823469
2.90301181652001,3.17290379691049,0.165481154506484
3.61415855180624,5.53501676307289,-0.644692539470366
4.13130422299669,3.06397533889668,-0.12476079936215
4.5116693580764,4.56830709598932,-0.0634706367923976
4.33120872806433,2.74191808049193,-0.358863657294956
1.87198849117258,3.46518899026614,-1.67588371934458
2.54439425952341,5.12865980330576,-0.140471570638202
5.14650649310297,4.18353143668956,-0.867362977277393
2.64852918735731,2.53170481693274,0.12278369990287
5.54239154211841,5.53833838309983,-0.225589424567079
2.55101348247623,4.04706949197916,-0.78161549589845
3.80923250395474,4.01697213935327,0.591154716388203
3.01962594988201,4.30756178377332,2.56217038117726
4.14085606784328,4.791837789958,-1.07478115206445
3.98515286680412,4.16764671358543,2.11607002371257
3.73689179615663,3.86924146309171,0.153711131492493
5.06834516695527,3.38748603257809,0.00844958216094316
3.37582199267303,5.38746066680387,-0.913875886615924
3.6787701659856,4.35689140074474,-0.773003589622576
4.02245396835674,6.20448996244765,0.326935764180944
4.63715908206816,3.88438860612721,0.435070458256578
5.57909735130534,2.83694226160277,0.72517848384062
4.2893511592004,5.79528787224965,0.798503539180335
3.12338059233823,2.9731305343462,2.62812724717642
3.56731279913986,3.66164758457996,1.13088073667246
4.98827112024305,3.92824088940205,-1.32962226207514
3.91108599668554,2.44529581078356,-0.973885020451728
4.04780050985568,3.91135489215344,0.248815580393306
4.41842018008145,4.85049532606826,-0.163896900145649
3.36615841920309,4.70612450339957,0.628719054397731
3.95758028519288,3.03671166014608,0.41239439455035
3.64504463864018,4.87627359171188,0.327046845427084
5.01945284672222,2.38932685856772,-0.630360020873181
5.75764071906217,3.79299983999504,-0.779477915703561
3.36303945431109,4.50220080927862,-1.1311688152625
5.13899537962891,5.27778646800544,-0.637131623528596
4.62982456585732,4.27210980349993,-0.250203159342686
2.87332669401282,3.9530434615033,0.41391968032791
4.13743831241265,5.10821471286114,0.36406565391549
3.9632557251507,4.06407180711742,-0.683176196624815
4.69490539738798,5.71310751230086,-0.772937930028437
5.60169943037962,3.72658763498533,1.56929752671865
5.01656155722024,5.35076824888868,-0.425627641833004
4.88527210082839,4.72701086986961,-0.423104615563327
-0.358281680530216,0.48785428236573,-0.512800291139898
0.265734401110462,-0.303002905805515,1.56513859405757
1.1591122390976,-0.474764135480556,1.50055591095468
-1.53909097062815,0.951744735493295,-0.77097274138699
0.825974327608788,-0.721682700909874,0.46212992456239
1.64635157075052,-0.938287594229904,0.0239251466073842
-0.642109051955091,1.26894943621071,1.02707151580757
0.115724875176011,-1.05109349379567,-0.559414591389251
-0.270128296622712,-0.100369699074581,0.877288431948541
-0.208633302091744,0.440729457057793,-1.22763371985489
0.650956747878525,-0.741639112292683,-0.686241780606433
0.376190430464983,-1.07676854788137,0.150220748624411
0.641142885206481,-0.964745140977246,-0.418512390352069
-0.444633835545946,0.467283499973203,0.12325726890506
-1.78532404757723,2.11011628595168,-0.220425353683042
-0.233075020369186,-1.45178181598929,-0.41522637362546
-0.634098398190341,0.80728928532966,0.811511047576603
-0.473576814164005,-0.294674446865183,-0.758438574930637
-1.86557467013913,1.36999761735538,-1.02815101616248
1.16849716427718,-0.332137653831741,1.71976217817794
-1.16502371613879,-0.239589836178375,1.13663335425326
-1.68700717640998,2.47410802290586,-0.651638489659276
1.20708608162223,-0.629772576031004,2.14895257310375
0.0085167964239684,-0.349780291542297,0.717727146519457
0.589695376225039,-0.405877870289634,-0.724920448186865
-0.0104021693669983,-0.437902924290527,0.35840908388138
-0.602615853958791,1.19270695353335,0.716193561483359
1.0913634787599,0.034278454449351,-0.248258571024426
-2.04904230877336,1.7318799484995,-1.28632538868924
-0.939143430718945,-0.0951831032352862,0.669645232738477
-0.463491130635899,0.582132302650982,-1.42337897203043
-0.889040762269299,0.709280815411808,-0.539013649632584
-2.04841455428699,2.91000164676469,-1.73453618964372
-0.115834591638994,0.0198693241576068,0.796726297161326
-1.22762146490158,1.23321188887194,1.29622364782127
-0.130617337970022,0.530270642113937,-0.891486659860058
0.408899048877984,-0.463101812153622,0.15626333933411
-0.455747218374278,1.88051822959631,0.278589379476368
-0.145345126886521,-0.0924926893699012,-1.38572118612886
-1.13363388741358,1.50380514687719,0.558307404419269
0.662712451068587,-1.43164251131478,-0.158143990852102
0.62356957438118,0.0995954209883862,0.0969282403028965
0.4677193170579,-1.08115885004541,-0.415843783317878
-2.28434339790447,0.700406885726596,-2.15073966877062
-1.44522240008623,1.83125589059809,2.21287584748255
-0.455740923505879,1.22847362832551,-0.278319653082845
-0.848527155553646,0.119857875535369,0.0497211304202066
1.96730618718035,-1.0830114287845,0.506026809456225
-0.0883205642821872,0.147225897293817,0.193817919640833
-1.25635406287716,1.09011646244428,-1.68122147653572
0.195216540480192,-0.890089381938506,1.68344474018778
2.73476606779312,-2.11311361736703,-0.132052172814435
0.0896592582301296,0.720459735861469,-0.983141844642608
0.985010438779925,-1.5816791696428,-0.921794238480214
1.33377444854984,-1.99186583035681,-0.686530758100127
0.0110238168330195,-0.0142964503333886,1.53262353164484
1.24752918849573,-1.42464384361329,0.448072190085785
0.0308225606242146,0.292696300956369,-0.0324095237852961
0.755276147767361,-0.799357533334488,-0.0972948733446051
-0.615388108783695,1.02900671630232,-1.85707133381632
0.154691538858274,0.763650055761984,-0.431257756840263
-0.996062833759684,-0.17531938063223,0.84549561190128
0.220723171828414,0.0234563231099848,-1.10657230232331
-1.20340024473968,-0.559418433423811,1.00960871804664
1.55717747807559,-1.80003711770608,0.251206530302464
-0.0502550023490415,-0.744200233967258,0.0598223737786759
0.778658352778533,0.0232421016225506,0.240545729939917
-0.853342814022825,1.09880634287284,0.228775025953785
0.954928459800772,-0.941831243135187,-1.99021470081431
-0.897050339720351,0.715017693496232,-0.533420514287965
0.0654583731553548,1.58040282636959,-0.538600466074529
1.0612671742618,-0.772565793602582,0.286365077863566
-0.688025355651836,0.994774584370349,0.981096395622849
0.803679809448729,-0.220384201811646,-0.535408637981217
1.11452116750748,-0.65453629433548,-0.0377874915821088
-0.811463483722625,1.79345408818349,1.24897051498421
-0.295512945775871,-0.110202192043647,1.37964302467989
0.614195850137624,1.01309409390703,1.37265326239596
0.698791455007969,-1.94785856202257,-1.01081266460636
-0.270667982996095,0.400166505969308,0.0216383722496365
-2.1120895971074,1.60585602526965,-0.451424095481709
-1.05087097126972,1.69734135224674,0.616100136080354
0.148387028082199,-0.325575152085287,-0.851140746742421
-1.79382472156735,1.66880514253922,-1.75394807615648
-1.19420906976636,1.31478412138892,2.05670506231577
-0.619834596265462,0.656153497349746,-0.983883129361833
0.401912159077342,-1.1742227763778,-0.0353317443570209
-0.156787833307798,-0.129868626580146,1.20567252039453
-0.298614947379261,0.643451305022736,1.79964988066874
0.263079915805039,-0.233204109583502,0.437400740340877
3.96731758596844,-11.4163999007246,2.10874102992371
5.36259008090106,-10.1518855762051,1.08055338119319
5.84841851111732,-9.49861821927791,-0.13524827292719
3.29945462130587,-11.0537149091013,-0.891395772926557
4.98319420215719,-10.1005624890109,-0.0508493176178299
4.18996602494668,-10.6602023125297,2.83206646280407
5.03503590989631,-9.82417249655384,2.05778885051001
6.40711141113355,-8.29906045811826,0.374124789795358
5.35510693693876,-10.0515013248849,-0.930203841265563
5.93285583299863,-9.33977834265887,-0.771474543622493
5.20123377366087,-10.1350491906294,-0.966647188438036
4.10881198139577,-11.0810498754418,0.432208017105007
5.80611715028048,-9.50453344325073,0.456711045835562
4.94006156628954,-9.80993212968727,-1.12513222152271
4.91228663980256,-10.5531892559022,-0.726411289567024
5.38809345883433,-9.9604163477609,0.0933182037968895
4.64057631715649,-10.1055682626407,-0.316035793749102
5.75623536611445,-10.2595933012859,0.0824019663577841
5.45927513230808,-10.5763242197655,-2.11372184634556
4.74860460185874,-9.67855576649823,0.177465729023764
6.36666073152874,-8.71315894868776,0.183905993834856
2.6935459121667,-12.4479506597318,-0.931479245230035
3.4247890468869,-11.4893459855547,0.135461396081478
4.86363968034111,-9.2678701423336,-0.20328480459951
5.68651606523342,-9.77273400507473,-0.194812134683979
4.85137522703874,-10.3543679713041,-0.137803131148936
6.79069041449632,-8.30991671781153,0.315780215857333
6.29973975551244,-9.29612617026844,0.579474850057809
4.79920122464199,-10.8412810220694,0.903639571222418
4.76502748971794,-9.84005142173285,0.780701731210899
2.7374772680238,-11.9915138980039,0.479687664135621
4.84262266150435,-10.2389644073965,-0.0482406779509233
3.38700061621791,-11.5456512576827,1.89280025442603
5.40781075515178,-9.34399119380457,-0.472931633832716
6.89300096188026,-7.33163925772024,0.763155222944784
3.90306446343703,-10.8300450860729,-0.779703877448609
2.87276143862035,-11.5653935854793,-0.706952210623039
5.35531083253248,-10.1279424600567,1.20495562329978
4.73787272479272,-10.2573361523138,0.87573402412184
5.33278331805925,-10.3704493059251,-0.608261553253013
6.20608702341243,-8.8315685467609,0.453526735660582
5.82132967281156,-9.37267783132772,-0.0325787094695803
5.46463287988414,-9.64330944207996,-0.637715587105552
4.78773369979564,-10.3301046039512,0.432835316674365
4.13397535044119,-10.7311745527155,-0.0885346350618128
6.656522011012,-7.40700808754767,-0.938142922683199
5.37658509390875,-9.46056419087761,-0.852882447731703
3.05369678960977,-12.4707785577983,-1.52492590480624
6.10064602157854,-8.50867581238286,-0.0409827707716068
5.0119004897073,-10.48308635055,1.19993955008532
5.19291565082787,-10.1957147560639,-0.335449543309904
5.92775310378339,-9.62632458904686,0.0423494270057464
5.34132679646658,-10.3021467099656,0.19043611622537
5.30425677220825,-9.81179581606973,-0.778536847020658
4.60830610528412,-10.4843477439009,-1.06671505257524
5.34157812286775,-9.51681214805158,0.509611975751904
4.94473024934524,-10.0090662324416,-0.438305988854889
5.51394177778333,-8.72417576031355,-1.28003784077454
4.06229028681589,-10.6636994137448,1.33732473653514
4.55400037390634,-10.5481150497557,-1.14506916747027
4.90472433930457,-10.0770796945346,0.199048739315956
4.00960072567288,-10.6677024213515,-2.05549681120249
3.34698260651516,-11.2279254951634,-0.943179284414071
4.25881247260246,-11.2419689500269,0.79314539958197
5.02073182207625,-9.64984215061996,0.764984778042998
6.24655834148906,-9.09246661323323,0.545644251607094
5.58234109185426,-9.28355186068591,-0.85200588755871
6.41147470790416,-8.40963468543412,2.39303687439063
4.90819079772621,-10.2885608521864,0.916994926133479
5.09112383723412,-9.96031379699984,-0.599019385825352
5.86080785939121,-9.2679676154294,-0.861263462331456
4.7353980389479,-10.8692634994402,-1.58524771915729
5.4372795579836,-9.76403684527339,0.540701258073159
5.86544810788852,-8.98311874556757,1.11477320685775
6.27079419930537,-8.67475803156433,0.380031779993687
5.64970011622189,-9.0166203801311,-1.72344659696483
6.64108665736068,-8.9976940226658,0.935781865557603
5.88462020682732,-9.01929041619195,-1.03001208694895
4.76552239337095,-10.1134467326203,0.222819272555245
3.56794537822237,-11.5827819883741,-1.0229252846066
6.31107142157567,-8.71881834262297,-1.28878544611518
5.05873299022624,-10.1230545422338,2.66853821241666
5.20436717644679,-9.91269074441271,-0.164798406835157
5.21463224817288,-10.0685732476899,-0.490148017884027
6.00324235751955,-8.97431471807906,-2.10851809562305
6.51719625130892,-9.0195441563002,0.553888236723991
5.49447828587934,-9.60203147012677,0.209059777752309
4.03820696327119,-10.2355051498045,-0.319710558040822
5.86021149393613,-9.34064554195948,0.657183117036246
5.22488584765539,-9.57630121866721,0.2294560718392
4.68195868081451,-10.4819495147253,0.0402905958544105
4.58284848283755,-10.7696440823267,0.837955465989882
5.20218666851375,-9.53038629508652,-0.994998534483205
5.02150124543563,-9.59215676319752,-0.292680527718829
4.2024721775649,-10.5459833169898,0.44188808362439
2.00714425396053,-12.2987286963299,0.183362097472905
4.43300005428252,-11.1134575908496,-0.549269517204671
4.3195437281783,-11.2712259583686,-1.31940888604341
5.10345887853501,-9.57685780499143,-1.66838743338625
3.50176901050933,-10.8457552458933,0.902588843033163
3.84355830966265,-9.12405816701691,0.452632657665604
5.51976813039112,-10.0480730052232,1.28119572181409
6.7652748531524,-10.7028800397742,-0.326449791969618
5.8006771246673,-10.6405182587303,-2.0701490382213
4.66289468179394,-8.88906414381887,-0.461322366368113
5.16303398277952,-10.4552870771088,-0.0403303636775712
4.75507883608342,-9.26262599662784,0.895710816209525
5.00339296473847,-9.60581225038349,0.241226434483669
6.33507669930375,-11.1793813613213,0.789559181238778
5.12152952436263,-9.74525965230475,-1.45537598727439
4.74101622249718,-10.1209513735779,-1.93461992748866
4.60280145396356,-9.89952977039825,-0.226710622541641
4.67209509387515,-9.08410737417244,-0.527230985746794
5.01800711553728,-10.6579439279213,0.920386691734422
5.45596573866255,-10.5154193361277,1.2821044888367
5.30109334483063,-10.6048441019976,2.41128027521115
5.61574316386707,-10.4028810850337,-0.146152605348643
6.93637124525311,-11.1156002242998,-0.676199542301338
6.25082714205019,-11.0427582229358,-1.29863664962908
6.60652256624667,-11.4974945448982,1.86078304700887
3.88867189345478,-8.90816468523255,-0.308572254995974
5.97142367114068,-10.1317338184162,-0.989602381319661
6.23310096958592,-11.9205816620844,-0.296580956988906
4.36328399052552,-9.33370646263675,0.151258120432578
4.69041715619288,-8.83397281782243,-1.16193867784635
5.52180158513894,-10.0445325405248,-0.166832416549316
5.17970473890029,-10.3295658488075,-0.510887063111487
5.47734810636559,-10.0857869477323,0.405693697101053
7.22707276968167,-12.52885813333,-0.347966215925996
5.04179647222088,-10.5591632006086,1.53637122793337
5.88282337082348,-10.2942748071036,-0.0353693642482647
4.43899199204339,-9.78962510308908,-0.0351429009996317
5.79068682522004,-10.7153175600732,0.979173782831926
4.9992294124249,-10.3036047171327,-0.813483490077026
5.71850732965467,-10.2116469178184,-0.0903547357810309
7.18385655526406,-11.4647126449117,-0.247917308354402
5.11530436529012,-11.0813848688735,0.818934008073284
3.90379044315509,-8.40535525873485,0.102698165515372
5.43972474595826,-10.1251818501006,0.900241608517937
5.9099060774911,-11.3115837710185,0.155815956899391
5.11817673884543,-10.0951999794834,-1.41854413410816
7.30603766740345,-11.5921312851944,-0.827609261356746
5.86435054060992,-10.7760332403662,-0.704930147474947
5.06361533674061,-10.4202092153815,1.59754339869904
4.7595148085304,-10.8312044431885,-1.88241219298354
4.55188784570706,-8.81059748073169,1.05706671881716
5.10647136884363,-10.4023071739479,2.10721535089329
4.16981927672743,-9.05372456264441,-0.184907895298467
5.82226577542614,-10.429259568644,-0.0334119060717733
5.2199845291303,-10.3023963363073,0.344846822566183
4.72998896078918,-9.50456525654753,1.03305840980018
2.50985544938907,-7.72699973496053,0.748648966498059
4.82292561872325,-9.23468005348644,0.612685901672179
5.81619261914095,-11.6077966383831,0.206032881644695
5.83063805691907,-10.7689858057986,0.367832036494874
6.40403673723947,-10.9554142164144,-0.037668844067835
5.63016320075198,-10.1595811595178,-0.605119747758043
3.30366865290588,-8.88945010475293,-0.111198589258263
5.31265076630626,-9.8263955535893,0.0111021577653673
5.89751903514297,-10.6763349208292,1.32599341332843
4.65101710504906,-9.7653336835602,-1.06856402143223
5.80372711924212,-10.5883948206632,-1.82426913345586
4.78960362910095,-9.73706362077509,0.257082647203868
3.35767128821836,-8.77669632738782,1.48728981855911
4.80907408145996,-9.40450023351055,0.742418470920696
4.48307061989744,-9.64934553806111,0.0494733763586186
4.36094197755907,-9.63099064864706,-1.30203576962643
3.70034626353687,-9.4711254327113,-0.173441132785424
4.13811810115436,-7.87255138806022,-1.76579630553849
4.76246822308136,-9.69746877496563,0.218241805634744
5.72087745638731,-10.0899184547165,1.3616947389046
3.1888866336949,-9.52681647538956,-0.0798985562865919
3.94640177021234,-8.61291366655948,0.810544603968226
6.13496339147179,-11.358842510389,-0.997157886050807
5.20808876488734,-9.64523963069071,1.89330034679724
5.8648393350304,-10.7567926616464,0.187441841520838
4.29902589470694,-9.72546167843156,0.155033428589811
4.15715252194286,-9.47858804749094,0.990048485704787
4.81604415850187,-10.4824988097719,0.375895192836127
5.58730352491029,-10.4092912239386,2.46118918629253
2.8170554176733,-7.84579638542592,0.378897399649656
4.4516064796737,-8.69458235325029,-0.389340774838286
6.10481713074642,-11.3738602656992,-0.0938477343922557
5.24539724553519,-10.7404602029663,0.999981590327449
5.92476080292331,-10.7187821818476,1.50504426081121
5.60973524320988,-10.8246365720944,-1.60033915598838
4.65684770440067,-9.06895482142179,-0.671598378354394
6.06852795735638,-11.0557417550255,1.29451061664369
5.81286567521124,-11.1211573856563,-1.46110250193559
4.10797104755812,-9.49000248466999,-0.050482119285804
6.76263748322975,-11.6850438017436,0.752435269899389
5.07336055992226,-10.3195533838033,-0.0683951043919461
4.03328695837791,-10.4019269195066,0.0548556927583726
5.29146789851795,-9.45054307950598,-0.982448825357698
4.21113243182879,-8.8623285871994,0.414198961916032
5.2032174937976,-10.2033384953939,-0.687513764039375
6.92012877224584,-11.2246974586399,-0.726716224968133
6.72252178594627,-11.1244338876174,-1.40175513037343
6.101887159553,-10.5134380879864,-1.5739236694529
6.0736349472291,-10.539614312739,0.174889152040185
-10.1109916217574,-9.96179801665203,-0.144849123429022
-10.0444755853434,-9.94993203480397,1.07622175166338
-9.97805053701323,-10.0768916601029,-0.890609265324676
-9.98254267658492,-10.0467725278391,0.380600911853334
-9.93377808947978,-10.0142279479445,-0.130542495203973
-10.0543955301758,-9.88619626847258,-0.341726583086698
-10.1427315613139,-10.0826928453947,0.477009535504918
-10.0092364873157,-10.1313959506748,-0.469800114725936
-10.0184675954856,-10.0405867659102,-1.04285576837529
-10.0257472747266,-9.94173006726543,1.15198694766554
