-5.7730660275837,5.50475164431081,0.0700868105754331
-6.81638474391259,3.24048150513364,0.137500563477768
-4.88701938738101,5.33674358806074,0.742353986088063
-4.14411633349187,5.28626182868388,0.276501033343589
-4.32217410604196,5.65584151618037,-0.591294904581814
-5.50533323209876,4.15753411447811,-0.559289193681767
-5.9994098862589,4.28323948908476,1.135038973964
-4.7186891772617,6.14435716761917,1.63020515450978
-5.05944098138771,4.84109425084924,-1.3831158419768
-2.6626928136931,7.78379743684151,-0.0129453496626061
-4.57095332154858,5.78798227441882,-0.0478643672691105
-5.39143772241365,4.87668897819865,-0.385607823433662
-4.19683651530384,6.28801392767185,-2.01893772899152
-5.46959270812054,4.55937921760889,-1.65337330595546
-4.23885801022564,5.49036342994225,-0.539385700612474
-3.00902380728786,6.68182156453371,-1.13261422900175
-4.44727868504183,5.05262155815551,-1.11248237026643
-4.68649850765371,5.63495074480052,1.11265311521945
-5.61714263211479,4.145665726363,-0.577177519349583
-3.0748890427347,6.96621047719548,0.443574906996826
-4.64938394895734,5.9473343005154,0.0672389569926077
-5.91208758814786,4.05615720015775,-0.785331574209604
-5.35220803303695,4.72566778086146,0.354628129672615
-5.49652943127557,5.05688228038048,0.647728937580517
-4.21501910600245,5.51808270575005,-0.247701734237434
-4.47000103169186,4.98983755606332,1.61051794493167
-5.07256685985244,4.23174534319178,0.560944464832562
-5.45869747961822,4.51631151520648,1.7209587842895
-4.96427332047169,4.57469669533865,0.186901198853588
-4.69184896584163,5.56191970694906,0.317288214115036
-5.2509859763028,4.85245264035584,1.82527892190872
-3.90677598083358,6.50954396587293,-0.528055686035397
-5.42976206555186,3.67849204899492,0.330173235644897
-5.14142725217418,4.58971440379347,2.07189500562233
-5.67568177605126,4.22615880378658,-0.394721175295636
-4.35097736299127,5.30918807056662,0.874242268595683
-6.27140686917984,4.38587847194442,-0.178381597955679
-5.29790396370362,4.20853087067005,0.155660268132121
-5.10631760968797,5.03106263211692,1.37340369947191
-5.060203513499,4.36871916449743,-1.31674673280861
-5.7796756443441,4.60810218455687,-0.334952165105114
-4.72395489627974,5.23085146095828,-2.67595133905516
-4.6541818464628,5.18026669371221,0.623837085410438
-5.63127176963128,4.35512876781658,-0.259647044407391
-3.9126641672694,6.77834701655028,-1.36997838676987
-7.08532557856995,3.43155740678699,0.35500522547919
-4.58776232151742,4.78758462212996,-0.185923520343557
-5.68870087710529,3.63090275340343,-1.28563545241132
-7.579809273415,1.77156556558033,-1.19147310193173
-3.23097005066125,6.80240699121852,1.22627931045819
-6.47985344375041,4.18581922515241,-0.71003045011773
-4.93464651590053,4.81519186375717,-0.393928327140463
-5.32943674813828,4.29939121124881,-0.425151003353816
-6.09369476165716,4.6286346857234,-0.903502151734046
-4.96787922403804,5.3563317974169,-1.09812055926536
-5.10474351470582,5.0956810441896,0.848794019522855
-5.83435970536311,4.52230005762539,1.58266017516613
-4.03856774163622,5.30547977832858,-0.215843698267875
-4.87815043435835,4.86133866594805,0.374862468483231
-6.81891242144833,3.52685654138318,-0.916856588436994
-4.38992922281342,6.17237825109905,-0.200220603342695
-2.95689045673492,6.55619367565795,0.867722760420402
-5.54553103973038,5.08169067475582,0.477051330752662
-6.55200419102886,4.29283937783321,-0.431692311695974
-5.64320546654712,4.79802787971315,0.884126311295493
-4.06583034939481,5.65543532311482,0.365435536893473
-5.94948401933469,3.70979040491788,0.354062669103025
-5.29981055235613,5.25048923515794,-0.89147561963475
-4.17724614211793,5.53151695670607,0.139557815681867
-4.2569398802005,5.45650088485408,-0.00627916323063629
-4.60408953330497,4.88264786135621,1.20928528642896
-6.21753698497886,3.98724551513416,-0.339424682802339
-5.12628568663503,5.61329405069648,0.745067423379779
-3.89795180022671,6.41280388110053,0.833192616324144
-4.88514756917508,4.60441954037271,0.523384173788877
-6.20359145064563,4.33536111918701,-0.00110866910512292
-3.58556616440077,6.54859445472319,-1.5925545172009
-6.37418403926487,4.09272086115393,0.463259131070433
-5.05644283158437,4.7485824430476,-0.0111090587990115
-5.40062693199388,4.39239810862541,1.02185544837268
-6.71073165877048,2.87153862877768,0.307527533381249
-4.18038872301821,5.99489060484624,-0.627693868470234
-5.96725680300181,4.61241733395952,-3.35722966838391
-5.12224790900204,5.14421586792747,-0.31338939886285
-5.64079058298986,5.07703136927989,1.81157339497744
-5.313483515214,4.33002384798397,-0.0742920424302999
-5.79595500920722,4.07689538303776,-2.32688383732089
-6.74463293417988,3.8690215612798,-0.100988338343517
-5.06510734416022,5.18159200326956,-0.247865574277227
-3.67781474821145,5.34836968850678,0.21493514889385
-4.58782513685615,5.17795173184793,0.573090848661424
-5.57596003897493,4.33533231759678,0.652503198583564
-4.9094340972449,5.98268112265708,-0.961697145190871
-5.71259733243706,4.23441080809644,-1.12815641401265
-6.31038417227311,2.83773379310637,1.04934717828629
-6.00287877898066,3.80799367780687,-1.28501456759899
-5.36129092274735,4.49652937854084,-0.984293014950607
-4.57882224233163,5.27879433222955,-1.47181817985567
-5.29160542469775,4.36352201797569,1.6532395507202
-2.61784797456704,7.22081870244677,0.909557806403066
-6.48987440684607,3.92368942539763,0.679208290441836
-3.42985869652996,6.6022941151952,0.736157075092848
-5.3481144855806,4.65915929835108,-1.07237561315025
-3.71446867602556,6.25666701663066,-1.83549029109345
-5.97991702956097,4.1636243433367,0.829225227764545
-5.13004776523276,5.09271552846385,-0.400663708890187
-6.94672739254356,3.83180816857086,0.550581003566613
-2.29586944716279,6.59214477436969,-1.17223355780528
-7.7579738197563,1.90375808724513,-0.576570707666548
-5.58514328965498,4.24911127611758,-0.531496598010533
-4.99995434262113,5.43257159474197,-2.27186538891789
-4.79667869658764,5.02159267066805,-0.592910561534174
-4.34007658270071,5.0420395984623,-1.46582383004687
-4.82419727385208,4.88496674686733,-0.290001937805825
-5.40980159528091,4.60555006770955,2.24823719879187
-4.70254971627981,5.16908779584572,1.14517968824902
-6.89816724331257,2.41634502009333,2.23781698633325
-4.95598235467934,5.84184935312442,-0.76244308821602
-6.82501393954577,3.99170029280969,0.365443771970682
-4.92501735398815,5.15776228657199,0.0189138277149089
-5.33414721723909,4.17110933199596,0.434064084198632
-6.34897199538565,3.55473769827054,-0.00687851498390171
-5.06867796631231,5.04154082051731,-0.53032396316203
-4.4273531050838,5.71426152949386,-0.120391405379288
-3.61360444603342,5.84871255796425,-0.209296242388608
-3.31068385909827,6.49264151906373,1.22640342199746
-7.18872316041185,3.2848241895549,0.53871799334933
-5.47120424042462,4.52386538159578,0.972636797881878
-4.50216697467648,5.34627469466963,-0.816783303042488
-4.79676878172467,4.99976660697742,-0.129097060777179
-4.288560176041,5.45219916947408,-0.511363360852414
-3.70452714946249,5.68311684264591,0.219104798506326
-5.2249133908824,4.47668365622886,-0.00179098904877411
-5.76879727585367,4.59945171650601,0.267600375497524
-7.81720288619478,2.8506698832169,-1.44750519799782
-5.12873344711411,5.02452006621773,0.168587830274301
-4.94567034245237,4.94390459153346,-1.36320951822304
-4.694134189359,5.45850047015125,-1.13900956009209
-6.25527216027775,3.03208129979483,2.49941378543939
-5.068714579947,3.86675811248462,1.65406400226201
-4.36122037998603,5.64386749478394,-0.992652174519551
-4.58142942850544,4.34426366511308,-0.532593167710554
-5.56725234965219,4.4265194384286,-2.30739507439788
-4.04209990567633,6.00118992414851,-0.762600946978785
-4.57062760944885,5.22519209389727,-1.30248791647704
-3.93242209744542,5.45061538367334,0.71997283822092
-5.22163033090289,4.6845054805743,-0.997862030474332
-5.16651618705686,4.40095324968059,-0.976298917493477
-4.39910531903034,6.19405249437545,1.8829331665089
-6.0559082463482,3.82817014916909,-0.503419273631125
-7.52732594840798,2.30452390429117,1.58659961396951
-4.37777614002802,5.85593512629952,0.482456494870521
-5.42425019383893,4.24944393198091,-1.13755636455355
-4.98720247539983,5.16211544788317,-0.227456379207872
-4.11734970902997,5.14991815393865,1.25727180875428
-6.04009392403266,4.68958718767876,-0.532257507383708
-4.32328022894512,5.52858015435043,-0.0565863632492118
-5.53069075971902,4.58340708798895,-0.642542511983633
-4.42694031498684,5.5200505397465,1.22199838639028
-3.86991149456352,6.39643977132093,-0.0761416598911449
-6.17027832226451,3.28822604622673,-1.02169077279031
-6.85418753958176,3.42859170837287,0.509892972414867
-6.33813646863359,3.77365799414777,0.429091282748455
-4.7460030307724,5.21473667642002,0.210648782006604
-5.13500862802047,4.48440564661981,0.692961501972017
-3.38247293601759,6.99610777463719,-0.646133190011301
-5.28003430098488,4.97290811720089,0.285219613679539
-3.87389083904571,6.57285248026761,1.04385223298519
-4.69636172624853,5.46906245055559,0.172034105184103
-4.55524491501401,5.31660551473359,0.0942754367993006
-5.18636565652011,4.47896058884668,1.46387180040676
-4.46352963168831,5.66520976687795,-1.44872555240484
-5.45352757392812,4.93809529707947,1.54069506671662
-4.57347247079734,5.3624205063654,0.571958149098105
-4.055896397306,6.3167965517747,1.69996096505685
-5.7852316340068,4.30061309746935,-1.13495213101889
-4.6558104291089,5.13550856453369,-1.73232519890251
-5.35284012857439,4.40220732263144,-0.863424282878479
-5.164186980432,4.76533256595541,-0.112637249991499
-5.85698829220556,4.2082648859759,1.5464574418294
-5.90251412716486,4.14657523397636,-0.0986421702997244
-6.74034416869104,3.50259113619598,1.72876753875225
-5.07533510051323,4.57068719100092,-0.363992639106154
-5.71216722050438,4.33242182962915,-1.03694087623204
-5.1155617245829,5.58560865231562,-1.18878796172142
-4.52252446819635,5.83973926827652,-0.174612890237548
-4.91886569900262,4.25998294247421,-1.62456198412798
-6.50522440356029,3.21188937327779,3.64644356120317
-4.35151017109638,4.77845835172254,-0.601351123369039
-4.94682030302709,5.6862845948136,-0.171865589224094
-4.98952196961317,4.9826746020303,-0.603076638531853
-4.08956244851827,7.01410016617703,-0.662882962355619
-5.1581134756943,5.00220783889455,0.44042379684386
-5.97301002125649,4.15979906184245,1.61506096843452
-6.54140948860574,3.90013261412559,-0.800178909143212
-5.00502959498071,5.41233265449896,-0.418356569721826
-6.43407234456651,4.57837341474019,-0.620554059575695
-4.79832112156123,5.02529338051847,-0.409975805560551
-3.51667425720183,6.60513196684779,0.240154375600044
-5.84647383647101,4.46599171067512,0.357903730604845
-5.32736090294938,5.35428024332476,0.297744921077673
-5.69363828104817,4.79448916884596,-1.17890231366787
-5.378032925971,4.79000836680789,0.363830756026526
-5.81580339433204,4.29480885536659,-1.22231615853996
-4.6956808988056,5.04208774666525,-0.312140764362089
-5.95362257387453,4.5623017669214,2.10697192411541
-5.80673418882568,4.33387771484962,0.234569910955867
-4.77176959626632,4.45847357087167,-0.238016938798305
-6.15044234038883,3.57716531445917,-0.743883481933768
-4.22300335828681,5.25264346220404,0.638744915659215
-4.23470759801552,5.68140657363911,1.32703296913211
-3.74849505765942,5.9917702848828,-1.60412199812824
-4.04523786521897,5.79926054129813,-0.474538736096698
-5.69620993707857,4.10247430151595,-0.862774718250085
-4.05408752718347,5.70694510642096,-0.475398902159605
-5.13004800374324,5.09327489869595,0.26399407730789
-5.13899888025199,4.84275063204961,2.04676845128633
-4.85893253716471,5.24443914393303,0.161192655073531
-5.8755447484808,4.37666056874516,1.01817767548702
-7.34127082488561,3.43185087981347,-2.13117497606176
-5.48472976917403,4.20815311751551,0.320808690926868
-7.10204927684805,2.84438256566099,0.0806274653464024
-3.5253945195127,5.94185755024811,-0.017851170022821
-4.05711029468294,5.14704646808294,-0.447137863416313
-5.25618410642904,5.14240920803864,2.03507181681339
-5.41409516002808,4.37498154538548,0.119426238876278
-5.39060897153551,5.10366016579075,-1.42988496552959
-6.0494923057298,4.48523920734416,1.5221343751741
-5.55200537233538,4.65592776456586,-0.0741127733342944
-6.92380958161618,3.52649931829185,-1.01551703355753
-3.17694413229216,6.21724891657615,-0.472773414043639
-5.92613526661362,4.33088780963334,-1.17395328122072
-4.63754502167355,4.9145314084009,0.849736524688386
-5.24661053136664,4.97723893529095,-0.326965977222703
-4.9133985461888,5.67673310194573,1.81706622604965
-5.64315055587186,3.95478663640669,0.102935550702937
-6.23756657109288,3.828858127987,-0.703686893256027
-5.0703067822816,5.60092208571625,-0.952416924173852
-3.87207949801669,6.39036031098378,0.686487944059724
-6.89263075466994,3.59801563197105,-0.679857249276042
-5.42194122190323,5.25697433213228,0.651423125932087
-6.20093192094985,3.53500899942444,-1.20952758802124
-5.25412797706556,4.95722825755586,-0.162410949902142
-5.22712399262883,5.18202448838466,0.24067313875366
-6.60893675196349,3.1199807592323,-0.34115462179015
-5.01177112064977,5.14076119418042,1.68542052072369
-4.29126162377102,5.10392421748624,-0.485451955296061
-4.98618071370387,5.7146822769126,0.741707483156734
-5.31053762752293,6.2100542411575,0.896694173482997
-4.70453789628434,5.78035924191344,0.581636212655077
-5.15727724516019,5.47096681507008,0.811049534847811
-3.6247147621982,6.02017517860877,1.00848602691074
-3.58077252557531,6.84649272967438,-0.100568364579826
-4.34940409292277,5.17923740129831,1.3272619258801
-4.58152156156715,5.06044414357413,-2.77066776182446
-4.85555856112068,5.09360421844381,0.328334415120098
-5.48895516021903,5.02982161655039,0.0983803319077708
-6.48006491800261,3.4720608779887,1.83587780251689
-3.4847802699216,5.98006576736111,-0.417446401032785
-5.19689405773202,4.86450662337764,-0.634142330330825
-3.68098975586965,6.52900918918504,-0.591449527930079
-4.21182526040318,5.41036146075959,0.0123907502193687
-4.21002178206479,5.7672653421781,-0.158225154869947
-2.81763723653815,6.73533698315639,-0.0104646805594262
-6.69518347589167,3.52398633283382,-1.04399066527279
-5.02092915902916,4.58119027847707,-1.12886049760176
-4.60021805265577,5.78028065541642,-0.335748659513227
-5.59974694215153,4.42393977710356,-2.2452673598884
-5.36612729964643,4.85025324054471,1.70513194295247
-5.05157717576734,4.41004558408927,-1.72296675639699
-5.30583024320983,4.76181127837884,0.0702078790076926
-4.86720251589814,4.31341457604622,-0.0568385154870859
-3.4635462707088,6.49138123735754,-0.858666232623034
-5.40546133769883,4.39270530755431,0.728498129467814
-5.24226688960238,4.97411467067236,0.231717975473246
-5.69845505163626,4.6343131490819,2.26478301032892
-4.75873054244329,5.50652154488947,0.857663487284015
-5.61906977916602,4.7777517081543,1.37702172195756
-5.54407814305198,4.04041142432728,0.354588591255637
-3.69909672778,5.62564106698609,-1.73114483935469
-5.32342415912702,5.12530352727024,0.721233837893691
-6.30993127313541,3.74645057557574,-0.430489060808179
-6.07206737215216,4.11727723726427,-0.254377596522272
-6.15090767014777,3.12548451082528,0.319588665809994
-6.25984972268595,3.64204372164513,-1.39802181152817
-6.83844086654597,2.87881213078416,0.723651565643124
-4.3023516298287,5.44070691677399,-1.72689593902704
-3.97977219438889,5.83770669229275,-0.178709902269805
-3.75296677285904,6.10801566223831,-0.2271856849923
-5.00359393859363,5.06673408911595,-0.286199561318611
-4.25107918793296,6.03901769346382,-0.979451785097523
-5.59207729483096,5.02695111285289,-0.325839732659421
-5.1503973777882,4.44171821677094,2.15538416028433
-4.51739876799409,5.80078105500539,-0.964566588826403
-5.04197179225599,5.48892876985162,-2.08952863757839
-5.87293186801106,4.6311117043304,-0.573719208574206
-5.56946035310197,4.19613691431387,0.40631132554169
-4.40254831610793,4.9559177378388,0.269244780845446
-5.43929370163104,4.01394251412844,0.555921873156522
-4.90510352489929,4.58546159751271,0.691713923543578
-5.13738902029372,-4.66406328924435,-0.0375517050800686
-3.04586850666757,-5.61565126651399,1.33742344872552
-3.16309801609246,-3.34291740296883,-0.997110111718898
-5.44062346527282,-4.98290707239892,0.34591167876834
-3.69037872806001,-2.4326550372853,-1.62765017604613
-4.39326935461256,-2.31431042943825,-1.25344399855041
-3.4076755900578,-3.15886117821782,3.18488258574205
-3.09122774780126,-2.66399177532874,0.312057101743444
-5.34703400726255,-3.5979800246207,2.23145244031275
-3.97733111599599,-3.43377105476496,1.26604573386771
-2.95096865662827,-2.62862668701812,-0.647106055440244
-3.95412719664771,-4.10937330921449,-0.358827744509431
-2.44396774572022,-4.01967768713025,0.541489517139068
-2.10082324450481,-3.90423696856577,1.49516505016286
-2.38056244037817,-3.29895676610239,0.0896887747500673
-5.74463205882074,-2.90769676846806,1.51075889425233
-4.73606229795832,-3.86155176526382,-0.557071125091641
-5.1611461237446,-1.19021394839056,0.57765328291759
-3.9118432600925,-5.93773588000315,-1.01762593965972
-4.27999691014835,-4.17791066975098,0.259986410621297
-3.67652848806987,-4.51204636386523,-0.691305879418549
-3.59770447305327,-3.14681400896159,1.59839176688746
-2.09094777618628,-3.74246457451176,0.386488883300042
-4.30585383514825,-3.01598284641126,-0.82680985817157
-3.39711625711334,-4.37711320490473,0.195158095986599
-4.28279766743606,-4.13536716852528,-0.0184421595494968
-4.00761029981562,-5.24923955402491,-0.159680966068124
-3.32502239835309,-4.06416824714314,-0.0458741324088158
-2.97963535133978,-3.23306575826519,-0.517555790913566
-3.32273612604503,-3.9192696492508,0.737412826613875
-3.76267852886988,-3.21581520171316,-0.358674815717116
-4.22735406047419,-5.26858137769558,0.244983467427834
-2.20997796842565,-3.93762719318115,-0.230270942134009
-5.03856560465416,-4.00417142814148,-0.740577472485935
-5.80676754770553,-4.15047747285619,1.12582008112419
-5.15955916732188,-3.32205840107458,-1.28179583322701
-2.96621529115909,-4.21333836745235,-1.0879457479735
-4.09952702100929,-3.66353474920158,0.142440915915847
-2.40274118993111,-3.7400516242735,2.30735697149993
-3.68093737671658,-5.35257913607757,0.572037673299718
-2.29221432458699,-4.50177894369115,1.85623151867559
-2.74895921520182,-4.20654259526499,0.192783378298647
-3.65607423525306,-3.87301779943139,0.46064834924055
-5.12345209440698,-2.18365413103692,-0.680281945138921
-5.07921562938894,-4.54524813217803,-1.58528568526221
-4.65372604386583,-3.84830490295527,-1.02656186864995
-3.75506937082647,-4.40471022035706,1.30054231662987
-3.31547434584348,-3.81171351357122,2.10546495048972
-3.58996684623658,-2.67920762508575,-0.958968263781525
-5.80470768177772,-4.44897550366358,-0.175491706596222
-4.56275870396732,-2.42256245151877,0.338021085688988
-3.65572088714699,-2.88905050160706,1.58906921991057
-4.5820334861778,-3.43548388119954,-1.29917510789866
-2.37424089879183,-3.65533628432116,0.332910079594624
-2.46312045258124,-4.67648343973217,-2.08221367825182
-4.59092857692832,-6.1002310690534,0.710754522861183
-4.03151318198291,-4.26904473358273,-0.922011514839212
-3.34251343180242,-2.7918845766986,0.314722155700038
-4.0988145787582,-5.01485502155489,1.48974682609198
-3.14307252869342,-1.70128534746425,1.41107966989386
-2.04353119303289,-5.13771342024363,0.761977504495523
-4.87982092600016,-2.81137543318499,-0.633245396475527
-4.04386060053592,-4.09374141590676,-0.0411836431739558
-4.21332163571689,-2.9518416816827,2.48503138152212
-4.96043279938475,-3.90874429235984,-0.738870428519129
-5.35155184641545,-7.09232938972202,-0.107715764660983
-3.14369559760441,-3.22444619175141,-0.286452641551297
-3.59275622941835,-3.23070694864909,-2.10678166169596
-3.01711008822461,-4.36384572854794,0.346537455635363
-4.32776853017839,-4.58295821387266,-0.349481670067515
-4.77111768731715,-3.60814819139033,1.12853441273213
-4.56292516084681,-1.85806071876238,-0.254628504537886
-2.91102248416034,-5.64040706791079,1.44641047956037
-4.2131387330764,-3.19859647671336,0.496425483149157
-4.85773812701571,-4.49948326261526,0.837910860735359
-4.20861110752567,-5.18625795265895,1.21046293070294
-3.5263241743193,-3.52145605776933,-0.538435648162965
-4.95350361186237,-2.62981364497543,-0.930388639354583
-3.79724292889757,-4.2332693204685,-0.180855364557414
-5.89637059401571,-3.74049483457589,1.05902251862925
-3.85811364830384,-5.18620488441401,0.703177120427256
-2.84639597412373,-5.1441129482882,-0.695857585665251
-4.97261594336516,-3.21668968860548,0.257275460842093
-3.58623530760689,-3.84353876677851,0.109942879281401
-3.93055067922537,-4.05039588360238,0.514119301664804
-4.06397979760545,-3.69992331825557,1.43804340928129
-4.93487932590262,-3.98621037366333,0.384953941105194
-5.58486778769254,-4.96309659585538,-0.674277148406176
-5.65412913859376,-3.07485318764155,-0.288179461899845
-3.9141933514277,-3.85710385470354,-0.90862290477699
-3.83474740028613,-3.04038967307174,-0.0329995141309695
-3.49581912824232,-3.43301863862218,-0.9705384728748
-6.31191954698617,-4.50754857891123,0.0921556230959221
-3.45052573224586,-4.17450166967186,0.768302165553318
-5.20778642735697,-3.01353165132038,-1.3227098738786
-3.77837403011026,-4.36985487986686,0.486654957552459
-4.63511238168243,-3.19064297669292,-1.22882994837276
-3.53642710835237,-4.10833790910241,-0.655992319736896
-2.71246341060295,-3.0529423149231,-0.839398305465964
-3.33044718303542,-4.22902670982125,0.54171733750313
-5.75618706579316,-4.65727148955525,-0.204209755938164
-4.68334626418209,-4.05826817097077,0.177773106520604
-3.5993194599563,-3.64183437750214,1.28324964964991
-4.462149369051,-3.95833229853919,-0.936357032959412
-2.44173530444951,-4.82585750892778,0.375056894480319
-3.29674655090842,-4.25153689648303,-0.162204781213806
-1.93897764018729,-2.32156107941983,-0.239350914070448
-7.03070255553407,-4.37157531825592,2.13804410509966
-3.77251822966206,-3.83992391822811,-0.757754227487124
-2.8919127994524,-4.30385590349103,0.289072718698721
-4.30950805538213,-4.98143762351495,-0.914656129069449
-1.38222227500837,-3.14015383126519,0.232701100779053
-1.52071124305772,-3.32657921530042,-0.775011719576809
-4.00232058736173,-3.31134499585302,1.23367574640453
-3.72594008005376,-5.09785656015855,-0.672759841098654
-2.9931779963829,-3.7092834877249,0.218355916975986
-3.48274822544149,-5.84563757059634,1.85399313177958
-4.49556880544878,-4.89140702183381,-1.18993050065954
-3.41676149751443,-4.78323456320929,0.179374844007741
-2.07670466770029,-5.35759298601037,-0.385122220658758
-3.54939238280131,-4.14153230449461,0.507388721898889
-4.45298246320527,-3.36346999648382,0.294431647558583
-3.32643910015854,-3.96255543249414,-0.74714391025231
-4.5817715976346,-3.80860890703052,0.977666832361804
-4.87016556791016,-4.73814444355596,-0.604502502974746
-3.43905044853909,-3.5203118683131,-0.174698362123371
-3.5230699760217,-3.75905553176879,0.0411862927583022
-3.29524545935853,-4.88257713105663,0.338034068242433
-6.10953942995927,-3.99341234557509,-0.986358173529498
-3.92336373129636,-4.21216701788048,-0.407280293665926
-3.73378228899679,-3.80161514040435,-0.667494487436297
-4.39577532734015,-3.31185516316365,-0.670412471628085
-1.98423436610314,-4.11268955150861,-0.781541815830049
-4.90435718395957,-2.74410520002385,1.67628036864513
-3.66277875822363,-4.49327780272326,0.0813962177096902
-4.05987320723098,-4.75414954886362,0.205878939999897
-3.40958552518236,-3.75802338366964,0.154122300811693
-4.42861079953369,-2.29173626310437,0.574513145805774
-2.86501794093516,-5.08733006945503,0.48830910700095
-2.76631518354554,-4.00674545118828,-0.301324310621556
-5.69827875297157,-3.40031513597566,-0.514109738938851
-3.54396449426326,-4.53648143119388,0.119707714341338
-4.06878073005057,-4.6650878396722,-1.05056532648179
-4.1595206760461,-2.92370639437442,-0.262190400665754
-2.7400118977431,-2.73496930369983,0.293714721854375
-4.44075634946381,-5.63736707639989,-0.773134394962506
-5.78789804153257,-4.62788461622253,1.18965735564896
-4.22348914601048,-4.44656497529898,-1.02765218355859
-5.72489091100441,-3.47420054691252,0.528093789485305
-5.43563223428797,-3.57292513202439,-0.582631050631935
-2.62971677072616,-3.36127412411735,0.443779332560615
-5.15843309870167,-3.30360957715265,-0.257185981253829
-4.04668540625342,-3.70627849659935,-1.47405300917791
-3.97155553328766,-3.81349927924029,1.7049024775711
-3.641725323226,-4.0372144855902,0.063717784128276
-3.04729799188984,-3.27844124648254,-0.378688419160282
-4.5182833569946,-3.91541824372927,0.947199639844948
-3.09130815715123,-3.24593183243282,1.06996212332919
-3.21712475369923,-4.80468800058944,1.35609169293203
-3.4839508240916,-3.8470216174103,1.15648168694153
-5.58054373979879,-4.05000140147712,1.44301718900298
-3.94683666379426,-5.2341514982225,-1.83746987843267
-3.05930340212685,-3.16700273416604,-0.10491501265287
-3.80341788434246,-4.20632475949764,-1.34168067199938
-3.8983754311207,-3.36597568485194,-1.64793306532501
-5.12792571136089,-2.50944359227136,0.0339893306748387
-3.9618125114817,-4.75580126436719,-0.276265357092285
-3.76996417351575,-3.37896719107613,-0.269684497483822
-2.77193789911638,-4.3568446581595,-0.417618173805516
-3.46349171425228,-4.37546299818329,-0.491313833712456
-4.85814870901647,-4.59949700078474,0.804600999977541
-3.71326351271084,-3.52665885741855,0.81089526464461
-4.03112857637591,-4.40232673383337,-0.0611633873123929
-3.73682775934201,-4.8813116366188,-0.27341808838482
-3.8780264717281,-3.00112899132673,0.190290982087379
-4.77392141556277,-3.55621177455929,-1.27033126393003
-4.50168648406415,-3.5624150501315,-0.376470824161606
-3.93667154750449,-4.02626076398836,-1.62764743413713
-1.5590498445739,-4.11304907249281,-1.52195377190587
-3.97404942212524,-3.92160675180532,-0.243625370331303
-3.92604123597599,-4.65899355908939,0.341270752159385
-4.66580026652154,-3.31173639466668,0.876196179402651
-4.68825993861749,-4.70311835997699,0.840558589781075
-4.62182897181102,-4.39253644139819,0.112419933402124
-3.99011318864117,-4.33401323342799,-0.076627658137683
-2.90453117722438,-4.11919129085223,-1.1279407717814
-3.45056179866857,-3.07195631455279,-1.62788510632698
-2.75252002344357,-2.76759626960185,-0.394024811296974
-4.13705604728675,-4.09115858288368,0.649273181379164
-3.52226749681862,-3.49415552699689,-1.34576462833942
-3.53006113400281,-4.67632480168797,1.23825637379667
-4.07047263333977,-5.17464546290082,-0.0805836987784112
-4.91241958583318,-3.30889303726274,-1.01514358152947
-4.08062375135994,-2.90718733641752,0.70285588641623
-4.08952752695994,-4.76331426766125,-0.504700041033175
-4.93459953404717,-4.84084412665706,0.0921254852740042
-3.28858605523521,-4.18857139555231,1.02323517601531
-4.86214477493385,-4.00658751121074,-0.99288413344857
-2.8681216665952,-5.03457483631638,0.0816403800366754
-3.28270475487957,-3.65427102888315,0.856960506771084
-4.53445394856071,-3.73261461469044,0.916506390204634
-3.58216276529773,-2.93609015249009,-0.500660005667647
-4.85493220753099,-2.65212043760924,-0.663886877380811
-4.17012708956116,-3.19939146244907,0.298886495134557
-4.91704269631955,-5.62089118351607,-0.0223999308405079
-3.88399493770585,-2.69772695565815,1.36506983303335
-3.46813454033917,-3.54868214793094,1.20320798317893
-5.68710886423911,-3.60750281115248,0.297891552814917
-4.73769323906035,-2.35164326199917,0.777748972804715
-4.64986206163063,-3.49303682326925,1.16111567604754
-4.71371623774335,-3.62448611180064,-0.00394601193659602
-4.08894795194303,-3.58880783358464,-1.48403094624324
-4.42683570249616,-3.81124442107021,-2.84392081376752
-3.39942262753305,-4.88423830790777,1.77417300270834
-4.77514994541452,-4.13120017992811,-0.515661791388153
-4.31420478880945,-4.86248120103915,-1.80750466134444
-4.03318997036246,-3.12378875748004,0.574554151580478
-2.8062882180959,-4.00392238992242,-0.377520796205712
-5.94037108840989,-3.04806236117453,-0.300503336424214
-5.22708743612163,-4.67052762430065,-0.420531152146337
-2.81936098568739,-3.56578147925272,1.01687599031229
-3.81895672557603,-4.00760599250543,0.878186192102947
-3.99466314849715,-4.52698510622882,1.40591261420573
-3.30578339801514,-3.58772199194596,-0.634048142661648
-3.9864500879782,-5.25608573111263,-0.897856192583299
-3.75806527270733,-4.14998419595822,-0.681023108478752
-4.44092791914036,-3.92668715816187,-0.326105129496777
-1.54011309516305,-3.27280850125217,0.88823546711891
-4.13401571305381,-5.12981064664786,1.32938727288115
-4.0126895704843,-4.72922262724912,0.16350047988785
-5.26624224059189,-4.29919094301091,-0.60907766793772
-4.01631880790391,-3.97199851301357,0.901132740854139
-2.78284339347147,-3.07407286242524,-0.331606037480277
-6.08282404846924,-3.80441952798245,0.212352924472436
-3.89585859480821,-5.31598611553727,-0.286461391764613
-2.75661059464606,-4.33301055526745,0.392460483701726
-3.21224445175803,-5.45273780732585,1.62812131205589
-4.17181887661785,-3.00752648677801,2.53703940073146
-3.31978076250655,-1.74516792349912,-0.417683332995798
-4.11460262895701,-3.94110982017459,-1.05129641349545
-5.33270541368099,-4.22450085446055,0.0779363125985756
-2.83630365498641,-3.5265120004195,-0.367630554607903
-3.94974861886406,-4.17377257186352,0.473483592641046
-3.98511585796529,-4.97047252523511,-0.990554483616585
-3.41643719719,-4.64392817886038,0.721195228847134
-4.1490861777138,-4.83333402692006,0.805025987703733
-2.20969767798546,-2.7498719030498,-0.680730394052473
-3.55620247369062,-4.12905245750638,-0.163635380947048
-4.29638537900304,-5.46556810871103,1.21390213610656
-6.74610569251952,-3.91083248999038,-1.16115340398481
-3.64228805252595,-3.69854975846616,0.0349904447176508
-2.16895810862814,-4.83712020143722,1.43781965893352
-6.2002915401812,-4.3136351358043,0.21186713422495
-2.06154792838206,-1.8864643398973,-0.520033933611035
-3.628077340464,-3.65683297905803,-1.42386297300555
-4.96551955871028,-5.99500693712187,0.00744283423219097
-5.49514606586526,-3.99703831562579,-0.481032896347097
-3.43048622199547,-4.56067827419454,-0.898859148163327
-4.31522179013118,-3.77758462211425,-0.37590320904732
-3.56247258037705,-2.32565398774657,-0.75575156111035
-4.72986385927921,-5.27086270046453,-0.485443553558384
-4.20131997718503,-4.45959287256177,-0.730363834476375
-4.20213973680189,-4.7911609874912,-1.26122281419521
-3.36415537016022,-3.21222997445004,-0.430777750866179
-4.14330268723442,-4.28028800583571,-1.14350237369013
-4.98299676010399,-4.63796647716129,-0.631713432558739
-4.72564539505929,-4.83583845993591,-0.766385405892027
-4.85095721624769,-4.138996777054,1.30408853772434
-3.57691963216811,-3.53161033674968,-0.432314318628379
-4.90525526541221,-2.22140156166919,-1.48470541726446
-4.0958342834989,-5.52688319095272,-0.614146132163513
-4.82417529842145,-4.43243394247665,-0.132880149120834
-3.34500149598478,-3.34157215498188,1.24648821969516
-4.01072368079177,-3.69310573837468,-0.43163435936746
-3.6176191859359,-3.86078469750443,-1.28864432818408
-5.25668572628203,-5.03834535687939,-0.994939339835191
-5.04457760918294,-3.57621352651311,-0.710220549036313
-4.24691782636253,-4.27591886354221,-0.461945748990186
-5.55624165818196,-4.32275984709637,0.810746674065602
-4.62867094121724,-5.86684854544729,-0.064136901899993
-5.72941114256826,-2.88908420346589,1.16586020806498
-4.87897357212013,-5.57704275974727,0.133744333594766
-6.49675232752103,-3.75834352208819,0.910669658393096
-4.88944645068372,-3.36079097622818,-0.744966988777111
-4.03477431187995,-3.75592622912937,-0.946488274034065
-3.02865686452478,-2.58992053096162,2.60121057224645
-3.30183008145834,-4.04218935414663,0.648678104745303
-3.52852815011532,-4.50806111401784,-1.22602378061172
-4.3027376980547,-4.48206247745874,0.234344786240027
-4.36743662091753,-5.67596103193805,-0.942790915046332
-4.86120354966481,-5.1658137903539,-0.315633838447935
-6.14778545556398,-4.62189853867657,-0.172622443637375
-2.35412717246243,-4.64692583247283,1.95602436911268
-3.31223440707845,-2.83012395494127,1.54720478470714
-4.89099310313266,-4.81434246193144,-0.379873013090566
-5.449070742716,-2.36921712577982,-0.452367870707845
-5.80288266044777,-5.71529108016822,0.45584407055635
-4.75611797547677,-3.08008571633794,0.42636133861488
-2.95869282362301,-5.30262232958319,0.552882556308356
-3.21777616732258,-4.14926347603195,0.550637575616801
6.33233500512378,4.63916101734023,0.498396154369013
5.91819991513877,3.24682354195082,1.32349837226317
4.34857880549168,3.02433722255792,-1.77087510977372
4.76590465623674,4.29615487847614,1.55617106583724
4.32378778365702,2.71835035325106,-0.637427713840371
4.34402456474796,3.61307436776532,1.32284022772039
3.75618178743194,4.4334975190885,0.552252820277291
4.37660229485051,4.84492564597643,-0.427365275253595
5.74534217638015,4.69032452433277,-0.9281269385614
3.35916364229559,4.45237083364686,0.656065712123229
4.53035110980811,3.10966130585559,0.534107720264629
4.51947659315705,4.0097725745702,-0.0760904097900342
3.8034490802461,5.76737862589861,-0.194314829789053
4.92872382576557,3.38727316145126,0.174340945044627
6.64969959274248,2.97105696928907,1.512748106419
1.76252713444497,4.33908953918013,-0.116151141504371
3.46556104942996,6.12257069374641,1.79563340895409
3.05729516166616,5.64791066681821,-0.961291719942512
4.28818827729135,5.54114855873488,-1.26478669269656
2.93497739099454,4.95733348243582,0.406618452810726
4.89144329415426,4.97840282918155,-0.818877193570542
4.32665769111928,4.74219729263065,0.797349018742987
3.08478395719598,3.8565957546376,-1.20611099263056
3.50319018708861,5.09450220568518,-0.539272795058079
2.32011216327958,4.45870968826635,0.665266004356887
4.71542804764214,2.86127776198747,-1.41841886653248
3.10973527417999,3.33187288571006,1.72186291536357
4.15429736817329,4.10254091023997,-0.153049348330495
3.75343703327765,4.13970243158096,-0.180680559903762
3.80053628408085,5.67617983656166,-0.453541224421838
2.91768541623453,3.22227327270913,-0.156997570907966
3.8385433834445,4.50594337548025,-0.571106785854515
4.04219144075671,3.55536390162012,-0.330716027590157
4.77995526648961,5.65958947861113,1.75407090658737
4.59055402505343,4.80207983175785,1.60253480649918
4.21268553336919,3.18977920528384,-1.10081477481728
4.2945263646548,3.59069057122247,1.26597927153641
2.66663808362823,4.48417768074245,0.607565095760184
5.12546425170502,4.2492384987463,0.0745525766146742
4.8413083618666,4.53908655598992,0.0552235955071181
4.81074483562633,3.5427973470857,1.94891578357436
4.56410879207592,4.57370555813961,0.758849875012448
2.88689202831668,4.55421207403509,-0.17240619658579
5.61315979823315,4.84783839120902,-1.48477063962557
4.35063730057727,5.39359521742573,0.512377089314786
4.64997859142535,3.77015516665627,0.576114526566092
3.39688505266676,4.66151554634002,1.02386871257312
2.72935378548681,3.99414874949042,-0.0814129304442459
3.54023048841705,3.35425786866701,1.26233912374852
2.69385266982929,2.97326445791155,-1.26975544646643
3.79475151187066,4.20327760748186,-0.866040499129049
3.68993609586407,2.19832331215345,0.955893976472856
4.09558960655079,2.64049693758975,-0.558085287000227
5.83025366862251,3.94198662316302,-0.579817830804252
4.13460354184957,3.3853729261129,0.407295704983138
4.28265971548543,1.8551284557772,0.100307488035034
4.44384612435651,4.64183421198972,0.161922261859157
2.15491012168568,3.84148466213225,-1.03455064964052
3.62651272055062,2.90616575547781,0.835306382481213
4.25922583234789,5.30747741831038,-0.769203360891015
0.970522283665489,3.8993889245971,0.165493629859973
4.81344271154941,3.11048644917481,-0.507478602241883
3.07621271143043,4.14750820841668,0.373157786165669
3.56025130268337,4.49555904789129,-0.29659351793889
1.91031639545023,4.06094122263351,-0.193833426677597
4.87276494482664,4.0241334008062,1.40421114468879
4.36777569028111,3.72228546203774,0.0865479763791505
2.93290773788708,5.16151285465564,0.197177899633279
3.62707769294127,4.43867958899596,-0.88610822150501
3.45341610796278,4.32898917279941,-0.578805624859942
4.33320206930069,3.84401874649285,-0.0454702402794682
3.25650015190037,4.47681054307368,0.337543457219256
6.71266442185985,2.74058760128455,-1.05323624998225
4.29978385917114,3.64380772039676,-0.403134481849013
3.56464055364689,2.85571310995469,-0.0215376719634777
4.04031985399874,4.1556110595875,0.0094457512213791
5.8298800605448,3.25371886639044,1.42503801036196
4.92759241832715,2.83499697693836,-1.46871739677901
5.29452688300149,2.71158661252597,1.01436560605668
4.45926302735662,5.21081571892426,-0.919710844654587
3.52821772587009,3.02996810415624,0.587513327564392
3.77599152522799,5.70557378815662,0.443547657471348
4.16129619308707,4.41169427775359,-0.452065559978513
1.90463171883373,4.80431438757145,-0.0509970647065034
4.36303407387922,5.2296665263887,-0.486815528610058
5.19148930442297,4.23651400250506,-0.112913327047903
3.52652586383115,2.62761898083763,0.321084479198618
3.14788320023564,4.10410827849645,-1.09768289194436
4.22918992477595,3.71919304112163,-2.2762893311476
6.3049252437475,3.37322986671791,0.0961143989667364
4.91457249513667,4.67834299359499,0.349695024309897
2.22374071479663,5.34107088971885,-0.57213081804056
3.3252168708586,5.03141007392054,-0.9590421364343
3.9046948909066,5.1590818727338,-1.30258854667109
4.1817584506335,5.94540338586354,-0.555539553949123
5.76656453166751,4.2451610088698,0.792234927984242
3.86170611518828,3.56087421694406,-0.41676461134982
1.80622235747796,3.49411209161094,0.147526201526017
3.79595916010994,3.24564476840481,-0.146211655641894
5.13212125745572,2.65780556423854,-0.928887728340104
2.54694383620194,3.084024969007,-0.265365634439289
2.44241115898922,2.97552061354553,0.585380070132618
5.042610041928,3.8448174261567,1.03570373270549
4.22452784542515,3.80184146022648,-1.12451967182076
4.92951330259719,2.84630384859243,-2.55638529868177
4.32296576938521,4.49868917937797,-0.490764617477886
2.66098119715037,4.81762554297292,1.17449977792915
3.7366857527812,3.33081196596478,1.41105374973849
4.6726970586875,4.12851595869953,-0.317812851633384
4.0995491745102,3.61303146487421,-1.36480939854631
5.37100826323036,4.80788753566728,0.388687069376145
3.65364437803745,3.17000091820699,0.91386502566539
4.52917999007173,6.40280056589114,-2.13132891261234
5.15112594310355,4.47986969661183,-0.332226678760894
4.64107449092879,4.3943410779106,-1.11455599228844
5.9570394846503,2.67454512216067,0.0701727505733241
2.47190043755867,4.4769999578477,-0.259074124286086
3.51521281064889,3.96161315623201,-0.885131652815256
3.65199926415826,3.15109369411023,0.128894532798848
5.42694655623874,4.35624539883314,0.787139755772554
4.64584694207435,3.73375425304593,-0.153015416669716
5.11848223644285,5.06045999869162,-0.157157176195636
1.97038351071645,4.81482617972696,0.672588651093529
4.04972753796,4.98144047352505,0.477423006939866
3.58578358084108,3.68535766568025,-0.918987648427223
4.5858908782139,1.65787084709884,0.25491689164865
3.5050574789415,1.91345761045731,1.12914569002995
3.87640765557578,6.12488765081181,-0.265676968261558
2.59879056782672,4.12734690766892,-0.125299648277849
6.05492784447971,3.72626378893272,-0.441312524179465
3.90992484648288,1.55875374491201,0.0663471217784806
2.93794583000903,6.50010733060545,-0.511631989935094
4.14325061568858,4.31106301597774,-1.73335430488663
2.3346204730086,3.6229528057212,-2.04459272947212
3.47042755417709,3.85630150053331,0.896965459703214
4.58621624395388,4.00553506290942,-0.0841348997191155
3.96074271590695,4.87906409990519,-0.392441099076428
2.27773129331593,4.79489202895476,0.493435611039141
4.51242772116414,4.42208273170746,0.0110889909762871
3.84000754437171,3.15729928637604,-0.183396287161808
5.7696455005965,2.38872765568668,-0.263675850560903
4.38593694099999,5.86604007479723,1.66799455444385
3.66040995218755,3.40696289856919,-0.16795620919773
2.69156976647604,3.12311209778862,-2.92217259737394
4.34887004351319,4.93104878905634,0.596663312168571
4.69660133509793,5.62117597030378,-0.6011201230726
4.06845200989444,4.51981095874526,0.921857446831921
6.00670218004425,3.57735528183302,1.18643634957126
5.73238036949165,3.807779700431,1.5066042752677
5.4015912481894,4.25458253633843,-1.25853963073554
4.16321663965779,3.64729556666568,0.923370500849601
2.95545116029217,4.87642158541409,1.59033868024047
4.37932185286,3.43328452399899,-1.81318436908907
4.49151023604729,3.23080349030235,-0.0458651811019861
3.38045603957299,3.73363568966774,-0.360685039529998
3.84447137075513,4.42987611322004,0.538017708494805
3.82129545424651,3.5660177641963,-0.203185738441328
2.26234649435435,4.09763214305662,-0.905461680629306
3.22490943665186,4.32575709553407,-1.13533091306001
4.45101746816643,4.45587160190712,-0.720993435210131
2.80237972294246,4.82758334454695,-0.0544073326025085
4.63522983186484,3.11149455586566,-0.0245868638312937
4.24588313694037,3.21514233054152,1.03504251069638
4.67967132005398,3.91258457939276,0.173646119924508
4.48092046044732,3.87862034208742,-1.03784538491012
3.88495915566934,6.54080598364832,0.493284776180596
3.60727668223034,4.5934839801149,1.04202993983494
2.72976786766939,4.46015785350363,-0.0417929383103723
5.48689662312554,4.48998715354944,0.201044942005035
5.00264734529482,3.84222573552699,0.608354398257156
4.1577387663498,4.22473304227227,-1.05312006325587
3.95048210570203,3.85147874699578,-0.554609469267488
4.85413704363784,4.28597795782125,-1.59925002040268
3.87562301693966,4.5802066898658,0.105232344210881
4.24665386902068,4.25989968498053,-1.24176811770535
3.34841947035662,3.14819901590989,-1.12471076696456
5.1271132624592,3.51710158955842,0.748353203938474
2.95444331092836,6.28530754873954,0.142030583537914
4.63834438294906,4.76911387176855,0.772548076672182
4.20098011474905,3.9076438802103,-0.259313910358438
5.5079553497539,4.30486687332597,-1.02027455398789
3.8063714036217,4.8495200763986,0.315861142892533
6.0940592347107,3.22155856889726,-0.845637341262767
3.29405032859896,3.26533580616333,-0.392096166260602
3.9086178900575,4.86373381465876,1.03596858448018
4.48614823679639,4.67165807698343,0.8686752467396
3.38879505701189,2.03895355552113,0.768722527840799
3.9222140519373,3.78414219010535,-0.0965889271286635
3.95524624740801,4.87003551521615,-0.193018246201193
4.36233641237781,5.55249735230462,-1.49789751759201
4.54316748468168,5.5019836713857,-1.79592466131771
4.8489021040561,4.71206500495387,0.633486995073893
3.02634475609148,3.1215163485445,-0.273205180731224
3.77670476517697,4.67863450645874,-0.523983056720205
4.16211371746233,3.29456092718202,-0.595835144794595
3.61359846824839,5.54405091896695,0.169957468447203
4.9269132726028,5.01900409446638,-1.13368408483802
4.87181183908461,3.28325535652662,-0.0182469784805063
4.47818966210585,2.44699669364356,-1.84622623382452
4.83422649206955,3.44305029410017,-0.557744485030424
2.23763226124227,3.1889704001999,0.194274651203178
4.38118387930385,4.90335817001885,0.385381937582976
4.30175769807016,3.2666976431961,-0.00744314207112589
3.16984352045564,3.31618475385292,0.982238447756591
4.85061895490697,2.99305184424359,0.574504439560374
3.88482440626011,1.8620280837675,-1.98758554897719
3.23811122574287,4.5248946978916,-2.01351955549574
6.02896659628068,2.40891043878761,1.02323023225651
4.51826466042054,3.53129103816851,0.183039747508889
5.59807889129728,3.3542614679965,-1.62525165669086
1.3034745996835,4.55228267854855,0.675626413846061
2.33191115682325,3.25515536600278,0.422601517355408
3.9931490861767,3.88894323559541,-0.625532853266712
4.29501008749999,4.24357612871348,-0.955773011023269
3.14811003606327,2.39096316405713,0.930740246925221
3.22170289608173,2.14674437802843,2.26760325920972
4.04865515267508,2.23142409008054,0.206084206984432
5.1443957867595,4.62554856748703,-1.06040321726194
5.05456775206816,2.56343556941908,0.264762338818848
5.6588912317286,5.30081059262072,1.44866070937444
3.61264578367728,4.53240262333833,-0.791717792504615
3.67103872815901,4.87111348236285,-1.64842216251347
4.7596427755048,3.02546990748893,0.360696568216966
5.16261641060309,4.34181079527814,0.282650570100772
4.76292292047818,2.99897424027995,1.24666261704315
4.15626371250009,2.55865796289938,-0.969647909098238
4.03856069178739,4.45243878410166,-1.73740139223528
2.73719112087451,2.40729139525907,0.0172296657752226
4.83127004737382,3.62077417388802,0.633391511415944
3.04471026449929,6.27799036045286,1.32816512922904
3.91129634814359,3.7882423702439,-0.406858349153131
3.55324386258989,2.98747741382411,0.338977924074617
5.16053328240255,2.71574851131757,-0.0876821385294758
4.53962887538157,4.45768984230129,-0.200476539637463
4.42432540208788,2.72903880112072,0.0960724418143529
3.97967952714714,5.01899075690006,0.701859402893837
4.06596688334076,4.73615762449573,1.19656739173167
3.36854454066434,4.70597914002646,1.39095197926496
4.68620798772419,2.51991908250407,-0.769293082245605
3.17070399521695,5.41680690157607,1.32332330017471
4.77665075206937,4.14013384448877,3.0571987030924
2.2363491818801,2.73668988567618,0.346730105194031
4.85913481817517,4.1494608959045,-0.330367923470175
4.3859316647013,4.20781182065054,-0.0472216366226639
5.6741119831593,2.73371159572607,-2.20867581022726
3.68318729812123,4.11528943252419,0.0706528199342257
4.87976325428178,4.76264467485788,-0.686639654308113
5.44042161655976,4.21037961621949,0.256533722214615
4.75788207687807,4.28217627587423,-0.22330360256869
5.83548099220528,6.17828890516489,-0.460687038363418
4.7279109146494,6.34051729297884,-0.978313797391594
3.70262733130269,4.0430993349806,0.475136022372118
3.79404720260778,4.01479540240948,-0.39382878603885
4.60661572157569,4.36308059614056,2.92344805343013
2.01953117454996,3.94816591751507,-0.514316395861151
4.28680256452501,2.39377835629174,0.787148330654005
4.00638790703192,3.8871344164335,-0.252670476002305
3.18400506250852,3.13828011286301,0.308070983937025
4.7930681080963,4.47933060558924,-1.78217955503117
4.11312568550935,4.65001981510186,0.363731835331575
4.78697334749299,2.65486551322204,0.519439939188839
2.78669933088077,4.25747173362168,-0.756626532069695
5.00355234558944,2.41805569033537,0.986075205800991
4.79379212894934,3.91622363362188,0.70708496948784
5.6520804260507,3.18544605021716,0.7060039226223
2.84015810437603,4.55175733892355,1.1834984215358
3.62179098964729,5.13011059647222,-1.4201956583615
3.60297681663866,4.92702162565715,-0.959819133966496
2.31708231887259,4.24356040954229,1.29410270798399
5.12614553000622,4.35914275600626,-1.50622839246202
3.80677823402023,4.77162256124294,1.16477286565189
2.72787011273349,4.12658536592077,0.15496791717437
3.74196046486608,3.64067095241557,1.6379236020778
4.7484836901669,4.90692701424151,-1.1184834628438
3.96378433947462,3.11388269325823,-0.707164889178796
3.00196406790341,3.83692724266434,-1.02457492539378
4.01837078489081,4.34554573714152,-0.685386559260539
4.66081170209745,4.79383574567367,0.694616227801559
3.40139833914108,3.68030381947097,0.908051180625824
2.42157496475486,4.56987859814304,1.01858084333374
3.77965065575777,2.29013069658395,0.349782163669446
4.39598710734767,4.33357918084725,-0.479576309445512
3.49348444712898,3.71948597888481,0.761204312197633
3.15123061416648,6.1108827641824,-0.333409442599829
4.60245588968286,3.13295985393647,1.2803867644403
3.15443130465497,2.75385730407745,-1.53860279528742
2.97841939583583,3.59316788485045,0.149922843203177
2.45334656429302,4.6739557927829,-0.751710558340832
3.636414881255,3.65710208655413,-0.787111251050946
3.69499969554727,3.79998927126102,1.19369302347555
3.71932523794848,4.31898467020444,-0.978304167285449
4.40624821064634,4.88697075592849,-0.706074173164976
3.04791684820485,3.71179138909047,-1.7185247396183
4.29924934558293,3.64282600622183,0.420545382241584
3.77254863923676,6.28781571293409,0.160901522439361
4.59914175580341,3.81929293147403,-0.212352323201205
4.03957682490273,5.33162746743568,-1.81805280351155
2.04797568464866,3.40110552147778,-0.695180554813595
3.64391604165698,4.29373398938692,1.36061398764237
2.17310808352297,2.75107810590843,1.373777320203
4.81619650610017,4.87210530703804,-0.635445313508957
2.46859786991688,4.53509647583959,-0.444316164183581
4.53030257073844,5.87411077363236,0.437704911399227
3.33435935128707,3.86277258926839,-0.803053316490721
4.27619577236426,4.48750676489713,-0.493777597572986
4.28844856123936,4.29954736098569,2.22494208016919
4.50277484882993,7.13940132679712,-0.622716779178854
3.98438834215744,3.97265647597693,-0.384656601207527
2.74388726060918,2.45041753905711,-0.319249335920338
5.5387599669614,4.43183654922945,-0.0764319439782599
2.49802063655318,3.87080003752086,-2.23716139680624
4.16251538478593,5.65980538727618,0.297575028983701
3.43982814755979,6.15163432418361,-0.0478997715469415
4.79082724168845,3.16308790475363,-1.88548289544842
4.40319206085684,4.78427359440676,0.601371414374676
2.91268340476595,4.3383766578118,1.68930845131274
6.16350911002261,3.57704129318747,-0.449794001632452
5.4644624939452,3.04741902119687,0.0990853688653012
4.06935899904241,6.91865317472819,-0.725360380205982
5.02497433774855,2.4006408277634,0.223520637447739
2.6889678959883,4.94340146379343,0.12018765274879
4.31843875722223,4.30475446432161,1.04673603679312
5.19068830662493,3.60812643986698,0.966167783394219
5.66051427795092,3.12402649976597,0.266493171636414
6.30860404116199,4.73307235849085,1.118354606539
5.36460556008947,5.10279127201322,1.05890813127742
1.84575775256084,3.89293065651887,0.416267120781235
4.37321311033907,5.65060608606864,-0.0120935915919938
2.46791435306794,2.71175511158952,0.43751849344763
4.24754389207873,4.85353757819744,2.60485207084053
3.78073595945377,1.75388105251677,-0.242765657112042
5.13107209894728,4.9540855383482,-2.06855394480585
3.29883220842661,4.96871365834541,-0.302270374666648
2.65231869985761,5.347921565903,0.522481748615582
4.67227330405233,3.25954998970549,-0.0286169951904195
3.35053661303935,4.73126620208072,-0.298914866835598
3.2603746819766,3.36041702285571,-1.69779122161883
5.88380843345302,3.80681155663565,-0.358654679646031
3.06699351415031,2.65451075395777,-0.499831604939753
4.24377339173552,3.52027668651776,-0.281970244040974
4.30801165640784,5.21087911035342,-1.96811857487422
1.81397987940318,3.20721688048093,-0.035228544816962
3.8471227724691,5.33769769615007,0.500101488592862
3.32970348007141,3.80427650309489,-1.47205955446534
2.97687942820305,2.56421680158828,1.06868239925754
3.54843524905523,3.37645419070876,-1.88994521974683
5.22860479625432,3.70942476623014,-1.48908186815168
6.0777948332674,5.17090281600177,-0.568170733471884
4.45690374879063,4.22625462236947,-0.496806977983324
5.97654559268944,4.39703793303213,1.1117314223369
4.28884072977363,3.32780048606136,-1.31298089252141
3.99984197243123,4.65690669273701,-0.00666603662355631
3.5212732281872,2.7586593920149,0.137026855553167
3.84834059295152,2.42774721578596,-0.801367759393127
4.9219419849464,2.46716670808766,-1.23920960591169
4.18892480210737,3.94759397484361,-0.0544087768560631
2.35932361058176,3.0757893500957,-0.148202718553638
4.9585928465755,5.15271508071639,-1.09957399736121
2.82194066344019,2.24413362086916,-2.0790638964183
3.17944749609798,4.54497572414558,1.25749921172318
4.13996535034235,3.33272634011242,0.589231690387197
5.32408170834458,3.87016941720109,0.531145263146002
2.90104734390973,4.22987296339205,-0.988096578744426
3.50839994148517,4.03524419020857,0.0707442767158487
2.17142395729615,4.40400848959279,-1.53026954746107
2.8893460524783,4.39192385874096,-0.595738667037849
2.50189188755772,3.62633368252326,1.21969467275069
3.60615932055877,2.95051583933023,-0.012270359380646
4.68983615043277,2.86322627705831,-0.172846746660582
2.65784694973744,2.16160209948797,0.187634601303666
3.31412075863814,4.65110417014906,-1.44332689860264
2.40235090567315,2.53858753441763,0.218183800507058
3.48064212800022,2.82528808206845,-1.09446632148205
4.88589805961488,4.90505839196766,-0.838686082162217
3.53797443818722,4.68041675466554,0.230298978727622
2.575556115771,4.10763715353987,1.62645721022918
2.98966120556222,2.86070254858072,-0.227213522662254
2.464034539147,5.01538147956114,0.1502870101791
2.84747354212044,3.84244914390808,-0.609367313820482
5.00925322342747,2.7554010579835,0.855633550331461
3.80825829079836,3.62058294733689,0.328202311564158
3.93976094857136,3.99002134747052,0.836743594534013
4.79860581607193,3.26584587891696,0.595190582152441
3.61959175569652,5.3346568866909,-1.52887866986053
5.4171587621166,3.87782165434276,0.217811115776732
2.9170934613773,5.23740664640963,-0.798751099711146
4.22481528560905,4.41165111931287,-0.333388922737011
5.25138015649359,3.83655421783874,-0.100394654435141
3.63617768057261,3.47555624210263,-1.11965662431248
5.01766388837925,3.97979844267969,-0.296597285938652
2.23193182029267,4.67534820215262,-1.2882157095097
4.04393501071391,3.02713273608693,1.76880776257672
2.95731422397035,2.74193096808973,-0.72017889172038
3.77658875646546,4.16515450449039,-0.481707924849629
3.44714938472186,4.38293076266546,-0.523701374155146
5.44310072045633,4.53709690040977,-1.56746367541392
4.73566254344113,4.72214093783651,1.26696400015518
3.09292619414214,4.82368226862749,0.861084526574106
2.36047224264345,5.17346406553487,-0.989316590138977
2.45213300008028,2.69703222056185,-0.300614448906534
