-4.29857302052401,6.32743636177028,1.38384921747401,-0.471723818679452,0.153375889006946
-6.233088373967,3.44068822080299,0.475391576071204,1.22108334388168,-0.790488161451468
-6.26086156607272,3.90321206949275,-0.812902265774589,0.388973983256362,-1.64202301685969
-5.3223045385544,4.59599345558297,0.877933537912563,0.160581830735706,-1.21108194574759
-4.54962218297098,4.97864756330283,0.303224883770653,1.97402587682467,-0.988401312933462
-4.98263698002293,4.84281841965671,-0.0574752113488269,-0.57524388616225,0.513756360135158
-6.45802669158645,3.20162118577873,1.01760382149559,-0.434114426233619,-1.43925548189135
-4.88854401308552,5.15186192507228,-0.861293395870321,0.98608253462548,-2.07092679120502
-5.54662864011471,4.94198817841747,0.513302714367918,-0.795519793391259,-1.60762919352684
-5.83160952402353,4.1932403512478,0.244631992532403,-1.81186207998651,-0.621638694332366
-4.45471863733974,4.66348400315935,-0.106359930971505,0.141120907105199,-0.066146455989301
-4.92518114115087,4.92070121505108,-1.12526646515492,-0.770242104375973,0.0507286610602467
-5.71406166757774,4.00382147271971,-1.10556058657032,-0.0389644543837772,-0.0513274356562783
-4.57360554500571,4.91168823399885,-0.687314568381926,0.925771923974713,1.10645739964946
-4.80736181111267,5.03683673247924,0.82015438612217,0.100097814834303,0.175197867251924
-6.87659749830075,3.29269082639527,-0.0810749233332127,1.86321020662426,-0.114110276096119
-5.45239510320394,4.25191050584731,0.295753826544389,-1.26151096022285,-0.110248277471157
-6.21796492536989,3.90606920515475,-0.373665854076827,0.677005311105231,0.942491928283474
-4.24650633152714,5.14201098207882,0.456213848905641,1.88770222130429,-0.0371237692340626
-4.51625515178048,4.96146548803113,1.78991059939244,-0.748608086298503,-0.106815762691269
-5.51851750039895,4.85490082299079,1.73588996256991,0.795594025100733,0.377820600954832
-5.15008591613365,4.99431685490333,-0.77934475389564,-1.24592636818865,-0.688684078208602
-4.93819503126003,5.51026625423769,-0.747558312845485,0.212727632507502,-0.501434491215187
-4.45430040785528,5.24490321287684,-0.0744594188381881,0.076287787081133,-2.40451697193227
-4.79588196608189,5.24259546780839,0.52880764580488,-0.890940661025942,-1.21608020379831
-5.89135561382095,4.3449114567918,-0.703582024624327,-0.697378750674967,1.89204649066189
-3.63192309578173,6.31059177006879,-0.321236344365582,-0.748273330752325,1.69269920785415
-6.14080935793527,4.63405387833277,-0.0882567931550565,0.348724176365228,2.39338198218522
-5.1193531347514,5.78140933040977,-0.21227782502203,-0.101696462596128,0.0340461369234133
-4.70417294586062,5.37968444347626,-0.164856756121159,-0.163661423186873,-1.2207795641017
-3.59628735750115,5.35724394484937,1.1469670448434,-0.440744194775452,-2.56059860756621
-3.71061611133195,5.91588273939953,0.450852729827428,0.12660048631671,-1.91600815752158
-4.51062107234643,5.5750961542029,-1.16771923210874,-0.217554851747978,1.74761555175278
-4.92349304208041,5.2828195267921,-1.1343711053431,0.0505666490386631,-1.31485046685522
-4.68088633537301,5.10220392708362,-1.43325650263806,-0.435317280235535,-0.229510639402053
-3.41480948003907,6.76686536573892,-2.4096869971396,0.318474198985705,-0.123419701563192
-6.69028248246411,3.3675425861349,-0.521913418095151,1.91331019495038,-0.409897615607873
-5.38048942592066,4.70657887958263,-1.57189313521789,-2.44358120280809,-0.878106666530757
-5.21328166842396,4.86247389838251,0.92630697411192,-0.825381744929262,0.259508547616289
-5.75367179988879,4.23619950907313,-1.4700668528746,1.77697296727148,-1.37120861096035
-5.06198575851135,4.59648874987847,0.523448921682155,-0.721977731100679,1.81852292933121
-5.55313111865308,4.31780181687745,-0.127953837134098,0.602477493021394,1.37369994884273
-5.18467021567158,5.29681963444176,-1.78264034534884,0.789916687926151,-0.352724795349033
-4.05091807183347,5.9154712165694,0.672002512487095,-1.64486382547283,-0.325422621096261
-4.72289743367069,5.13482145712535,-0.215165375372113,-0.475060925997216,-0.244694209111553
-3.30204671292454,6.04361563781775,-0.494261832392914,1.36296219093953,-0.228204583232408
-6.15976611482836,4.35553014702188,0.398241515380157,0.171811726766698,-0.774877194264619
-4.69070603431848,4.94711788344022,1.34121822741795,0.088830581319142,0.79657793169877
-3.81524864433243,6.31405356442065,-0.899507787584532,1.59416505955944,0.175036462998803
-4.86347397809143,4.12981700178114,-1.32442528627886,1.67766784085969,-0.984840888186358
-4.21245826966347,5.76723420536812,-1.29319843548331,1.08599784936592,1.28001411694557
-3.98130572660243,6.07837177489722,0.997639903691346,-0.578827509116877,0.200014102296953
-5.22377046723453,4.381921109054,-0.0648093814790569,1.55540399599835,0.389619040222816
-5.84225177670432,3.65402171222673,-1.00616697286803,-0.227453537483328,-0.543839232364
-3.63724225735083,6.3851604213824,-2.64805718599038,1.00422609224123,-0.732908602944818
-5.41269511274656,4.12599137150532,1.42116825004914,-0.318139493587051,-0.764419685626075
-3.88767420710811,6.68710282573558,0.00586037915936387,-0.576823656028367,-1.62575408270555
-5.81681763646577,4.60144891210104,-1.82062444806313,-0.124166834490647,-2.33127002210076
-2.81300329291889,7.9107486263766,1.31354625538313,-0.562922741503617,-1.81421765660595
-3.52496289963119,6.72414644018426,0.354316649953027,-1.01593057309815,-0.297991771856232
-5.28981637359153,5.05664682577378,1.87439094349328,-0.144082126246968,-0.943761485009077
-5.41031488541504,4.02187326290331,0.489260350108665,-1.2972039762197,0.98689162109179
-7.76627231511987,1.61666268432437,0.0346038723297891,2.51373602072275,0.701547597446894
-5.72047619094686,4.23263902142095,2.75830935370746,-0.92872308574548,0.342660857697513
-4.87871150925603,5.74440757741092,0.475111005504031,-0.759226487835871,1.01917084649423
-5.19822626289983,4.53946311167287,0.153274292772096,1.43895967668833,-0.446241382084619
-4.15260082819625,6.46187120666322,1.16825120057567,-0.375779565200672,-0.583735264814362
-5.17157565686844,4.59924619992051,-0.478506830229777,0.519223636344222,0.594158290781234
-6.05645417191753,3.81011676341781,-0.601799087194525,-2.45290166320969,0.885280939416571
-5.93798033786637,3.84702526730914,0.432596448548883,-0.451722727850974,1.35880479109636
-5.23434896127218,4.1855283200524,1.38765385741963,-0.365929761154171,0.621644957666443
-5.14438109569139,4.39461241113376,-0.183742140802213,0.178310596239399,0.342305240439052
-4.67157004217195,5.84070573675279,-2.44935852766816,-1.82721419671899,-1.56912002216405
-4.78028653270862,5.65086463339101,0.491055407020089,0.330944216870233,-1.24972803034163
-4.1942554056752,5.33251735294167,1.5050194433344,0.121206948403758,-0.0151489609111908
-6.29725522205774,4.32982639394374,1.33089835036973,1.10770604680168,1.1990111619065
-6.10668911207573,4.29010490579852,0.596074383051424,-0.429003260418012,-0.453884491331096
-4.42326478214592,5.37543715933319,0.327702650800832,-1.59159887198299,-0.301908122946421
-3.28201011624474,7.2927988959681,1.2196170306108,-1.12875181955006,0.393935436955441
-4.76914884711283,4.73649451407295,-1.92333212657512,0.0882707755006938,-0.52089657465869
-5.60891308173952,3.31434925125465,-2.79925152472005,-0.720005304937138,-0.459950344139562
-4.98843501835386,4.15834598182892,-1.04780176770316,-0.423974129052624,0.547212152679097
-4.32179348852975,5.95410987144319,-1.0452143239683,-0.303851966981649,-0.0900972349579583
-4.67314391606923,5.75591348553512,-0.385953520112308,1.09324641247215,0.631963910977173
-4.21296370604365,5.35533532851687,0.834235486188389,-1.03169942485857,-0.875746936277783
-5.25577312708872,4.29542512233046,0.192473428505805,-3.34560054589493,-1.35756133848685
-5.7321016094493,4.35856458536921,0.490248066835447,-0.278843381604117,-0.692017796186696
-4.99343684800797,5.98751227301497,0.633316125862663,-1.03357205120272,0.629632723970191
-5.20371964927701,4.98808874798143,2.02727408553471,-0.213755124689157,-1.05698050757702
-4.51285509443194,5.3117055420859,-0.108963634514997,0.218312756991983,0.532859291351561
-7.49410321595707,3.32898619857296,-0.806849070506028,0.389613340665138,-1.10780831516128
-3.90383936228218,6.22108328413521,-0.490829045868856,0.94084693682455,-0.0656554447088347
-5.14523154878246,5.53036141391896,-1.74922278629182,0.198217064882728,-0.168498809738499
-6.161629526158,4.25557032435009,0.784903903255645,-0.0798228135036208,-0.0882071766404828
-5.15441255629113,5.60857531705578,1.66784011797979,2.50286631768651,0.706403341815214
-6.50522379989353,3.86074817824349,1.4634241966898,-0.0487201727277344,-0.469974218989732
-4.4558129466344,6.02492641089032,-0.803118246974797,1.4141376922372,-1.43345413131879
-5.31919926327139,4.56062810635232,0.0476537370778321,2.07927096383099,1.81686957619739
-5.75685114617845,4.51492537278859,0.474403396001703,0.163614451764362,-1.84943140712985
-3.86379104841953,6.36963701683958,1.9697210485667,-1.77300246367705,0.886841737261697
-4.02501243616079,5.41673967995141,0.1677431453133,-0.89277957198313,-0.587268118963485
-4.1294012327629,5.51551987377125,1.9076868146305,-1.01178351772059,1.63791711081309
-3.56733402212425,6.39531351792023,-0.818325889729532,1.05210042816793,0.639927808217915
-5.71722474867793,3.80493944529038,0.476770140738101,0.563599243270811,-0.0218727494133951
-3.69410639219087,6.25375342550236,0.819659440155848,-0.406053171902179,0.611154070181612
-3.95353601513069,5.8814007301387,1.02245948116784,-0.282759099464318,-1.48050492244137
-3.5005776131803,6.38172192432043,-1.94154356588218,-0.0885504308675144,-0.895990776261405
-4.79238896813205,4.60386064077772,-1.56372912377199,1.48461230367113,-1.41702626086843
-3.57156691459464,6.48423577291138,0.155368004543446,-1.11533825300805,0.12510174533668
-6.3056501851308,3.51925945717617,-1.04214314721959,-0.193829127107003,1.81939794490056
-4.80791103543209,5.27347794140223,1.29650246749933,-0.121133212438554,1.31852341473114
-5.09112615908066,3.85885482845537,0.153306388840387,-0.753802541462364,0.0611119458159965
-5.1461833540549,5.45638375029202,0.831108303592586,0.637432512294237,-0.281980654293291
-3.30127319922898,6.35005465488385,-1.17072747997107,1.20504128347829,-2.12746608313453
-4.88795198149077,5.28720703156065,0.089257830426471,0.796410874457501,-0.968621760564579
-5.2992403268385,4.78910090023594,-0.101455202799378,0.733925139339111,0.70187162623763
-6.24719005955912,3.33811022640623,-0.813408988491873,-1.39028403090212,-1.77570210168731
-4.10693433512304,5.7558459635679,-0.986380361969442,0.386224036029008,-0.368897346415627
-4.31388702133853,5.56932844930321,1.26459876725785,-0.533629565975413,-0.534821390831837
-3.6383510351044,6.86839554419195,-0.597070492620077,1.36636459722805,-0.575951622525431
-5.32083157025657,4.7487486764496,0.178192339215298,-1.19720674187399,-1.14869250907672
-7.00912723647717,3.95017477041573,-0.0279477256416036,-0.0732353183338329,-1.48546007983685
-5.1857157432609,5.13546605452523,0.9839187148083,-0.698314633165677,0.133901127426872
-3.79509993505098,5.81490616070257,0.0591736298126877,-0.590871823639613,2.66304064928285
-5.42466167174526,4.55002151543162,-0.239175316194376,0.630538607526647,2.28834626994808
-5.65068019015533,4.4970408342581,0.172382253669082,1.34578830243261,-1.37163686323548
-5.88399976130002,4.21264650055176,-1.63619308811327,-0.98649705886384,-0.886071102573361
-4.6934459126858,5.37090928186106,0.803128879373154,-1.3081861978755,0.376734494997252
-6.38168426628323,2.75544055191179,-0.226305440064284,1.57684298141957,0.964790948663533
-4.21636911429963,5.24372248396663,-1.41425242789229,1.1949776761862,1.09364848012607
-5.43985464698622,3.76582014128639,-2.25084648154033,-2.09091615445011,-1.26691878943604
-4.90583584347923,5.33491164261829,-0.824690514111424,-0.514178695748713,0.933746032183767
-3.07184284187125,7.09134296330458,1.01027349617897,0.207271023101053,-0.651516323824725
-6.87765279805988,3.78751802679863,0.492296635708479,0.254697813120667,0.890660070513215
-5.08243434646422,4.48553556734648,0.678283238044527,-1.02306852923508,0.0763779190757097
-4.66696639269429,6.2109354600419,2.17463000115494,1.40899232756992,-0.628685751590309
-5.38863217022135,5.00768535341252,0.444409666404532,0.528255965464811,0.548505322081352
-3.90005858650387,5.85582302700123,-0.842125428550837,0.976775508697294,-0.842899059145644
-3.96146143669819,6.62994863588873,-1.15041823873387,-1.37968927470402,-0.166688679954366
-4.35722694046986,5.55808766518738,1.23396744438317,-0.233216501486541,-1.40568902464034
-3.99175284747838,5.94963752606468,0.293078734771326,-0.155229725979037,-0.329710847930441
-5.8497761255419,4.33693222196579,0.675445009958225,0.620921201049249,-0.264795045522804
-4.49569036059598,4.9422198584944,1.09958982509826,1.38018214815222,0.819293837175148
-6.2260889048048,3.49677688037419,-0.931773785331532,-1.33197626750465,-2.1610493485783
-4.95208618373882,4.59820727527997,-1.07110216143175,-0.427675452351895,1.86408517377382
-3.27339232250037,6.73465416424955,-2.53923763471099,-0.33514225341458,-0.512866550213906
-3.40574067748725,5.8163840354225,0.789231226098633,0.149000443304041,-1.74390706147157
-6.03098964269797,4.69113497673846,0.0225968911937034,-0.0813393289838943,-0.374623488153357
-6.4238834491822,3.69570169718535,0.659784476370461,-0.481036257110242,1.53970827439622
-3.39800393752535,6.71313851743596,-0.117415113838961,-0.0293805166191548,0.770112095925107
-4.29107720716693,5.95386805642,-1.04309448271321,-0.0198423991608138,0.550277035673633
-3.89222197418017,5.59321810576199,-0.20101419058373,0.606649382696278,0.784427236491213
-5.06420000006355,4.72542232280121,0.172332960184823,-0.851964066737951,-0.551915191050485
-4.69849123676576,5.13448142495079,-0.569628488807321,-0.57415994088087,0.592062332288199
-5.92334724081541,4.05232780244205,0.612598767926011,-0.698494814667787,-0.939980315681207
-5.44316461270688,4.73087081962833,1.0598656692665,0.16093391971607,-0.109881429943622
-5.1424057920125,5.40709031475527,0.655651267831049,-0.684045459740768,0.358172427321937
-4.5788374608053,5.62707488684949,0.385429219604301,-0.105096550026915,0.720837220989395
-4.28827922126417,5.80612889250514,-1.61593357204021,-0.186087885801946,2.52095042134394
-6.04365656521981,3.92287752108129,-0.491314438748955,-0.69508300784268,-1.68289706193448
-6.06706357853918,4.05406806587069,-1.57006836473038,1.83766970359673,-0.64962004832705
-4.16560471170525,5.79451215218011,-0.71464883034274,-1.37627112521226,-0.0316164566786236
-4.92483873668321,5.07630326385586,0.151760774945469,-2.09502309961744,-0.718459235380573
-5.34868189455983,4.97311548786662,0.422241048703826,0.131246460218204,-0.121539883479464
-3.57342501255622,6.09696432799535,0.122160843347818,0.00527334313029898,-0.245543789182582
-6.6618960249081,3.52720009140208,-1.34238371690673,-0.0608017477716515,1.41484905999941
-4.58761652769795,4.93826341820241,-0.565386838475998,0.380620375279857,0.368026187000301
-4.66311973460633,5.8561266935259,-0.0200897631209065,-0.401578441652407,-0.459970927160214
-6.45318770774101,4.05364530470334,0.808658760234711,0.0769346727931657,-1.62638806140899
-5.60924859733756,4.25789353390764,-0.00745990603051943,-0.513417945550243,0.999767532636777
-3.98123697368891,5.85672401073673,-0.215132174799373,-0.800452048516929,0.565698140404596
-6.32584726581966,4.9158794932668,-0.0424877445409048,-1.35147964647028,0.124881590379412
-4.75060176203348,5.17468584853916,-0.966367960151052,0.298860792305087,0.272832847198443
-6.44258125003471,4.14927466379053,-0.1574599669864,-0.467265937440787,-1.31873466106408
-5.52421313321667,4.17989302900311,0.151415730981235,-0.4302130419412,-0.99553203321011
-3.12049663127957,6.9845618794093,-1.51883640307737,-0.584182114152231,-0.110246098616037
-5.24319509407205,5.05312770838518,0.0774257767501638,0.953934938201369,0.633887110961617
-5.48040137433048,4.01734955345634,0.511887419338254,1.29994713427583,-1.34088745613265
-4.59119678011292,5.05889701577577,0.27883447682051,0.349651120676854,0.583603148228631
-6.40322100803956,3.40297672753341,-0.0521752019339731,-1.76376671683668,1.23968367305931
-4.76088727958736,4.16635343870253,0.931189198359654,-0.423075859950944,-1.22545157695365
-4.8699227901332,5.69146977873145,0.800430618733207,0.0620293581981866,-0.766650714632702
-4.90145407190895,4.77221485400395,-0.706019411410245,0.455267655076798,-0.404577519431302
-4.43115193434195,6.43150504545952,-1.67189823742322,0.0784445020906225,-1.13824257416468
-3.17925005584983,7.32948070996269,-0.528641387785867,1.47172906874799,-0.00610733308269973
-6.03064284886859,4.17979201462944,0.314879608488779,-1.19838182032386,1.0837510066738
-4.82292093928102,5.40186089782023,1.21586479310572,0.337189023597372,0.0848593723163341
-4.0030869453862,6.56191551448035,-0.460484914366078,-1.7878511037462,-0.412942340201835
-4.93008231075895,4.49752057908867,0.148302099964676,-0.8051860627462,0.77429178248451
-4.90867341962094,5.29746876718047,0.632450585627844,-0.630202689558639,-0.632715159074564
-4.60363514928797,5.87748530483104,-1.2199665075632,0.0976858432724251,0.446221735145847
-5.51724980890383,4.42022206709549,-0.234064497734615,-0.346541170437648,0.774453358328132
-4.70624611570247,4.59966629355872,-0.939319984138551,1.34433005167905,-1.7470914870966
-5.62299322733385,4.22366046612428,0.865928843455596,-0.839271301735774,1.18878339812214
-6.01748253705063,3.38391994666425,0.52278682546272,0.400947159495289,2.25407819517089
-5.69190805652477,4.09356055453642,0.243848400724901,-1.33399105347569,-0.202878848749548
-4.97027069388946,4.45637385509427,1.12848473192655,-0.181481965813169,1.09159981593462
-4.32424356644894,5.56850416851534,-0.860502658318689,0.0589662006442849,-0.39058567897935
-4.38696560516364,5.27063715117514,-1.13458148860236,1.01493068080876,2.43136533181926
-5.22092893262507,5.12192062228817,-0.317786958751361,0.0256694762143086,-0.000358254399394618
-2.94570345232919,6.64671146020024,-1.05027050429607,-1.05777837303285,-1.64317679535158
-4.21825871190122,5.81036545352746,-0.436453481624351,-1.38775234696675,-0.915820671388737
-6.31032814901515,3.51036583141213,1.18171459494657,-0.808996573783415,2.90883946535671
-5.08635195654984,4.99061549082825,-1.01711192640771,1.55963608856789,-0.701895317586467
-5.09252044112074,4.17008917718914,-1.22592700363321,-0.224724423231021,0.546974764233774
-4.02663640487846,5.61372822260604,-0.11177388259466,0.496691784631319,0.162166849983722
-4.21131614270537,5.98623007309368,1.52537899165839,-0.525096390094822,-0.522507081867792
-5.64326755617448,4.46694924504909,0.0300923763518314,-0.340041672614005,2.01103674171452
-4.06691413825624,5.74332703013381,-0.0633475956713263,-1.06316317512608,1.00048547070566
-2.6243143452107,7.70030714657226,0.735137821424644,0.128911426948342,-0.748539783787121
-6.15980171710131,3.91677980849205,-0.829041381883035,-0.37255564118258,-1.45602673798657
-5.26161201052026,4.88731805422004,-0.407940544657715,-0.426171214949098,-1.35996155632502
-4.19231694477458,5.72510434186798,1.08997127658002,-1.00483208635247,-1.51488660182055
-5.74258261045673,3.65544140628751,0.71172344755057,-0.664448333548957,1.23120870409446
-3.09502834927199,7.14544571374728,0.671178818629348,-1.81942435387576,0.0720184537357781
-5.49198473096589,4.85049875129456,-0.667029804555245,0.656769970803395,-0.35740351399834
-5.21110474242858,4.57907854185392,-2.17493978945863,0.43815663774894,1.30719225133555
-4.39527248737197,6.19126355673635,1.45757235460828,-1.23157490762784,-1.38956427120655
-4.90245280269307,5.3447619604602,-0.0254214203173644,1.07575887828451,2.0367448610949
-5.87804955877133,4.49474621473814,0.194623296854624,-0.522457429050822,-0.382111762772022
-7.628464186161,2.78755603981951,0.0420733359183685,-1.2053264011517,0.987458292503665
-4.08832925796222,6.15756514979152,2.44686344012762,0.711991236764985,-1.11903226888632
-4.3876047069617,5.5645963829887,2.81422598543117,0.432995883258664,-0.871058475550098
-4.40169439895058,5.33953243116851,-0.76763510969352,-1.78076822768854,1.04720037427443
-3.36718894275171,5.85179880769553,0.00731690523018009,-0.942140495220346,-1.28784910705925
-3.2328563109282,6.13024022765466,-0.945059759945663,-0.286849078141983,0.103856645360567
-4.79290684636293,4.40235300647038,1.25377118182245,3.14334902506102,0.492732651439573
-4.89280943526319,5.59828011108413,-0.952971354545205,0.667773612914421,-0.461392531801477
-5.44667134589353,4.62682162247478,0.21083938064251,0.537960335663362,-0.201937833408037
-5.0105199684561,5.31244345140531,-0.0986862297912315,-0.368847481812833,0.91340115329002
-5.92731951100903,3.68122721266091,0.388265322110067,1.55064221265373,0.648930924562131
-5.78669083182272,4.47238244909395,0.187905751023551,-1.58223237042833,0.194484200542962
-2.85141311137296,6.98603714268972,2.3988545071477,-0.517930873349451,-1.30324072453653
-4.255200423326,5.67940010191354,1.25205593212306,1.21624443761815,1.23007884398136
-6.97700392860007,3.47639816146587,-0.659936374533961,-0.504463351130692,-0.269221878307993
-5.99742509565929,4.55657493780393,1.81288556449639,1.83540578707076,-0.559439729936421
-3.49447959067727,6.28300824783423,1.09231407812597,-1.3551177427253,0.25431194499915
-4.74156602567909,4.61460654232765,-0.312785091720765,0.502438077497161,-1.4274384984189
-3.30748270484064,7.41631232313431,1.77797156155459,-0.947330696450642,-0.837680848592802
-5.1483323639255,5.972194333182,-0.679632677675904,-0.804784286410118,-0.0386093038096464
-6.96939940757898,2.42353332616242,-0.0687082236901044,1.59060728560466,1.15422209643147
-5.18090399614903,4.16743224566902,-0.41642239604307,-0.780740126748199,1.29625008488532
-4.20289561518877,5.68836414083983,0.897183495279089,0.205157877015977,-1.26838493126211
-4.67147822584393,5.01963647317597,0.841505136385645,-1.45166017611178,-1.18501518729104
-5.65651634850135,3.7457511591026,1.27958675612524,1.25217872055954,-2.06676249146475
-6.16530877944702,4.12459960546,1.63880189783326,-0.657706059925759,-1.29304170434017
-6.37482842793328,3.66168870540835,-0.151225602317626,2.22577991742799,0.0752888474527616
-4.24837585807647,4.90509904379179,-0.538142195063685,-0.0682742519636974,-0.92702618190135
-5.25774460481169,4.49952047968373,-0.0596893407268697,1.96647713078817,-0.270900944805128
-3.36156198586942,6.75636445589751,-0.542526653284445,-0.981378207421808,0.118368913400047
-6.12105174248378,4.18663466336583,-0.370946049582543,-1.70822132471996,2.68398683529241
-5.12140971855898,4.42599077483541,0.830753337565285,-0.30161737687454,2.62041970197969
-3.93986556433471,5.12282666155872,-1.7170533602478,-0.0453717487620645,0.852680326528672
-5.96581284250041,4.19242422255071,0.0944238393225763,1.00369155037168,0.542771908251692
-3.70641469946504,6.19859623173708,-0.256853342856492,0.673530762110011,1.60672575200711
-4.48268969358755,5.61539422092286,1.64159569377478,-0.848495935677176,0.693717844089436
-6.11290457913618,3.93219840214601,1.35375104007379,-1.92582792773637,-0.407416599736413
-5.05253637867096,5.03734543878883,0.675063207615322,1.71873073334168,-0.550190255383548
-4.2463404984508,5.46839485503507,2.31045742228699,-1.41514974299241,-0.569823228130314
-5.37892282298821,4.50777311299338,0.244504044368802,-0.825865720989804,0.121041469873351
-3.89176631280627,5.38775674294962,0.700861902203498,0.539595968972473,-0.175184337134748
-3.65559657356835,6.04753676583331,-1.2532589940586,0.0425913148016811,0.536604480786739
-4.30635370225344,5.41154922727165,0.618757508623163,0.850172969445936,-0.372429548896544
-5.17813077066445,5.25242058463696,-1.22235594904501,2.35135544740471,-1.79904138078501
-5.69034918193681,5.3397001352205,0.187751235634213,-0.742919052723992,0.766651523272735
-4.51294339556784,5.77068206335395,1.04522058618695,-0.705659952437302,0.209079804184991
-5.65284344592335,4.13879993996597,1.5184071794606,0.927502354292698,0.588460735749396
-4.37968650135262,5.78442367369755,1.61228148204806,2.21423693541717,-0.185840749613328
-7.33352518720612,2.79115944744994,0.323517121889145,-0.736863676794294,0.477526825146914
-5.98026575356446,3.45150596016441,0.810881691319216,-0.592014360227684,1.01209084908565
-4.61600722588807,5.25048487370729,-0.77880452727528,0.683918590128229,0.916519839508218
-4.9752713631133,4.66342991152554,-0.234055604975839,-0.00592916824633234,0.461410186278827
-3.49632961547277,5.77841734094211,0.111071929720498,-1.06856822147212,-1.26504552477382
-6.00507013784205,3.08822208171925,1.02511051423632,0.752099781839461,1.49042081709201
-5.59597309729836,3.90719305526271,-0.639972968232614,0.134953148085441,0.257193103471526
-3.96974523548327,6.08727879245504,2.19149794550108,0.123123691815372,-0.404901777663472
-4.75968771215986,5.9167762630383,0.282016939130809,-0.811331172235184,1.82813622232352
-4.54464101319864,5.71714787111199,0.598443805479679,-0.989494365368279,1.41008010488447
-7.06614953459111,3.60380673596843,-0.39755593793244,-1.55048406581207,-1.66756645471018
-4.6110442084508,4.77113234686378,-1.90799749008139,1.18167002631019,0.207488158438666
-6.95211641310287,4.19224517137672,1.56750394592563,-0.212797363224109,-0.13193073918637
-5.18298039560809,5.33545695440221,-0.998742641845968,0.0689867546997281,0.560065182882439
-5.35333091217047,4.39552031393975,-2.61961369197999,-0.171773915391291,0.337810815748977
-6.56155534484673,2.89253954254566,-0.33316135886081,1.43294234543662,-0.450833296948099
-6.95473359769807,3.80734856339311,1.95001635943663,-0.493519030586752,-1.00513519453738
-5.24844916840608,5.19714496780526,0.472568600183441,-0.0498228803703319,0.843033901788923
-6.24026762697147,3.33798400888518,-1.27981370988949,-0.529978125754622,0.609147863099594
-6.12199595787033,3.95721941210016,-1.07115463527503,1.94906601436744,0.693983407184076
-5.71622643945259,4.75149456530953,0.0883630467983612,0.231898210140806,1.42684280436859
-5.85742142633101,4.92801458691124,1.15916899800647,0.000659220295352599,0.0283494111747644
-5.03128556257996,5.38633289766556,1.79125219458587,-1.16382386066079,0.261519591627239
-5.11640039229925,5.00806699246679,1.5738593362497,0.445184923208683,2.38825614139895
-6.77334637125649,2.95192517916146,-0.440863780452692,-1.20356115644091,0.295125467408794
-6.92738200500064,2.69477579658824,-1.25507846238309,0.0949442764461843,0.0120033138109648
-5.109009853986,4.69816214857649,-0.784720681065631,1.53091081815751,0.96587921987365
-4.17135346117321,5.35702261339147,0.112502826775536,1.0956841777038,0.113251973713497
-4.35494780038726,6.42122685978375,1.56099122378908,-0.0505107236749809,1.24599565343504
-5.17520035840931,4.75147459663614,1.30297936477361,1.02523807639727,-0.313948065972211
-5.09288011425061,5.38969902839035,1.89461927440188,0.276099895343253,-0.227325999423136
-4.62367776328787,5.01951996656697,-1.21250239802856,1.00766498059372,-0.212393400119531
-4.51947766393288,-5.77723383014326,-1.03079465484065,-0.312726787153398,0.48241952455048
-4.60920246386111,-4.49683398629,-1.78204922121176,-0.639880995481125,0.611812183448468
-2.35245466882031,-3.9361431903512,0.544461607587837,-0.660287402059455,0.00381631377445028
-4.40668580683165,-3.61556501114282,1.07073725422492,0.166061626346921,0.3921140720825
-5.95152938660989,-3.34415820449204,-0.248208543442902,-0.859991083980444,-0.526048019147187
-3.58292233727704,-5.16608582179343,0.159377913817129,1.72195287914587,-0.0355433667587613
-4.64421865107125,-4.29230645637733,-2.76413904556092,1.14551319094226,-0.471126123316198
-5.65787019465859,-4.00463534777242,-0.190930128638751,2.46986683000986,0.174103816657183
-3.54234956884852,-4.88935240161387,-0.225653079586523,1.62476820669656,-2.05708800257926
-2.17844451061988,-3.94580334577635,-0.000833827298377074,-0.36076304165403,-1.28739763969384
-4.68998335444551,-3.54682663272024,0.160657350612292,-0.617339355533004,0.127742665259417
-2.52941073362975,-4.18237168541571,-0.599575103634631,1.28368606721275,-1.44992657035051
-3.89435942558506,-4.42290677507975,-0.0168064075632611,1.04963561259439,-0.426597659342979
-3.76440218576379,-4.82138361110423,0.78917623907857,-1.03960450605437,-1.15490794481206
-3.72098703149306,-6.39988969924785,-0.231985041683357,-1.40327470704569,-1.11795697557397
-4.29371437674867,-4.15112873202013,-0.50684484993726,-0.791286119212078,-0.95878821317222
-2.7336928794858,-2.71188624431275,-0.20575550403694,-0.336891127249807,0.658037597765217
-3.55765792518352,-3.47682116618216,-1.25032511426658,1.20695977873011,0.346005405783009
-4.27722097287899,-4.19498696219555,-1.01470965627945,1.22127500414247,-1.5285442474267
-3.65340548841822,-5.10606725443836,-1.29465079062956,0.715376713374844,0.877427228704909
-4.18877978114442,-4.31429192464775,-0.547578943258571,1.69854042486481,-1.52633086361001
-4.78341449786989,-1.61525671463314,1.28207629216016,-1.73813169999717,-1.09682491160398
-3.7220166928391,-3.19102086495349,-0.193238823768966,0.078748838276357,-1.67122376264875
-4.10472719242158,-4.09867022395497,-0.0215135712598398,0.398114409435032,1.61491972263167
-5.02743415068674,-3.08253296513003,-1.9325123201721,0.759363732740915,-2.16439859658495
-4.91174624587864,-5.15631389089704,-0.362979167890431,-0.335067099500419,0.456668350447702
-4.17576601747816,-2.77160338356464,0.901352723004755,0.888901589836099,1.3345936377327
-3.8356795059384,-3.42354862726881,0.13327929926868,0.976865140727031,-1.5850218063633
-6.02709651371734,-5.10207851745311,0.0308758058213757,0.677146884317077,0.532185417767852
-3.20870280329993,-4.39425983050828,-0.967944352663303,0.921466857943994,0.129484202247274
-4.63811750864498,-3.49238438240392,0.297979392238875,-0.390283107700949,0.742902920479084
-5.45389049487811,-3.18807589299974,-0.337122730621259,-1.23865244491674,-0.302243524106084
-3.97149437338309,-3.07853501671196,-1.26603119899222,1.12637620271372,-0.459486071552177
-3.76533705033789,-4.18510655620458,0.163042998672572,-0.522547670276827,0.575184391993489
-3.69872956583731,-4.32291795599496,-0.114114937999775,-1.12923765608933,-0.145061363391058
-5.01029983736343,-3.79017064821202,1.43216340751919,-0.778814348980932,0.982963611352576
-4.01014019592761,-4.2326134649232,1.23875759805823,-0.444374000765522,0.981094083036698
-1.91976612492845,-3.33667729462565,-0.200887997329155,0.346769714478491,1.00444099258735
-3.05595291795206,-2.1480812209648,0.540510223610527,-0.1646477291041,0.210764269113721
-4.8099866408836,-1.65040980982941,-1.1657895084784,0.281987893339257,1.18500121401269
-4.40768529595789,-3.28405163021667,0.170304813232269,1.52925921425237,-0.899314868554703
-1.62193818393991,-3.70124911026978,-0.62168332138281,1.17346001035367,-0.144157116727137
-3.33536673933937,-4.07559369996683,-0.0235657808292145,0.445116628494231,-1.31070152496941
-3.60922985632207,-2.38488563647047,0.57060414056607,-0.401954286717254,0.462630784707235
-4.80205108431088,-3.90702519939265,-1.21680484016044,-0.1710852422535,0.664173829618507
-5.22603005556388,-5.65377584910187,-1.4751537356907,-0.325892288426307,1.09572744042073
-3.88120907977385,-4.17876821982384,-0.155390119184492,-0.588169754169117,-1.49370542485665
-4.27521860402841,-3.84379613371995,-1.0946622650181,0.62019431584366,-0.939197896859579
-4.32388808234147,-4.99883905285355,0.793729350903245,0.47297742176417,-1.58972129258366
-3.8414630024745,-3.39649629186584,-1.92455394669214,1.3695978239235,0.261807115192363
-2.40779389351406,-2.84639721995317,1.50050594253587,2.18192056590128,0.583421136410394
-4.11773375015146,-6.06010007778323,0.267207815999609,0.746095170285018,-0.361175634827671
-4.76717429881446,-6.18445543691658,-1.99245605838905,-0.693596336079988,0.277636548905475
-4.10974245212401,-2.70922706356318,2.4110184812894,1.17075267094865,0.0115712067323719
-2.74641317832427,-4.69099244439832,0.3159014172089,-0.0659841869055247,1.01787026357918
-4.66225907157807,-3.88481355666494,-1.13264743146355,1.42102964495002,0.0817584652081866
-3.46110537778746,-2.10369049401219,-0.192668905885886,0.181581387284495,-0.863477817089572
-2.56804522551113,-3.75507566859437,-0.764271483822496,0.487998134256683,0.779666929762554
-3.70235325830758,-4.86062140219492,1.30048912678748,1.47954553041847,1.84800718059155
-4.88974235451815,-3.86715820228722,2.42213051926104,-0.126946293544985,-1.21403123184926
-2.88919424085521,-4.63669352350735,-0.710650075772266,-0.949554801527581,0.0761625811025512
-5.36180081148163,-5.4460378978195,0.302352344273111,-0.359346336505003,1.11575164339034
-5.30587692822942,-3.2530673041565,-0.134689367136655,-0.130340272888361,-0.114643076177018
-4.13714791424695,-3.90100795082413,-0.208979756512791,-1.47960295824324,-3.15637045309681
-4.77053047182186,-2.79298524790169,2.93801802285691,-1.17382201256421,1.7943104896347
-3.93407550749383,-3.76346194750197,-1.21157387019301,1.83063213832054,-0.165770277688087
-3.32669865245597,-4.40397245726161,-0.266473671772525,-2.23431402918975,-0.195580427442349
-4.97403946844384,-4.89686428490799,-0.998004529674532,-0.170074642869374,0.816341629392216
-4.65559138683519,-3.0285242094284,-0.115369043354352,-0.226190767895672,-0.0232599498393836
-3.53479597987924,-2.17623087046937,-0.933990246514522,-0.669959559961825,-2.08161979891485
-4.35704719993784,-3.762829448971,-1.11763734183959,-0.67069518835185,0.598153693667628
-3.6837039408472,-4.15983629602495,0.783311686190372,-1.03362813340095,0.233571052682389
-4.58238021227281,-4.71427620769486,-1.03906692365996,-1.42105381065795,-1.30883979077191
-5.64212562466177,-3.5208976298708,0.845476106873467,-2.42469064469911,0.182947388084991
-4.3689928049069,-2.37951792267183,0.0652514162082074,0.37269873325584,1.98773803008932
-3.21790212321702,-5.16810492138203,2.49760947324242,-1.11017150953572,-0.24359723727928
-3.56816704892652,-3.17624649745563,0.762217716066456,-0.709836858247648,-1.54039426500657
-3.65277314450094,-4.63255308573177,0.94753812544641,-1.95269730424192,-0.398771270385772
-2.63393429825462,-1.7621469545256,-0.886524104586855,0.0916955653443382,0.540572452882484
-5.09841268482448,-4.76058534912415,0.327485953128592,0.40262624542801,-1.6070415609526
-4.50584576556152,-4.27658390574399,0.70450100416147,0.103821772585166,0.427797290127772
-4.45490529828599,-3.87033035891123,-0.742762547045562,-0.00435126812421426,0.037300050573641
-6.15922687570142,-4.2336772136685,-1.03617058666178,-1.27269485694725,-1.20695695000807
-5.75879323921865,-5.32389735771551,-0.198704305834204,0.661745942076831,0.290938802057109
-5.06794125512289,-4.51487343347563,-1.236363601369,0.794232972325168,1.08137131930578
-3.98435891368602,-4.32042693996144,0.553731252529771,-1.25757929690857,-1.33368116159824
-3.51846560433804,-3.03468648742392,0.868320091062454,1.2158050314107,1.52327276540581
-3.17368893388927,-4.13091058186892,1.01156621033055,0.106442676749758,0.44526271542282
-3.69146802685054,-3.17464369224731,-0.231366044237408,0.170423804756764,1.65514441535608
-3.51844595423377,-3.25803707372223,0.551519375390783,-0.919422349330424,-1.33712471484663
-3.23140960656533,-2.91503791144983,-0.76506701558288,0.0436073361150315,1.04812540764321
-2.79659174788523,-3.9109708896474,-0.304857845316409,1.78105116255089,-1.10868180271543
-3.43002890504443,-2.73174881140251,1.92269715054377,-0.46927558388496,1.22405764386441
-2.62970935968544,-2.54561196744854,0.360283884356917,0.980669509400396,-0.188166159327883
-4.07984380678948,-0.875739762750078,0.148745403249846,1.64973963539084,-1.93498681527066
-5.32042456170437,-3.45675312242379,-1.58716045875853,-0.0859723494976849,-0.837089535781483
-4.73682510631621,-4.18712335532433,-1.23669308439825,-2.33695355213582,0.837463161136049
-5.00562382308548,-3.36999521520118,0.895288608016403,-1.09269726278442,-0.133351183445002
-4.72185183441499,-4.03372133114357,0.585847260949375,0.299834768479275,0.873472690746541
-4.89779977839098,-4.7413417817658,-1.15118075860896,1.47319978645806,0.119078438075906
-3.69993348652117,-3.94009192725145,-0.819750463996245,-1.62919120862828,0.646400222104583
-4.98391917678953,-3.97960711003017,-0.112671183086936,-1.94070879397769,-0.399343903550651
-3.83639173591539,-3.7441953460433,0.253220011112548,0.298470160028903,-0.519529766881881
-4.04426613281127,-2.84282968293142,0.325299694526031,0.451353862160136,0.119414445508343
-3.07608799801959,-5.24044477869874,-1.09187807735957,0.631498223443927,-0.312207550425464
-4.36392896440157,-4.83960846701159,-0.805845053167021,-1.1365003595974,-0.55225578485645
-4.21176770379912,-3.47461407285095,0.699762356912122,-0.147439342465791,-0.205971670618355
-3.55726798284254,-3.83078814927497,-1.10459391535328,0.693827131520419,0.727057811194176
-3.69239508597359,-4.3899229217837,1.03093795776779,-0.52842275618118,0.634088040781038
-3.54680441941647,-5.39885319617085,-0.544591501131071,0.156317112970946,0.55708689116884
-5.58648253189471,-4.26424230192466,-1.05618554856961,0.555367970525002,-1.54329428597955
-3.57581139389402,-2.32517805964227,-1.33192078099732,0.391790110893254,-0.594322804170741
-3.20359012404397,-4.60043322132656,-1.02959848083965,-1.60300350852998,0.0507191783779155
-4.58249916870243,-3.70860553422665,-1.83512738785044,1.5868178292703,0.630882225707315
-3.92923355233735,-3.90637621360236,-0.464403750228934,-1.37422727557774,-1.15273147551639
-2.69081559904788,-4.73014964688919,0.750427612669422,0.34894726422247,0.306183400198478
-2.65483805584908,-4.10151557987217,1.04342745081124,-1.54380720001362,0.913746527204749
-4.22698809851871,-2.63434065191985,0.136471837205616,-0.861235487367997,-0.485423351772085
-3.6173900834242,-5.02650623134702,0.321457744938001,-1.4919702922348,0.541282574189144
-3.09903968482635,-4.14072374768389,-0.192048348118903,0.105177976978042,1.02587215847791
-3.82452436825072,-4.01173971061619,-0.855042440838318,1.151299366317,-0.953030085163267
-4.6096669995666,-4.32012067031391,-1.28976645787719,-0.0939980124570644,-0.966566987274138
-4.78586357916618,-4.7230921693086,0.116031633705406,-0.0329782154369823,1.0626953251003
-2.4988643927742,-2.60398677781237,0.509388100770538,1.60285875442776,-1.32279432321855
-4.47568816470602,-5.84202642477169,-0.330996451299029,-1.00690743248524,-0.679606693434432
-2.11320812406063,-4.3215639367822,-0.29750729459895,0.142502116725238,1.03014068515841
-5.54273364521315,-3.52314342538619,-2.29339895480613,-0.726910048083054,-0.0410683146875327
-2.70411430395356,-4.19406096088877,0.541209463868593,-1.55363847074051,-1.356069537379
-4.58536399845047,-6.54598574205897,1.01326117870515,-0.137385132772164,1.99792555945182
-3.33374433182082,-3.55759995280218,1.31918018290267,0.134694212061428,1.30962717941699
-3.2092690368613,-4.02241924826261,-1.56709314067435,-0.317202882804571,0.134426671754522
-4.30923124975779,-1.77778459781298,0.123627628577137,1.09498946808659,0.166063415629299
-2.66001726541402,-4.72177719129487,1.66745533716042,-0.969323838305863,0.428353255859436
-4.17957392332715,-2.09125888336385,0.184919892884656,-0.898337800143858,-1.43559233965192
-2.48375902713001,-4.00884355932731,0.41556361911706,-0.484189568526462,-0.419171858709796
-5.13822761949837,-5.19815533003472,-1.78716020514339,0.0781795759257958,-0.602287695934268
-4.12106395866042,-3.20905092260536,-0.205631100379106,-2.30460553798189,0.584881447246814
-4.91552159835582,-3.42722336481413,-0.251755330719724,-0.808378618547474,-0.736365254448189
-4.8112709226548,-4.08940916727826,1.27084423121355,0.394833545327316,-1.13855561205572
-3.34665519004872,-4.14630884397073,-0.642009686947581,-0.922308474242091,-1.26333280078522
-2.86910922228939,-4.11524399773984,-0.393027928666017,-1.15483587225676,-1.60424939719643
-4.47261707502616,-4.52954716546786,1.6685558576578,-1.64433195164132,-0.769890642329408
-5.20941439508871,-3.95554043025143,0.770166325231922,0.839536722979932,0.26723476987911
-4.25706651062618,-3.14346283533631,0.00965203377035994,-0.353396879338991,-0.0370147554989414
-4.36298263346134,-3.66274405806362,-1.55626746708248,-0.40780911064097,-1.1571603997996
-1.75018003733564,-2.70724984555283,1.17301660427731,0.290336300959859,-1.20394863349481
-4.16987927519846,-3.85892776726682,0.980995139584376,-1.20636931382683,0.283879221751115
-4.72518112948726,-4.92976168985983,-0.410718793072031,-1.18557814466165,-2.00812308657
-3.40415423601121,-5.14749759698451,-0.877179442747405,0.490701561382519,0.287257482657653
-2.07705400853833,-3.05494623576285,-0.0288869274710205,1.05492176016015,-1.38596191064858
-5.02934586065943,-5.1275578854653,-0.669136946964593,-1.57638506556268,0.0414387561508859
-2.98223184499824,-3.87603099068221,0.128412113934983,-0.413278799332164,-1.78760192768364
-4.07500471117612,-3.80255527625534,-0.914837761833177,-1.3101992109283,0.964223340696957
-4.12758362419196,-3.945836282196,0.169949040136791,0.931320117474262,-0.898930827446553
-3.15925696675392,-4.1584205548425,-0.350535104380882,-0.449094974335002,1.53778954277131
-3.9381379221478,-5.67133240462124,-1.52394609539355,-0.600811818767814,-0.436612787679963
-2.51134015257382,-3.68719612913241,-1.85149650634164,-0.000686659780701109,-0.716286205204672
-3.92929087443891,-3.99336648813965,-0.561031872219809,-0.0389771499210115,0.570276291881543
-3.38754965707686,-4.83389869978077,0.578247232026763,1.80364785756446,0.891515747513857
-4.92981701176976,-5.83828122737145,0.134458062193232,-1.07332326008861,-0.505080975541291
-4.77504984689619,-3.32284424529512,0.521326552535234,0.928981379491104,-1.8114085767663
-4.45319591316501,-3.15137782853543,-0.242484758068385,0.270811615092606,-0.654965531546381
-1.80388693731085,-2.01452370606888,-1.48512067681184,-2.74481918570586,0.467387267946002
-5.1459847062215,-3.71623229746118,-0.18691865607439,-1.21314670218527,-0.905763776146346
-2.47803611551528,-2.6691806873172,-1.55793721005798,1.92795205335174,0.599602304584621
-4.8040668566627,-3.60056804887983,-0.790159412255036,0.828186192730202,1.03045463257555
-4.61352177243937,-5.04095043491712,1.80889299635067,0.589428358429146,-0.301262116088471
-2.82812770504952,-5.12944114552081,3.57706552625578,0.234096498858531,-0.906672061354376
-3.26689113058387,-2.0832586459087,-0.74800453501598,1.82941252444623,0.052127233095431
-6.04961423335532,-5.23057436570526,1.61144015288138,-0.110773844917685,-0.615478000440623
-4.60759712561701,-4.88265688747585,-1.21667629519393,1.16498113906372,1.62071772729396
-2.24381189187989,-4.32079059231073,-1.37652341158789,0.455264547680596,-1.23224705219207
-3.15900516607151,-4.23901747936277,0.0164241985337251,0.585646064315913,0.142147743563582
-4.19888543302958,-6.52750807678052,-0.98149933885757,-0.0680518428196897,-0.552999143643904
-3.7263489060045,-5.19910238831007,1.08503657244995,0.765671430805338,0.462916775130162
-4.9899222269491,-3.30226561886735,2.32875247998348,0.261190103339611,-0.162922384663203
-3.24129248281716,-2.62495406409752,2.34058122829629,-1.24949890904473,-3.00023570868769
-3.30546981065061,-3.49110081879728,0.417087000701019,-0.75652708791996,-1.51975163534061
-2.61078188724118,-2.54017546114091,0.426202391863261,1.55190327175889,-1.36427927298636
-6.44520872849268,-5.35799168889729,0.965282995606212,0.924457162034943,0.76558372900795
-5.6718753892284,-4.63369372906251,-0.682677781622947,0.662940983404183,-0.859709776283674
-3.6657297279333,-3.05421036063259,0.649893967815221,1.02989122329858,-0.51535153766208
-3.9357767217278,-3.76409723311387,1.00897177102768,-1.91245847804086,0.16387163571529
-3.96480058631406,-3.62420187642263,0.0884270921466648,-0.229128986055999,-0.193057910014608
-4.44622514434703,-5.20921441669655,0.131252704718019,-2.48649718804752,-0.423714783244834
-4.5950374879018,-6.19064277090717,1.10536131653366,0.40373686373063,-0.591479317498345
-4.96995065110496,-3.84970200648419,0.160206935318436,-0.0212531056630945,-0.138297432411117
-4.57853084260168,-3.83457955495004,-1.51226885508817,0.121538889608079,0.803588226682599
-2.71049528757316,-4.79835685932519,-1.54543451394317,-1.58430717491788,0.988944608015265
-4.06723852975151,-3.66487373946253,-2.08045291241854,-0.379428939890154,-0.627926845455716
-3.87698915413954,-4.21301577900264,0.353657860981644,-0.247460516426734,0.510383311972003
-5.36889011991395,-5.24707260603738,-1.06166387604905,0.35373185294864,1.11411576611403
-3.45163873459538,-3.72672578118093,1.57401167611008,-1.22931369103724,0.410205924135652
-1.68589352483602,-3.70344688280991,-0.507183324757046,0.964504332814488,-0.221285782814086
-2.5443139706915,-3.45305377317872,-0.341224244046096,1.47908887243239,0.968959442217703
-5.33105657223508,-4.16586443643023,-1.22906753270713,-3.03126749945533,-0.518414189392076
-2.73024576696446,-1.59548299085899,-2.55909339824203,0.433612215046599,2.15655873989273
-4.41575760010035,-4.51771968945517,1.20820922249889,1.59674039025246,-0.570215628943122
-3.85807606528078,-3.61685262237108,-0.654512878454293,0.897090600923753,1.72989816943559
-4.82628951879033,-2.84883759186245,-0.0555526036432963,-1.07762515082325,-1.15471410678763
-3.07184277224116,-3.70559493652249,0.656355906159275,-1.70402271542808,-0.428338450014699
-3.67893620261531,-4.42119053547949,-0.820087930942924,0.740256779786468,0.025100720009654
-2.85765125394281,-3.16275623438943,1.49631796502945,0.20066249233366,0.407684953444074
-4.06302198491811,-2.66595397989237,-0.719215504626055,1.50682908779906,-1.84933380313492
-3.38239288486652,-2.95394757166495,0.545155296307781,0.415092483978332,-0.692521689078103
-3.81186851788562,-3.87361589033607,0.122605717227147,0.527862555067129,-0.107360949048642
-4.92057041673734,-5.03806876344888,-0.0612737823870475,1.19551305646894,-1.27638513063096
-4.46528123109441,-4.77148728950933,1.24539076910323,-0.993128194351961,0.90338009587905
-3.99955019404685,-3.37113982000685,-0.661174274076436,-0.491816752208782,0.286360824266482
-5.27868957380442,-4.34953614585049,0.454207276316446,-1.15728455610372,-0.985138057119518
-4.95970596009422,-3.7344101566727,-0.109552290103206,-0.472082219938217,0.937601049197361
-4.28469455945014,-5.24394989182207,-1.43386408512493,1.02099518458393,1.2246423135645
-5.49057661716364,-4.71344985515532,0.895571557749875,1.72153792606481,0.318682012112352
-4.08517727697215,-5.8812983504442,0.521412776416256,-1.35625355776584,1.29729067346128
-3.15335188068166,-4.50608841280908,-0.261681824124222,0.825085760961473,0.170733257427312
-4.76979573235714,-4.49339045183363,0.695128235870053,-0.861842970983541,1.67705080613628
-4.09298870835234,-5.25703876949791,0.955405501103184,0.776869603620249,1.98014398814056
-4.27760560708165,-4.02912252425191,-0.853398080319988,-0.0429932622309023,-0.144060940771411
-2.04898587618434,-4.58878371277293,0.389643710721745,-0.158949029303945,-1.27181615478618
-6.06314945656641,-3.88235536269247,1.65167940663929,0.28705583048314,-0.157483076168788
-4.69519606154662,-4.36938140165873,-1.31913170585488,1.54298426644051,1.54721441614642
-3.72824511749982,-1.99762446718341,0.888809251869583,0.741116458814878,-1.20445131595102
-2.97508477385641,-3.4372468471993,1.90904788701009,0.268381102383193,-1.12891927439975
-2.60006835022688,-5.15977438512639,-0.324013758130898,0.179075708458519,0.322002403344809
-3.5232514277365,-2.93109360540046,0.538893477937699,0.12692072374601,1.68152944195633
-2.81205944153364,-4.81293523989056,0.55313992024417,-0.272051842313689,1.27395273860309
-5.20257700649978,-3.28840548870186,-0.0112888898637732,-1.21317426766364,0.997253463481681
-5.42190153615162,-4.45294698756017,-1.95026655154576,0.499537614494688,-1.49578667955738
-4.11168517653797,-2.47253104258143,0.433691461238185,-0.104470079089224,-0.854558660317342
-3.96869244685291,-5.48600787634522,-0.233578395665502,0.418446750883428,-0.303110249600914
-5.53002378381556,-3.7759473723574,-0.113504863507299,1.62381160185947,-1.47674193167494
-6.53968874439356,-2.99375985119952,0.0167334789998644,1.57422507685124,-1.04493083008433
-4.7479245513984,-5.46393175249074,0.363542803794779,1.17631546585926,-0.173250245845897
-2.53297026669318,-3.33834580749228,1.20837955024951,0.454636681587439,0.0713783232939389
-2.84285292331983,-5.11281485859142,1.09779037640225,1.00554779425548,-0.382687639283693
-3.56650516782177,-5.46622773798217,1.29801035002304,-0.535049187703511,0.397699860067243
-5.4109668159492,-3.86673199251421,0.448544109431742,0.988310459983681,1.44388676023183
-2.95152221041417,-5.48726242426619,0.141082025160218,-1.04673161199072,1.05525586756516
-3.57570073663516,-4.40779876651661,-1.34639061721051,-0.43840914903135,0.877684003215091
-2.45662003346228,-3.88698130680431,0.655165926525036,-0.489239404574555,-0.316887622210768
-3.28422048438633,-4.56305501726318,-0.361350106701222,-0.184536097084789,-1.16625951979267
-4.75746299365018,-2.7690874666598,-0.0771185927103281,0.642819111005752,-0.596404778954566
-2.48429870352742,-4.78368159498696,-0.116385083861815,-1.62074108292123,0.138385993366287
-4.44466143122669,-4.58453627396703,-0.567515260356083,-0.587951729585502,0.692530095275026
-4.53598594763846,-2.73055257102123,1.80498377765378,-0.0603406517270638,0.7475927315959
-4.26026914509857,-2.86828665540395,0.224109155713411,0.19924023385324,1.21374151415207
-5.39099777726193,-5.02812690046263,-0.609511286948533,-0.0530812984826996,0.223796560402613
-4.15982162312881,-3.50648926781927,-0.777115077747435,-0.442626285417811,2.29200543181918
-3.71251326367827,-5.3586736099344,-0.830655117359728,2.06465093700011,-0.762772592824697
-3.00351046624396,-1.42716241937706,0.815004106722766,-1.28114497902083,-0.757209115869453
-5.17108867810884,-3.05567745848386,0.696219804094481,-1.61609614232325,0.113954749864627
-3.00818831372044,-4.79534659554801,-0.696566515281485,-0.556947625058044,-1.18853995198029
-2.93153271645406,-3.09084518946104,-1.64067142663387,-1.40982499239858,0.552457222885687
-3.17008150307377,-4.581105089321,0.122913429307855,-0.060628548878053,0.64340052796179
-3.37255780328016,-4.01678792835797,-0.429442901505959,0.2161975975633,-0.326050022320813
-3.15138311322229,-2.45412103638979,-1.15475372809018,0.0539913364780127,0.833987332478036
-4.36721238520906,-4.73419279837229,-0.164029595260983,-0.698299858252991,0.0605563545618805
-4.94331636078777,-4.95455159242614,-0.557759299021424,1.69556062794892,-0.247566396555514
-3.78195429506282,-4.02083582489396,0.0149203818336883,-0.267895830106293,0.622789784033051
-3.73296612647116,-4.54323526408959,1.04270117838425,0.136547674820771,-0.542165591243294
-5.43493226051292,-1.74442714333719,0.0263750526539661,-0.992883365026624,0.0467892175468118
-4.54923675759038,-4.90769887752761,-1.61257637680785,0.473317579512084,0.342706748752458
-4.69912324954822,-3.95658363573856,0.812228869025621,1.41951599896858,-0.324615588955537
-5.57131339967581,-3.35414520524262,-1.89628926530517,0.214986677840417,-0.725197471725237
-5.25337015856939,-5.47360172407604,-1.38954804489904,-0.0435687834601344,-1.40846880060989
-3.2937873983702,-3.17643663025848,-0.681279462066946,-0.37965406691149,-0.0173016399082456
-2.69475046879387,-3.37019265604244,0.651356796605713,0.977075583090036,1.03200416579081
-3.25618997036597,-4.76203369064312,-0.874566473249756,0.356095209413708,-0.609233558397928
-3.66362316226627,-4.73157884844318,0.849423986419461,-0.0186528475582422,-0.210945477940266
-5.13645922440048,-4.47303991878287,-0.46542630431785,2.37497171492578,2.13929874077637
-3.81477250928302,-4.00813476096117,0.588293741235214,-0.990866518844526,0.530048031813373
-4.06951529531981,-6.12164455356796,-1.18523648494856,0.351559877496718,-0.672614778731235
-2.32470067518789,-5.77714092716296,-0.330863095144663,-0.321256028118083,0.8597533210087
-3.94788885382551,-6.09227715140061,0.781966830720549,-1.20170401287107,0.570812656262359
-2.83209153002857,-5.23010250018448,0.516480200230816,-1.55566841864132,-2.27405653781743
-2.3929167818984,-4.43124442940916,-0.649402662345111,-0.539446332810491,-0.424518741432972
-4.89189048569056,-4.11945031880563,0.229672064085333,-1.57091893977384,-0.211748360726717
-4.63251289321392,-1.70699739651658,2.91315931475556,-0.9243239802636,-0.508405850921068
-3.68619300453898,-3.9958527420395,-0.589497066747592,-1.20335902650765,-0.364943815005623
-4.13500034073203,-4.16010783651419,0.317994512852812,0.976553089649366,-0.152529230631094
-2.63835118270347,-2.52134048498507,0.83357372540324,0.988190517862033,0.748690516684114
-5.06257491881258,-3.29804934759293,-0.0401816493409238,-0.193191638317937,-1.17667065272327
-3.48976574690313,-3.84238641469119,-2.3825565195273,0.100537175425836,-0.643947824510688
-5.17214996118251,-4.49501721409141,1.0098380386135,0.92340604421777,-2.13906646050689
-4.75574493629313,-5.03288055097626,0.559574899275663,0.0177050647971709,-0.735680408034159
-5.75863498155725,-4.56974657904615,-0.953187230568988,0.561892669152815,0.598851032103589
-3.24744292607048,-5.46316922781567,-0.112102479535506,-1.07605825191556,-2.64462213848324
-3.69745189454548,-2.69181171935334,-1.11341435709468,-0.605497599063098,0.307697542557487
-5.80555988330896,-2.40460173733855,0.258831030667025,-0.374933158921841,-0.0241058986501549
-3.75813845758798,-4.86847562612795,0.722038716761007,-0.852871260781685,-0.227899571495443
-4.391131483001,-3.49144079000312,-0.0386639725141072,-0.59072746612315,0.420123883407201
-5.11549710620833,-4.00798864089814,-0.991244869440326,0.249658149499014,1.76643671524084
-4.95776999147294,-2.91146166940823,1.34806607076356,1.91629098082122,-1.61146814433813
-4.1046004302737,-4.8216265052018,-2.55987176417777,0.36883663262223,-0.687459402018296
-3.68347044558792,-3.2886030432934,-1.08068629754049,0.341719629910281,-0.351669835100707
-3.4419292027583,-4.07302987060945,1.01704114526869,-0.862080681356599,0.789392343336998
-4.85645536180762,-3.37830855189493,0.805021737884041,-0.977737750999794,1.64990239386718
-5.65363509130066,-2.33271037410406,-0.561460749795221,0.583720461476019,1.92244790412823
-4.50966614804017,-3.17945666222976,0.44803606932737,1.36697865311096,0.105807058935266
-2.85960979722073,-2.21371758789372,-0.28174633102925,-0.561796102059445,0.102896041362252
5.82288068153596,3.60658133119348,-0.930013203487127,0.197197638889196,1.24664452358355
2.75202014864672,2.473357833883,0.470573483099875,-1.21801533193297,-0.107818191196632
3.56159188722276,3.50238096654951,0.96101447482449,0.722965003333777,1.5324395772637
5.14975998780197,4.66515576492472,1.5075750425287,-0.212650400540609,-0.25739702863787
4.10401821376491,5.17158357326728,0.659067696981653,0.503097540440544,1.63101499067765
5.99870086838907,2.89645104081492,1.88633216818658,-0.166569774946083,-0.710470817794653
4.21484909203614,2.9464711322389,2.03166571886719,-1.52840240451684,0.661701428687264
2.88333185276199,5.7270991938731,0.367862341256953,-1.101186754692,1.07364506006301
3.07244312548237,3.70720913088129,0.130398640242221,-0.814252198797801,0.463057328593173
6.12739765287739,3.52941961423564,-0.729659657896675,-1.08471267615169,1.09202915952039
2.99997308793358,5.60364406678306,1.00161738331392,1.32024450053534,-2.37876207365348
3.72890158896968,5.66045783868575,0.0922252162525059,-1.46227199486048,-0.984891419646354
4.53293714945585,3.94017527049887,-1.22394523208584,0.982549769009932,1.49318680611027
4.62986716292042,3.42319253832994,0.107466720082953,0.683418107088735,-1.09964297735972
5.53623606908655,3.82196295036008,-0.938374102976241,0.925331934125933,2.38744074418649
3.10297711348844,3.81776379746072,-0.643455950073118,-0.259361396944383,-0.484138782314315
3.5717364449869,3.2533225464646,-0.643988917018715,-0.711610130656633,0.295821816266557
3.97123338737565,4.91026013378767,0.252845734369858,-0.335999322444829,1.67447647956843
4.12584728671949,4.81900917975319,0.172325702811389,1.95430657941333,-0.640213562070738
3.94532692822598,2.95805877974992,0.898205382862585,-0.768985859246704,1.02195240742691
4.77221495670927,3.75821901212129,-0.66820354212351,-0.355352718297789,-2.21342084449296
4.27365434717924,2.66119192981158,0.0427891688116966,0.304781429717896,0.854372201771296
6.10032210051479,3.94081772994238,1.45807088173105,0.61502888396208,-0.333518765303841
4.28821789014223,4.36304923477338,-0.263998587460478,-0.652099457318152,0.606283245259744
4.65025600908868,5.57877317153969,-0.0813572112564129,-0.941561461467189,0.802995231902798
5.72012904486165,5.2968474727923,-0.618369869805936,-0.254251519083574,-1.0506221874383
4.33969481771969,2.34032546655291,-0.0159702816031863,0.972563103482786,0.923064282555243
3.40444441528024,3.83383786474346,-0.727023648967305,-1.68760357264057,-0.144112900733463
4.5818451512459,3.54532601701895,1.04662360225903,0.0779811120641066,-1.21452603925097
4.22114416347862,3.93905535596922,-0.781771577239962,-0.829690916941531,-1.13697947816355
4.73786474768307,6.17254035521383,0.958029968222523,0.600757496910595,0.746662164302691
3.93573741503333,3.82642697986299,-0.186965225216299,1.01115847169829,1.5577202961659
3.3974437323297,3.88153526909398,0.141542976312524,-0.858676719316795,-2.22736627953357
4.32308642437448,4.52237273225646,-0.381940508432916,-0.83905130110591,-0.697600532565799
3.1385524667901,2.75024754849136,-1.14671464200767,2.45859993605209,1.31994963178541
3.61359584444502,3.5452073629503,0.528127289397798,-0.485129433664167,-0.167137750787232
3.59010448456629,4.86310499241545,0.781577848785938,-0.335930281356265,0.974772550188442
4.12776761834294,3.60459314409499,0.557615011585985,-0.753553108856654,-1.04886744842463
3.94637546858522,3.40377322394957,-0.949625372883112,0.846563246146461,0.377482309889709
4.44292268692706,5.52482312409338,0.523505201533141,-0.437162554028997,-0.524477851672036
4.83818902538367,4.27098922364881,0.133915972943617,-1.05516473344023,2.33853214988988
3.08862863170136,3.42219507723349,-1.00384172367274,-0.293865277132876,0.93353055460802
5.24726391459917,3.92191785967213,0.290842120292549,-0.227016959544329,-0.468579315182833
3.59522515908909,4.16501356412993,-0.217720489084502,2.12898702319972,2.02109949406188
3.1053778837174,4.18497150676341,0.197187428160598,0.0191498339677824,0.461247686146639
3.07609892656839,4.29202978478289,-0.66306311933039,-0.0586409362941946,-1.86308198117363
4.40790433324757,4.99291799136431,-2.06334945739865,-1.9328911667886,1.37895231881317
4.42688070499476,5.5126879818744,-0.374979013082803,-0.422911632485731,-0.0582675874940052
4.10455730448136,4.19799484893278,1.58680871902784,0.349896420742248,-0.250507361998648
3.97196010816692,3.92279085760601,1.84559036906869,1.32825137460466,-0.143150193548043
2.52003181805936,4.01292681955006,0.517863206170635,-0.323900103299284,0.209924722117204
1.12795983364698,3.97402803039963,0.538718201036905,0.222593436572595,0.845510340380882
3.86453820721509,5.63023878036729,1.91708471143027,0.541947672279363,1.54864853284113
2.52586007455617,2.73059580081595,1.42184365918034,0.0783178486516555,-1.94356294407853
3.87320307399493,5.60755405607274,1.18209002023912,-0.611339656016244,-0.47732784448166
4.80287898610949,5.15645041706088,-0.161458998951696,-0.433698451350485,-1.08960764843982
5.85778047310426,3.94689649488632,1.22738662968339,2.33840353044376,0.0389520030655507
4.80922553042432,3.58457859348723,1.14131596368393,-0.332931674490044,0.106615950562915
3.53208082799283,3.39998563546176,0.602327890004658,-0.119485012589921,0.364205020174286
4.63139634954147,4.3009542589843,0.511037841176959,-0.706370769501649,-1.31836509954953
4.54439589391796,3.3864564128964,2.64984264767664,-1.80283947886718,-0.478355503197843
2.03978471338918,6.11654084948529,0.967645209228096,0.271794248997113,-0.658612757092627
2.38642762881683,5.01619647477737,0.0701658243595184,-0.74512494508749,0.275625011472629
4.78651517633961,5.09602687237954,-0.128920081960435,0.627077263237714,-0.709740993976307
2.06994680339722,3.36701016712991,1.70687048339485,0.126908493187805,-0.947922788108429
4.95888024637994,3.14712669133903,0.406497878737284,-0.105869976279705,-0.64687305343157
3.63272092015166,3.35455186113501,-1.56351433015526,-1.67882927906691,0.742665621272807
2.75187685541219,4.51294178915656,-0.35653595073897,-0.0796356731977237,-0.159751186135541
6.1272939121993,3.7729947834677,-0.232611541084405,-0.374123584671348,0.390904561952223
4.62709761613427,2.82591548729643,0.145990985018451,0.111902168290849,-1.89659911672453
4.50768679809371,2.98994251820014,0.994547979923689,-1.03828383090237,-2.06020164949307
1.10513633252586,3.38987150668761,0.291970724341832,-0.530533867987667,0.358320422435683
4.11989398331997,3.92684172509253,3.01444383305844,1.43501928853018,-1.23238604850442
3.12707133179836,4.35973123622345,-0.855879274886491,-0.941881745468151,0.188419874494257
4.34296746407096,4.96806588019227,0.574376387749372,-0.37950248839691,-1.19239700303853
3.71452311197676,3.74002056450633,-1.00002030364818,0.364272871610382,-0.870275659846028
3.35315112519533,1.55478897544351,1.09454784608905,0.380748917266851,-1.54070101544856
3.79898226204123,3.37466050420987,-1.00703776882667,-0.587188441280955,-0.910110046178317
5.33163402656356,3.44138979417332,-2.23530643672984,0.287245672287401,-0.826012235978317
4.39907079431122,3.05326965433599,1.77681916606659,2.13321390448075,1.0976864008106
4.32734616656426,5.17526270274106,-0.118797742477589,-1.51281632148937,0.832569965526281
2.03392598080479,3.82539945613304,-0.341401638436882,-0.712361772046565,-1.66582737937966
3.57461799337918,2.22093878384742,-0.781936652490134,-0.0884142321875422,0.458059248766043
2.43006137569774,2.95829373037199,0.279689432945754,0.108554267534861,1.65837694064737
4.25350471667178,3.35459326172439,0.235497825383104,-0.547233942135842,0.15560559173989
1.70971464480982,3.84489544387223,0.578850812734555,-1.97550142390844,0.611254931364246
4.60304036109522,5.51312519126501,-0.122539353997613,-0.229351142802469,0.800573173585204
4.6686122490881,3.5372535591523,-1.08735826931615,-0.536501016048035,0.209042855563319
6.16064056668856,1.82447935295189,0.475881143275432,-0.753089158158267,2.13715406055108
4.66725422158681,3.98325313148901,0.0152860537520103,-0.52282103601268,-0.45348449742102
3.27759615083937,1.96771731397721,-0.346065090444394,-0.0256562939494936,-0.920507346188398
4.44339463908847,4.76050965507177,1.71023928669444,-0.984323898469403,0.728909512601288
4.25627058412086,3.1949159440831,0.0909168678091579,-0.483771146304262,-0.55853541701129
5.31203754469932,3.77578288389203,0.713381496092863,-0.439248541552227,-0.0535490172966301
3.01884075904429,4.10983345378061,-0.643954584789338,-0.476781585898898,0.791698347883153
5.30659832946966,4.87692410457587,1.90697884508743,0.770015327930099,0.0195059345615954
3.27913179918824,4.32069857429817,-0.602683710987959,1.7330991946095,1.14651044654177
4.39515156991718,2.62364804392259,-0.996579043576052,0.69350321465379,0.881478320583857
3.76253751244816,3.72816864728009,-0.461620700164286,0.213176319533527,0.974843708601178
4.83312670984907,2.17073656113556,0.302445244887576,-0.143460849235371,-1.48657368789035
3.54611133689488,3.22941485324924,0.304202204004052,-0.211131582769304,0.862663148208045
3.12667646347402,4.48037677753477,1.27483863832982,-0.600990955241304,-0.755990147493017
3.74847844706201,2.28401828219543,0.467244597933045,0.0818201469635109,0.500828874553598
3.96890420125074,4.06546511264457,0.166849787438758,0.378273817481613,0.475040411275706
3.96197670565745,3.11637863984994,0.431009806482653,-0.40558732409642,-0.832793452313765
3.7290228640359,3.94335362882474,-1.4537836425338,0.665907998447767,-0.251216661849698
5.77966538549797,6.24671878871585,-0.517353880814485,0.814436607850154,-0.641603860498802
3.73571569692359,4.51318467123271,-0.361198313361204,-0.353350572521757,2.52384041752876
2.87024613461253,4.18954476348789,-0.396415685172199,-0.709951178946407,0.737415217513708
4.20567351066902,1.93862973085099,0.645597310019028,1.67561793274535,-0.672817849199645
4.33357499977069,2.53744753813219,0.236738845431222,-0.588800999877051,-0.433694585059229
3.7282505190275,4.56261281172642,0.780354660619588,-1.08595864460067,-0.18785101013021
3.85714640927303,3.56358453311893,0.479800466997477,-0.17104258027877,-0.94158877239073
6.00006926606313,4.07672697333934,2.36885625166104,0.309840172553317,-0.208038179416523
4.17304967309372,5.24671067626806,0.0334361520219555,1.6618582493005,0.796792816192245
2.90032795552164,3.67588430682249,1.49181187768098,-1.4340777332468,-0.916779933666762
2.53721751167881,4.99373905691239,0.794452334637831,-0.911521768523217,0.971684435554134
4.65370543155957,3.50675262130902,0.567438392354138,-0.116611675918104,-1.08660797073599
5.22269076913801,3.75802249728093,1.24217568706009,1.0588112120152,-0.141965823278653
6.02898719282503,3.64619347292265,1.04914416322541,0.693568177829769,-0.441713878692954
4.73922027721498,4.63793156781026,0.346533009202471,0.779720852386427,-0.120279903455863
4.10129950907684,4.89959638337496,0.753989375711541,-0.319240605882977,-1.37660238778412
2.17585064316089,4.83784531660184,0.84644656915837,-1.31806310913963,-0.27763688450187
3.85307871892054,3.94303429939038,-1.02188815183076,-0.172208681935373,0.825340575540872
3.92798912197539,4.42847401550745,-1.09723868959035,0.85352846234571,-0.181555120781052
3.62787565570773,2.71057082827686,-1.90056138831195,2.33311688906491,-0.148303906113644
3.16209998618292,4.86150472436367,-0.0829472383457363,0.431940268300412,-1.79024645170761
3.99528404770355,2.38897312119738,-1.08518831658534,-0.726862744618617,-0.113550750118277
4.11909557238427,5.6451723390584,-0.715623516722197,1.45557997821017,-1.04759696638974
3.89752202165016,4.29132624733503,-0.144610907000534,-0.529341807494385,-0.82599622006428
4.8578991532707,3.67541707848629,0.444926007778935,-0.00238334534947432,0.602407646962382
5.28050337829834,3.94053150541134,-0.579040507541263,-0.0194415829192982,-0.108121374401766
5.08073984223988,3.24942860434719,-0.507189130538736,-2.23926900720539,1.22716455779228
2.63413065087851,4.31882845692616,-0.0634520622156241,0.13207747357314,-0.121550239872317
4.91245431911796,3.45724897624488,0.0566624244886023,0.572996443081221,-1.11649136889947
4.67443279153728,3.0192331584589,0.73252956578854,0.283962926427908,0.914721244657905
4.25910969971571,2.61065119817474,0.602916897577339,-0.257641169186065,0.0247434052911513
4.65749190396122,4.91077323526679,1.4143442279303,0.741352115865447,-0.831099046018469
4.77592627341689,3.79037506157029,-0.388469664752274,0.207885106096576,-1.69641147235221
2.73729839613055,5.10986986446561,-1.60524963925459,-0.800965335164424,-0.3506610586352
4.15824324707741,4.31155882904581,0.422210100469298,-0.0705288924267394,1.72689989002558
3.47340549169864,3.61834836494117,0.679513227441684,0.73049594174601,-0.668977945818284
6.24130393964282,3.36116319068417,0.769403717024614,0.739904598305113,1.13262532965927
3.06420566446377,3.86376055124691,-1.07603650383407,0.14658369023304,-0.952158194011551
4.70660821999414,3.63384002772098,0.410069012621298,-0.836942778271069,-0.179522520327321
3.32012733504698,5.66855188178875,-0.243121263140126,-0.700824469141483,-0.0215689396846454
2.60178330217119,3.66293344697773,-0.255830301414594,1.08664818098645,1.07634841457849
3.73062751967782,3.43148282385416,1.05377476038976,0.325215877799342,0.362187078466436
3.91326202138887,5.18403301731915,0.422677192529549,-0.321187201568091,-0.286092343867593
4.70634095646185,3.87987874797051,0.811671689445297,-1.3628630559918,-0.134076223294506
3.66467823133276,3.74803633598353,1.0645295040953,-0.981832290010122,-1.34505285779974
6.02671017551917,4.72114749269319,0.0922359485894981,-0.790564372975026,0.784824670924174
5.23703151759803,2.7063970344244,-0.198831089074502,-1.58317645897318,-1.69915256492294
4.10247837331556,3.94521911957586,0.102339525305063,0.719870594006862,0.662971747491833
3.44644245764369,5.19108556203782,0.152876000318435,0.245511122117521,1.02454260895294
3.66137233249191,4.90364881987484,0.672884555580627,0.274788274447653,-0.384853212052179
3.69210735434766,4.71841416479756,-0.0274603028677352,-0.749251536322391,0.379222437448299
6.84848252368519,4.56047505959333,0.309122817215219,1.57962478591778,2.02553832787867
5.27949276632935,3.05999428573004,1.16911177260878,0.599567132373956,-0.298588019753814
3.36995197807656,4.43515642369199,1.53500972967607,-0.463138199778486,-0.330747590504846
3.7322466588272,3.25189991224688,-0.255345865729737,-0.946023090593157,-2.08052447507369
4.40957511500834,3.34508541557058,0.318780724507372,2.12028155399939,0.888164677761073
4.78090725336062,4.33488632981407,0.341237316257704,-0.991806926509375,-0.189789448379463
4.60864053232921,4.28926843664017,0.202266070074374,0.483658480261835,0.790309305376353
2.38327000433079,4.41305595843131,-1.72594358729289,-1.83216600502483,-0.586503591830175
6.00039081924725,4.35938477821722,0.747707973294011,0.783750449298173,-0.351048514877339
4.22424980407679,4.50241465148372,1.02302985852177,0.175964338809163,-0.78525270355544
4.39688972108033,1.90351051192561,0.188341118457551,-1.15499045058249,0.322598808692809
3.62694109640395,2.51567279760396,0.111373784108493,-1.31235614531228,0.470552925322111
5.48994325816625,3.98622727196422,0.80024900704623,0.394762571429269,0.483961336968293
3.24141561572953,4.21294887554315,-1.80818968538776,0.680425583565785,-0.29233480902606
4.52292868377142,4.66637622916066,0.295434014392043,1.38183590388077,-1.73094025322861
3.62402242757246,4.74344168394427,-0.00302748349134383,1.22754722579252,-0.738324854535556
4.90853646800206,4.76264589564452,1.30948151840676,0.240776669687432,-0.742518576214947
4.3162052281693,4.93577318237663,-0.511250405003324,1.00037676576025,-0.63030039672176
4.70246300725062,4.28566670358974,0.00430659687344128,-1.18451557690499,1.42186242769885
3.66580884666225,3.61152615898814,0.61220551789321,-1.32967440807887,-1.65619293526426
4.99647373481065,3.84694232699179,-0.407977484141118,-0.682505653811284,-0.110109799372394
3.66681583914692,3.46931762839078,-0.0332165879734749,-0.879674974776521,0.0156826422755738
2.18691766556505,3.79141813588215,1.28252502443606,-1.40863040405161,1.18347555948712
3.98830706600316,3.98693516866627,2.48018332093177,0.324320576347822,-0.550016797367882
2.83625846053154,1.8247302473425,-2.6163529734871,0.6019010839344,-1.27080126390247
5.23791572417457,3.48029714029951,0.939021213118691,-1.2277802003404,0.136827997273794
4.19231889234552,3.12268752708271,-0.171626630539575,-0.894134010475479,1.70007526354912
4.51008624008833,1.09685193200623,0.554012922376911,-1.87813878237147,-1.11720641005764
3.56550613088535,3.44665256580537,1.51106656336066,-0.0143891169468054,0.861915600645574
4.08926175405053,4.43842047022452,-0.595909102506171,0.701240025922475,0.508466898594389
5.93213843550502,3.20064794850722,0.577921662145614,1.28923663623288,1.74085817650605
4.23776670558154,3.82025346639662,1.33227169206803,-1.18220710156662,-0.197414845476757
4.1113239276561,4.08683342086688,-0.612102070780903,-0.498298508183922,-1.42345557293738
4.94020047996446,3.90142845161167,-1.45079702455958,-0.240438839424223,-0.524059538056046
4.36420556594571,4.532496913567,0.350520760331824,2.28144783009607,-1.44743601299185
3.55221652299459,4.12306731260021,0.764799799947598,-0.174518641905908,-0.0529077555425455
5.07372523931927,3.4495731729136,0.485039037582352,0.247867854635777,-0.961080968011516
5.21055111348625,4.00405160460294,-0.542600555609829,-0.505002721090124,-1.24142421778358
4.28455907049384,4.57702458652854,0.894580505841352,-0.283089363311387,0.552218668121162
5.08555376656786,4.69222627039742,0.636350611414182,-0.439847084892993,0.463544901542812
4.47303754564847,4.71940785343977,-2.04922689573466,-0.778948928352877,-0.90792521088049
4.2761205857457,3.09661039520936,-1.63267875449004,-0.0552603896445159,1.27895832540127
4.40071071962557,3.8280922685126,-1.32164426417913,-1.54232504110027,0.198060087788589
5.54239911719995,2.40597381987381,-0.387022193721368,-0.00685443136866388,-0.0484347784816408
3.46900042579731,4.17310003836218,0.519513189216674,2.99061442284827,0.800258731073239
4.37522691830293,3.86604451348499,0.0890752288228904,0.0724735151318104,0.435880403083165
4.92029264718451,3.50321176326483,0.361725165687827,-0.722915350551843,0.412192421926186
4.08580363743416,2.96142504893793,-1.49168043230612,-1.452787729937,0.482980751904375
2.87700600368145,3.94178731187948,-0.641526733829831,-1.64850089615761,1.26917675132618
5.23245621560359,3.94654388273959,1.95612171652993,-1.38929499355304,0.536560413423919
5.77852465496284,3.86573366526515,0.16321388399849,0.192392699054914,0.886611247891947
6.09618035531095,4.81427736447923,0.569429546305369,2.01533074872459,1.58698042613068
3.23514682988275,5.83049625922684,-1.10111673936268,-0.0262817220588892,2.07792713507598
4.72396290657667,3.1651060612288,1.79358359776567,-0.122388251728878,0.392433298860042
3.82700767067964,3.46854275638779,-0.23150658895408,0.137666785375656,0.85939075730158
3.6198430470351,5.98079562017658,0.540662602657748,-1.31311321016116,0.646461811423999
5.29872690756912,3.15137079585929,-0.554758326861914,-0.0681930391898849,-1.49603043669334
5.44462175738158,2.89221746864517,-0.769010901350896,-0.816868352686832,0.0655607660300488
5.25341624312452,3.03350416984289,-0.839203920639051,-0.818145807417899,-1.70343407399307
3.68898247632383,5.93354661818722,1.93171388273901,0.341309209830087,-0.621987822795411
2.96024876120597,2.93705505476426,-1.87812681953199,-0.639003391791332,0.529044365537946
3.57592971262929,4.7327143466306,2.12702190573987,-1.18891490600439,1.56719847074822
4.56694101633136,3.38770483741562,-0.703460137957976,-0.785320369096727,-0.627752531333041
4.56412613869465,4.24945259816761,0.04814267843246,1.38317125307848,-0.0924130133528427
1.28940511866916,3.5653858809181,-1.60976367187033,-1.14542102984926,0.431151905399747
2.14917308461584,4.74130474652946,-0.279458415110157,0.21852137608472,-1.68645354012749
4.3454049130603,5.22305249261117,-0.818592677021276,0.0286196251806532,-0.834762535693803
5.10843765220016,1.42420788872689,-1.29658139255803,1.03494743673573,1.03032772217365
4.13104812747055,3.69317144314282,-0.323813905312999,0.930692974180632,0.341930220820337
5.17445661269486,4.75427252355966,2.63496823340859,-0.49323829047284,-2.1393970827707
4.61736485001285,4.40093001290415,0.0334561866796804,-0.0699119626242304,-1.30632737299239
3.82668857303161,2.7368321973819,0.164415474735346,0.794046391298708,0.194952472534646
3.59572276779016,5.63604938669849,-1.53628805546619,0.91997804998674,1.61270660681809
5.58783619382698,2.86029068025528,0.122801909946264,0.848542872695483,-1.24936101786093
3.0598414863431,5.89962693944917,0.42321683714265,-0.347878994058414,-1.20493780648091
4.82433845194759,3.55965449625354,0.797806998939639,-0.635707446801801,0.313086291879264
5.51049405720553,5.04908946256203,0.122731069279829,-0.219703511859914,-0.395154825520293
4.26061022910045,2.63228030544574,0.955999186985439,2.06794260445089,0.386630987045849
2.37327156731321,2.97030412907177,1.15948818482806,-0.30591835192864,-1.69179556463412
6.3942657443828,3.65913174793365,-0.10691276213745,-0.434783071823266,-1.0341510961123
3.41461613237661,4.49460407104963,0.0420444664170753,1.11810111017566,-0.782330218751836
4.91748221900261,2.85454668082835,-1.20110072566788,-1.67010416323483,1.67642730384717
4.99301332485208,2.13506420100922,0.420000072894733,0.34090704539501,0.657269933471415
3.23420420225317,4.6016996258463,0.681613589379545,0.913083211190015,-0.696969241658976
3.34231778569313,5.3044648901545,-0.526096201537763,-0.353000144948857,-0.334058392730177
4.35009235031814,3.6870434346738,-0.579692161562887,0.0239782907024899,-0.801698351188034
2.24182764389239,3.61427104839461,1.22222064098807,1.01683773336301,0.483810646202296
3.81606470258665,3.77726526678789,-0.316635961322556,-0.85461574035859,1.7525909790836
5.42002729664421,4.7932071469886,-0.720788935165203,-0.195004445999729,0.466562971666072
5.00181466032863,3.22634035299714,0.433664868978884,-1.05763796994585,0.75850249965963
5.15718137154556,5.08378975504614,0.168219601079226,-1.47554471468288,-1.24798609087347
5.1454620515731,5.54102235924553,-0.21949822500399,0.364859933337365,-2.06443513847368
3.44267266754609,2.53690171385274,0.0774103146291295,0.0458041910172567,-0.543377285560029
2.43909510620026,4.85928241925611,0.8761706094174,-2.19972774121183,-0.528368879749438
4.22985520304583,4.25759532633967,-0.181818405470746,0.374678861356496,0.515401162296472
4.02520516982927,2.92913525411936,0.804945574547054,0.593255713504054,-0.105096994716903
3.88317361180097,4.98261686320041,-0.699360994699784,0.773943703247021,0.274788180523805
3.15989717638426,4.38799063571237,1.09151738548721,1.48189774621282,0.472657135044234
4.57717124731569,4.90939930885944,0.190592826655248,0.201974033769065,0.338256254873053
4.57604536993848,4.79342504501143,-1.60210257872592,0.614677673318711,1.43356272496144
2.35835931554585,3.74717460837764,0.428010799731489,0.246787655266616,0.247689582617605
3.48163890022087,3.40657886476898,-0.0236789224847897,-0.428079590128202,1.2569631178595
4.26576774608151,4.20351903954409,-1.10108103580109,2.05026199987266,0.637918270639885
4.21814136960338,2.80811300411261,0.441059309867542,0.865620755290824,1.16401833213657
4.23052820343052,3.23890223408143,-0.467282172931066,0.920769333762231,0.337369754881313
5.43041281991188,4.11501302968531,1.67353424148952,0.841735913572879,-0.363765556406014
5.53058642763502,3.93631849023441,-1.32063946335044,-1.51169413902089,0.169488424930477
5.11552132662289,3.72114550656039,1.51661471208405,0.540392944612306,0.424766267809012
2.11693998970839,2.91357036320243,1.38506551089373,-0.0444859273978744,-0.343437730688545
4.23539691688838,3.13994247694905,-0.517404897930213,0.172385671850701,0.0103737177482045
4.15960555649564,2.49123329728465,0.0303359267928963,0.462276611153766,-1.9799113628067
3.73288626447741,4.55813398670656,-0.432707999355685,-0.488696644414468,0.458320811263144
4.85192388692086,4.48797072145133,-0.0635915293692659,1.11091493230911,0.0703597728980849
2.86666784989731,5.50493142272504,0.900344815982866,0.791193757237001,-0.22802238717866
4.46505610368185,4.2364388584156,0.175566240346146,0.942487474068172,0.212262410068616
2.21012544142875,3.55943258532858,0.389372728591814,0.207920448800856,-1.12354790223116
4.34931964723182,5.12489935473302,-1.29978894662803,-0.479047147765725,-0.155996755846625
3.58571903551632,3.97023157864506,0.299926417085506,-0.802132448808207,-0.679688427063776
2.95613331233117,3.45318603608917,-0.580466691164024,-1.20863586766992,-2.38027435027206
3.7134387089571,4.87165048092327,-0.766775382005063,-0.0207364211844148,0.084231444603537
5.14273192181294,3.48464382685285,-2.62340527292528,-1.711456670648,0.113432780366059
4.36827246932436,3.6781389117954,-2.68186729205499,1.94607465783722,2.21559259025156
3.46495282399668,3.72064325937478,0.208387387764275,-1.58328111719068,-1.08053970885508
4.34431263589868,5.42632899971248,-0.562220416639447,-1.28744449314358,-0.889367880703648
4.98324554459938,5.65047050230031,0.0717860656178091,0.489146542183678,0.434519289417481
3.46619793801638,4.24956839557606,-0.980726960707603,-0.780663290127709,0.26242256019901
2.19897252821063,3.64584958009813,-0.980597227942639,-0.632999523308831,-0.268760355113641
5.84452126783019,4.55030786469094,-0.254236967253618,-0.445650004115386,0.209199038705394
2.87187439222418,2.31702243894583,1.89734791884976,1.03836511372678,-0.469872589575824
4.72530676716965,5.45393487713187,0.898550416067542,1.88776749599026,0.885715173183674
2.87849409250298,2.44574898121154,0.838518839411729,-0.221130092007079,0.147932638229193
4.33962761603087,3.84673352572949,-1.15057411117114,-0.0424450524183973,0.721795652232719
5.3473574411897,4.98003562608253,1.33336886898422,0.27056297761884,1.45296184600293
5.55256745774283,4.01522012023251,-0.63302553660895,0.0772089043513324,0.558766167634381
4.02908078999041,3.44886785218082,-0.975525180050172,-0.290517726876851,1.72735189282243
3.3774934617052,3.18815921759874,-0.431733023510746,-1.78844010975169,-0.274389350681685
5.30412839009638,3.72197828385715,-0.340851846360566,-1.73347189631245,0.489823766369234
3.85901713329187,4.78467622589748,-1.47924689947601,-1.34154465093279,-1.55957071282621
5.27770488218584,4.90659176262437,1.77341550767512,0.626013029344502,-0.329306175157895
3.79432021195932,4.66611391240426,-0.0668899568528086,0.36468327440113,-0.662207225783463
4.53131809385473,3.43818420773487,-0.960016773551615,-0.429200131908354,-0.447190892166416
4.12017156559518,3.57713797279059,0.610655529051866,-0.381784710759131,0.652105154836697
2.97398312744085,2.78410541050598,0.51508347328071,1.22052880244539,-0.668281972141743
3.62004277317839,3.96798592783848,1.42672972955393,-0.601846565216124,-0.314789986871459
5.51746305285413,3.17084205520741,1.43361921668974,0.612196223383179,1.32210598679896
3.08832061532526,4.32831530792827,-2.53347829713754,0.67801274386533,-0.0842202726746274
5.71740190938295,3.71234971083147,0.268605016991346,-1.5815468560497,0.794249117982494
4.96474780515173,4.15546981792753,-1.57234641743326,-0.075958108256554,0.420826309507496
3.49720555087439,4.64536811404498,0.540111103456187,1.64814126694101,0.0696341179823724
3.69483715968012,5.24701098198145,-0.696804929668268,0.90341936475695,-0.792533811880956
3.97686340749795,4.53924359286114,1.22904296222975,0.565327666608786,2.47309154250178
4.94635062751869,5.5873735693724,0.557226616205005,0.339704600645442,-0.980515421120881
4.07020794443433,5.44944696879289,-0.119841852488617,-0.268597282580419,1.7276311795765
5.48149452716359,6.43302706366136,0.689943999023824,-1.31566667820523,-0.0879421650650542
4.61746376390083,4.1573882892856,-0.0645498480958358,-0.744647013161595,-1.31730709689128
3.58513617385061,4.26575323477775,-1.24944140997074,-0.808199364309452,1.02031903908515
4.38164820541599,2.10159571425721,1.80790066799787,0.29605095466326,-0.429330885672983
2.27640543723952,3.28183905241519,-1.34877982596977,1.01708338485243,0.472810539776326
4.87019698046997,2.99016516021718,0.649788953807513,-1.04808503250342,-0.474102067624292
1.98829500693166,6.00616203091818,0.67947955425441,0.976487470599855,-0.59506089211222
3.57829021461141,5.26529516738637,1.7214017581692,0.045608097960662,1.57121663998233
4.37728154970311,4.64963070926909,-0.605703640501069,-1.59423817963134,-0.125736702578935
4.48330719063295,3.68909206047287,0.0264704131924513,-0.643266001316456,0.694650264518704
4.58760204177658,4.62656357890086,-1.29513733292193,1.28170862589383,-1.06821444936095
3.92348413370129,4.90936628404286,1.46467950228988,1.39026457248852,1.51129740439206
3.15258490528158,3.52900372396468,1.72790439444142,1.73366105019467,1.02936208734502
3.17439935608815,2.90818694668152,0.469164433357689,-1.03791646528722,-0.0206084327469021
5.32437225337521,2.73712058559732,1.08837980802039,-1.28777736039865,0.700911109452237
4.97579265961404,4.15737497092285,1.45541564489285,0.434728548675716,1.71827780947825
4.0165871838468,1.99267146413196,-0.471702894753695,0.713574855038063,0.990990985806625
3.41732870129824,4.14093362300842,-0.162277452223249,1.62098194977812,-1.5194686901631
3.60124587401747,1.85505905981485,-0.561519567716272,0.333400407968999,-0.0801364156375652
4.74934531391619,5.09207505433671,0.103818288200138,-0.880769711793177,1.89830476213764
3.73411279690341,3.18369019137367,1.79953138416692,-1.96147210497501,1.28267440730398
2.86216952780744,3.73497447909513,-0.969437793680217,0.0761438071757406,0.0767234413063368
3.69403754040136,3.78266321544061,-0.520715778345857,0.351792501102296,0.250491404182036
4.68370185978456,5.09502658587075,-1.03363775915513,-0.330171394968986,-0.830132672867101
6.02407342261313,3.41284203819109,2.44590686498373,-0.885334135148129,-1.24542301875597
4.90567341394009,4.88761042258806,-0.808093635510596,1.31806958721038,-1.43500322075959
4.29077914603486,3.58418626721083,1.40912228746794,1.25165140793132,-1.11754683858194
1.91869971285529,5.32446067902723,0.0604613527850298,1.08999857476397,0.0156437565064909
4.07299353755167,4.84384102568747,0.1149932543615,-1.10742278221991,-1.2642215431981
3.08983432144053,4.87388587127562,2.58808719542998,-0.915233261627497,1.12361866032836
4.66018237343714,2.59878771601045,-1.76869963528289,1.65266529841153,-1.09569066278969
2.75058118179242,4.72471985718795,1.15068074274893,-1.28475550245402,-0.479088464540304
4.69738151051052,4.01066746028522,-0.549380253048713,1.21274848312787,0.467377063102569
4.82374542177154,3.29354221011788,1.73880627194258,-0.585620920947196,-0.837467140073474
2.96707062613164,3.95711944956408,-1.15799687586992,-0.935014256148653,0.121194602878568
2.89371570542675,4.33554721901647,-0.401286385739903,0.467706915531995,-0.90708977137455
5.42711129114421,3.63697543201085,0.300876410026714,0.613420324032783,1.33141144716316
2.81985820842513,3.76360481793881,0.69553028344062,2.04164593491107,0.0515291471281021
4.31103564103833,2.96787688083392,-0.729244447210921,-0.52304872423853,0.331776536052231
2.66619094412149,3.1913511901436,0.0786796570767164,-0.0657234790114633,0.126362617944492
3.74804561222866,3.48443312673892,1.56879833147834,0.63544901567962,0.261322145559636
4.52100203384893,3.91266116052221,-1.32201802623281,1.20046256249384,0.714723019733296
3.75414292132956,4.96888035842948,-0.43848860620573,1.47586139370869,-0.220874693739474
2.78415861847655,6.21769002850085,-0.897474411275581,0.938158723533408,-0.149602064450372
5.03749916076399,3.59019194254347,-1.1993971785631,0.575314080616771,2.67210533798019
3.96790762531199,3.35686896584484,0.0964821121182734,0.662584905049181,-0.217567619828554
4.32138561195864,5.03583107263823,-1.39573933144857,0.785152333665142,0.145046587580192
2.72977516926055,4.31180272864436,-0.292003743195404,0.312995302381852,-1.65941980894343
4.00512275257034,3.86317960067558,-0.35519824064762,1.24519010475258,0.677967419068182
2.86092383692816,2.89584908190681,-0.66463419664269,-0.926273799096247,1.53996936364371
3.79187678693418,4.25109898640431,0.000987664734971362,-0.669455580138261,-1.02304717595387
5.46689411325168,3.16818559806488,-0.29736068292412,0.218814735486701,0.597878880329142
6.15723711452382,4.8752722549597,-0.392607524828649,-1.00770293115617,-0.0743087190321324
4.23651573264927,3.82686948134533,1.01906443354013,1.05274694433333,0.901635716559809
3.50017731697127,3.39459240267819,-0.00203126408591376,0.223845202439477,0.409185550168296
3.27009174918161,4.1170913698086,0.539492428909869,1.56394766035917,-0.543204416258531
2.53205183188892,4.49238755824021,0.790174953769143,-1.30573367030353,0.544319419709361
5.93114258774813,4.77075165983247,0.459772736204773,0.518022123746305,0.898980693448205
3.69320685516517,3.78561157888741,-0.77272615159076,0.188768653992487,-1.406433733369
5.01796291633742,3.94903859932105,-0.0758984617014057,0.426799084546827,0.236154039215948
3.31972005422291,4.37719110600311,-1.15391944051998,-1.33496412096865,-1.46350698686123
2.12880194735629,5.00598881614817,0.30374765984903,-0.864789542008968,0.580195641943591
3.89532716893465,3.38346212781134,1.42622248452209,0.592368360046178,-0.345122504604637
2.44097739531194,3.23804912630316,-0.42704484890154,1.20202124874466,-1.13029981224082
3.41485554414281,3.00826770678024,0.685327155400062,-0.375002167842731,0.310036328503205
3.21229331749957,3.62555644738464,0.280426334228956,0.113855546350276,-0.0268936804562209
6.09731559106646,3.64492344203741,-1.13368594274808,0.668880722213952,1.68292600622557
4.28295001944247,4.21138316188525,-0.081870533028444,-0.940184049186643,0.188994234688173
4.45710536004514,2.811560796679,-1.17804171312233,0.488362178497006,1.50171004982411
5.41938868799932,3.13879140029046,0.667671544679867,-0.677968869780993,0.169277306932577
5.56091124300268,4.04168727319158,-0.816586972605544,0.0503560270641809,-2.05301655094468
3.43584864819325,4.94069219087755,0.639559404674365,-0.396016202213343,0.167329821591774
4.39911812660218,6.74735137510552,0.0896863802343592,-0.365222596410366,-0.32467835600717
4.86870080058405,3.45504827124097,0.429901436894697,-0.979169157994424,1.07646267375241
4.87133939980295,3.27952590031426,-1.50958226817912,-0.0355324980339814,-1.20461469050868
3.69253994087288,3.72114982244475,2.30569282559513,2.08554421319546,0.451443981710914
4.40935437335136,5.38516677015273,-0.246080409121289,-0.508165252944097,1.16447452690547
4.40626765985474,3.46488237125687,-0.773848915447725,0.894701049976385,0.281118537513867
4.45377025928674,3.96382104660456,0.170893883128298,0.894887970211975,-0.409453416947735
4.56676445921563,3.51916766886182,0.500642709094347,-0.282306474994185,-0.266376675725177
3.91252156429811,3.57771532579142,-1.88854252333267,0.0264853808698341,0.912227391922475
5.56348406566338,2.78236798656463,-1.12095320187585,-2.26001347460264,0.557328032320223
4.3663711593291,3.54888125410564,1.43787754557361,1.1758470178302,0.28335798024127
5.94670789344996,6.85332808954942,-0.0388603948878968,0.0354034526701396,0.544050014610738
2.51313024964609,3.86813588671195,-0.472337241173932,-0.583304133745778,-0.0281629828087094
6.44390570687431,5.18722632496131,0.523444339904325,-0.464970812836898,-1.51682112455731
4.75908883015384,3.214550640017,0.112544159558043,-0.960822853834297,0.402387353526712
4.3383167985632,5.81923388021562,1.02571106154515,2.37505310048028,0.603478075074608
1.87324189981324,2.6589757123076,0.0709877371686571,-0.391693719610031,0.408679082382666
3.31228171724967,1.9406724642678,0.705118443640063,-0.0563788046079481,0.9167498906078
